School_name,school_section,cca_grouping_desc,cca_generic_name,cca_customized_name
ADMIRALTY PRIMARY SCHOOL,PRIMARY,ART AND CRAFTS,CLUBS AND SOCIETIES,VISUAL ARTS
ADMIRALTY PRIMARY SCHOOL,PRIMARY,CHINESE DANCE,VISUAL AND PERFORMING ARTS,
ADMIRALTY PRIMARY SCHOOL,PRIMARY,CHOIR,VISUAL AND PERFORMING ARTS,
ADMIRALTY PRIMARY SCHOOL,PRIMARY,DESIGN AND INNOVATION,CLUBS AND SOCIETIES,
ADMIRALTY PRIMARY SCHOOL,PRIMARY,"ENGLISH LANGUAGE, DRAMA AND DEBATING",CLUBS AND SOCIETIES,ENGLISH LANGUAGE & DRAMA
ADMIRALTY PRIMARY SCHOOL,PRIMARY,FOOTBALL,PHYSICAL SPORTS,
ADMIRALTY PRIMARY SCHOOL,PRIMARY,GIRL GUIDES (BROWNIES),UNIFORMED GROUPS,
ADMIRALTY PRIMARY SCHOOL,PRIMARY,GUITAR ENSEMBLE,VISUAL AND PERFORMING ARTS,
ADMIRALTY PRIMARY SCHOOL,PRIMARY,GUZHENG ENSEMBLE,VISUAL AND PERFORMING ARTS,
ADMIRALTY PRIMARY SCHOOL,PRIMARY,INDIAN DANCE,VISUAL AND PERFORMING ARTS,
ADMIRALTY PRIMARY SCHOOL,PRIMARY,INFOCOMM TECHNOLOGY (COMPUTING),CLUBS AND SOCIETIES,
ADMIRALTY PRIMARY SCHOOL,PRIMARY,MALAY DANCE,VISUAL AND PERFORMING ARTS,
ADMIRALTY PRIMARY SCHOOL,PRIMARY,MODULAR CCA (SPORTS),PHYSICAL SPORTS,SPORTS CLUB
ADMIRALTY PRIMARY SCHOOL,PRIMARY,ROPE SKIPPING,PHYSICAL SPORTS,
ADMIRALTY PRIMARY SCHOOL,PRIMARY,SCOUTS,UNIFORMED GROUPS,
ADMIRALTY PRIMARY SCHOOL,PRIMARY,TRACK AND FIELD,PHYSICAL SPORTS,
ADMIRALTY PRIMARY SCHOOL,PRIMARY,WUSHU,PHYSICAL SPORTS,
ADMIRALTY SECONDARY SCHOOL,SECONDARY (S1-S5),ART AND CRAFTS,CLUBS AND SOCIETIES,
ADMIRALTY SECONDARY SCHOOL,SECONDARY (S1-S5),BADMINTON,PHYSICAL SPORTS,
ADMIRALTY SECONDARY SCHOOL,SECONDARY (S1-S5),CONCERT BAND,VISUAL AND PERFORMING ARTS,
ADMIRALTY SECONDARY SCHOOL,SECONDARY (S1-S5),DIGITAL MEDIA,CLUBS AND SOCIETIES,
ADMIRALTY SECONDARY SCHOOL,SECONDARY (S1-S5),ENGLISH DRAMA,VISUAL AND PERFORMING ARTS,
ADMIRALTY SECONDARY SCHOOL,SECONDARY (S1-S5),GUZHENG ENSEMBLE,VISUAL AND PERFORMING ARTS,
ADMIRALTY SECONDARY SCHOOL,SECONDARY (S1-S5),MEDIA RESOURCE LIBRARY,CLUBS AND SOCIETIES,
ADMIRALTY SECONDARY SCHOOL,SECONDARY (S1-S5),MODERN DANCE,VISUAL AND PERFORMING ARTS,
ADMIRALTY SECONDARY SCHOOL,SECONDARY (S1-S5),NATIONAL CADET CORPS (LAND),UNIFORMED GROUPS,
ADMIRALTY SECONDARY SCHOOL,SECONDARY (S1-S5),NATIONAL CIVIL DEFENCE CADET CORPS,UNIFORMED GROUPS,
ADMIRALTY SECONDARY SCHOOL,SECONDARY (S1-S5),NATIONAL POLICE CADET CORPS,UNIFORMED GROUPS,
ADMIRALTY SECONDARY SCHOOL,SECONDARY (S1-S5),NETBALL,PHYSICAL SPORTS,
ADMIRALTY SECONDARY SCHOOL,SECONDARY (S1-S5),RED CROSS YOUTH,UNIFORMED GROUPS,
ADMIRALTY SECONDARY SCHOOL,SECONDARY (S1-S5),ROBOTICS,CLUBS AND SOCIETIES,
ADMIRALTY SECONDARY SCHOOL,SECONDARY (S1-S5),RUGBY,PHYSICAL SPORTS,
ADMIRALTY SECONDARY SCHOOL,SECONDARY (S1-S5),STUDENT LEADERSHIP (COUNCIL),OTHERS,
ADMIRALTY SECONDARY SCHOOL,SECONDARY (S1-S5),STUDENT LEADERSHIP (HOUSE),OTHERS,CYL
ADMIRALTY SECONDARY SCHOOL,SECONDARY (S1-S5),TRACK AND FIELD,PHYSICAL SPORTS,
ADMIRALTY SECONDARY SCHOOL,SECONDARY (S1-S5),WUSHU,PHYSICAL SPORTS,
AHMAD IBRAHIM PRIMARY SCHOOL,PRIMARY,ART AND CRAFTS,CLUBS AND SOCIETIES,
AHMAD IBRAHIM PRIMARY SCHOOL,PRIMARY,BADMINTON,PHYSICAL SPORTS,
AHMAD IBRAHIM PRIMARY SCHOOL,PRIMARY,BASKETBALL,PHYSICAL SPORTS,
AHMAD IBRAHIM PRIMARY SCHOOL,PRIMARY,CHINESE DANCE,VISUAL AND PERFORMING ARTS,
AHMAD IBRAHIM PRIMARY SCHOOL,PRIMARY,CHOIR,VISUAL AND PERFORMING ARTS,
AHMAD IBRAHIM PRIMARY SCHOOL,PRIMARY,FOOTBALL,PHYSICAL SPORTS,N2 CLUSTER FOOTBALL
AHMAD IBRAHIM PRIMARY SCHOOL,PRIMARY,INDIAN DANCE,VISUAL AND PERFORMING ARTS,
AHMAD IBRAHIM PRIMARY SCHOOL,PRIMARY,MALAY DANCE,VISUAL AND PERFORMING ARTS,
AHMAD IBRAHIM PRIMARY SCHOOL,PRIMARY,PHOTOGRAPHY,CLUBS AND SOCIETIES,
AHMAD IBRAHIM PRIMARY SCHOOL,PRIMARY,ROBOTICS,CLUBS AND SOCIETIES,
AHMAD IBRAHIM PRIMARY SCHOOL,PRIMARY,ROPE SKIPPING,PHYSICAL SPORTS,
AHMAD IBRAHIM PRIMARY SCHOOL,PRIMARY,SCOUTS,UNIFORMED GROUPS,
AHMAD IBRAHIM PRIMARY SCHOOL,PRIMARY,STUDENT LEADERSHIP (PEER SUPPORT),OTHERS,
AHMAD IBRAHIM PRIMARY SCHOOL,PRIMARY,STUDENT LEADERSHIP (PREFECT),OTHERS,
AHMAD IBRAHIM SECONDARY SCHOOL,SECONDARY (S1-S5),BASKETBALL,PHYSICAL SPORTS,
AHMAD IBRAHIM SECONDARY SCHOOL,SECONDARY (S1-S5),CHINESE ORCHESTRA,VISUAL AND PERFORMING ARTS,
AHMAD IBRAHIM SECONDARY SCHOOL,SECONDARY (S1-S5),CHOIR,VISUAL AND PERFORMING ARTS,
AHMAD IBRAHIM SECONDARY SCHOOL,SECONDARY (S1-S5),CONCERT BAND,VISUAL AND PERFORMING ARTS,
AHMAD IBRAHIM SECONDARY SCHOOL,SECONDARY (S1-S5),ENGLISH DRAMA,VISUAL AND PERFORMING ARTS,
AHMAD IBRAHIM SECONDARY SCHOOL,SECONDARY (S1-S5),ENVIRONMENTAL SCIENCE,CLUBS AND SOCIETIES,GREEN SERVICE CLUB
AHMAD IBRAHIM SECONDARY SCHOOL,SECONDARY (S1-S5),FOOTBALL,PHYSICAL SPORTS,
AHMAD IBRAHIM SECONDARY SCHOOL,SECONDARY (S1-S5),GIRL GUIDES,UNIFORMED GROUPS,
AHMAD IBRAHIM SECONDARY SCHOOL,SECONDARY (S1-S5),MODERN DANCE,VISUAL AND PERFORMING ARTS,DANCE ENSEMBLE
AHMAD IBRAHIM SECONDARY SCHOOL,SECONDARY (S1-S5),NATIONAL CADET CORPS (LAND),UNIFORMED GROUPS,
AHMAD IBRAHIM SECONDARY SCHOOL,SECONDARY (S1-S5),NATIONAL POLICE CADET CORPS,UNIFORMED GROUPS,
AHMAD IBRAHIM SECONDARY SCHOOL,SECONDARY (S1-S5),ROBOTICS,CLUBS AND SOCIETIES,(AI) ROBOTICS CLUB
AHMAD IBRAHIM SECONDARY SCHOOL,SECONDARY (S1-S5),SCOUTS,UNIFORMED GROUPS,
AHMAD IBRAHIM SECONDARY SCHOOL,SECONDARY (S1-S5),SHOOTING,PHYSICAL SPORTS,
AHMAD IBRAHIM SECONDARY SCHOOL,SECONDARY (S1-S5),SP-CCA (CANOEING),PHYSICAL SPORTS,
AHMAD IBRAHIM SECONDARY SCHOOL,SECONDARY (S1-S5),ST JOHN BRIGADE,UNIFORMED GROUPS,
AHMAD IBRAHIM SECONDARY SCHOOL,SECONDARY (S1-S5),STUDENT LEADERSHIP (COUNCIL),OTHERS,
AHMAD IBRAHIM SECONDARY SCHOOL,SECONDARY (S1-S5),STUDENT LEADERSHIP (HOUSE),OTHERS,OUTDOOR LEADER
AHMAD IBRAHIM SECONDARY SCHOOL,SECONDARY (S1-S5),STUDENT LEADERSHIP (PEER SUPPORT),OTHERS,
AHMAD IBRAHIM SECONDARY SCHOOL,SECONDARY (S1-S5),TRACK AND FIELD,PHYSICAL SPORTS,
AI TONG SCHOOL,PRIMARY,ART AND CRAFTS,CLUBS AND SOCIETIES,
AI TONG SCHOOL,PRIMARY,BADMINTON,PHYSICAL SPORTS,
AI TONG SCHOOL,PRIMARY,CHINESE DANCE,VISUAL AND PERFORMING ARTS,DANCE
AI TONG SCHOOL,PRIMARY,CHOIR,VISUAL AND PERFORMING ARTS,
AI TONG SCHOOL,PRIMARY,ENGLISH DRAMA,VISUAL AND PERFORMING ARTS,BILINGUAL DRAMA
AI TONG SCHOOL,PRIMARY,ENVIRONMENTAL SCIENCE,CLUBS AND SOCIETIES,INNOVATOR
AI TONG SCHOOL,PRIMARY,GIRL GUIDES (BROWNIES),UNIFORMED GROUPS,BROWNIE
AI TONG SCHOOL,PRIMARY,GUZHENG ENSEMBLE,VISUAL AND PERFORMING ARTS,
AI TONG SCHOOL,PRIMARY,INFOCOMM TECHNOLOGY (COMPUTING),CLUBS AND SOCIETIES,
AI TONG SCHOOL,PRIMARY,MODULAR CCA (SPORTS),PHYSICAL SPORTS,MODULAR SPORTS
AI TONG SCHOOL,PRIMARY,PERCUSSION ENSEMBLE,VISUAL AND PERFORMING ARTS,FESTIVAL DRUMS
AI TONG SCHOOL,PRIMARY,ROBOTICS,CLUBS AND SOCIETIES,
AI TONG SCHOOL,PRIMARY,SCOUTS,UNIFORMED GROUPS,CUB SCOUT
AI TONG SCHOOL,PRIMARY,TABLE TENNIS,PHYSICAL SPORTS,
AI TONG SCHOOL,PRIMARY,TRACK AND FIELD,PHYSICAL SPORTS,
AI TONG SCHOOL,PRIMARY,VOLLEYBALL,PHYSICAL SPORTS,
AI TONG SCHOOL,PRIMARY,WUSHU,PHYSICAL SPORTS,
ALEXANDRA PRIMARY SCHOOL,PRIMARY,ART AND CRAFTS,CLUBS AND SOCIETIES,
ALEXANDRA PRIMARY SCHOOL,PRIMARY,BADMINTON,PHYSICAL SPORTS,
ALEXANDRA PRIMARY SCHOOL,PRIMARY,BASKETBALL,PHYSICAL SPORTS,
ALEXANDRA PRIMARY SCHOOL,PRIMARY,CHEERLEADING,CLUBS AND SOCIETIES,
ALEXANDRA PRIMARY SCHOOL,PRIMARY,CHINESE CULTURE AND LANGUAGE,CLUBS AND SOCIETIES,
ALEXANDRA PRIMARY SCHOOL,PRIMARY,CHOIR,VISUAL AND PERFORMING ARTS,
ALEXANDRA PRIMARY SCHOOL,PRIMARY,ENGLISH DRAMA,VISUAL AND PERFORMING ARTS,
ALEXANDRA PRIMARY SCHOOL,PRIMARY,ENVIRONMENTAL SCIENCE,CLUBS AND SOCIETIES,
ALEXANDRA PRIMARY SCHOOL,PRIMARY,GUITAR ENSEMBLE,VISUAL AND PERFORMING ARTS,
ALEXANDRA PRIMARY SCHOOL,PRIMARY,INFOCOMM TECHNOLOGY (COMPUTING),CLUBS AND SOCIETIES,
ALEXANDRA PRIMARY SCHOOL,PRIMARY,INTERNATIONAL CHESS,CLUBS AND SOCIETIES,
ALEXANDRA PRIMARY SCHOOL,PRIMARY,MODERN DANCE,VISUAL AND PERFORMING ARTS,
ALEXANDRA PRIMARY SCHOOL,PRIMARY,PERCUSSION ENSEMBLE,VISUAL AND PERFORMING ARTS,
ALEXANDRA PRIMARY SCHOOL,PRIMARY,RUGBY,PHYSICAL SPORTS,
ALEXANDRA PRIMARY SCHOOL,PRIMARY,SCOUTS,UNIFORMED GROUPS,
ALEXANDRA PRIMARY SCHOOL,PRIMARY,SOFTBALL,PHYSICAL SPORTS,
ALEXANDRA PRIMARY SCHOOL,PRIMARY,SWIMMING,PHYSICAL SPORTS,
ALEXANDRA PRIMARY SCHOOL,PRIMARY,TABLE TENNIS,PHYSICAL SPORTS,
ALEXANDRA PRIMARY SCHOOL,PRIMARY,TRACK AND FIELD,PHYSICAL SPORTS,
ANCHOR GREEN PRIMARY SCHOOL,PRIMARY,BASKETBALL,PHYSICAL SPORTS,
ANCHOR GREEN PRIMARY SCHOOL,PRIMARY,CHINESE DRUMS,VISUAL AND PERFORMING ARTS,FESTIVE DRUMS
ANCHOR GREEN PRIMARY SCHOOL,PRIMARY,CHOIR,VISUAL AND PERFORMING ARTS,
ANCHOR GREEN PRIMARY SCHOOL,PRIMARY,ENGLISH DRAMA,VISUAL AND PERFORMING ARTS,DRAMA CLUB
ANCHOR GREEN PRIMARY SCHOOL,PRIMARY,ENVIRONMENTAL SCIENCE,CLUBS AND SOCIETIES,STEM INNOVATORS
ANCHOR GREEN PRIMARY SCHOOL,PRIMARY,FLOORBALL,PHYSICAL SPORTS,
ANCHOR GREEN PRIMARY SCHOOL,PRIMARY,GUZHENG ENSEMBLE,VISUAL AND PERFORMING ARTS,
ANCHOR GREEN PRIMARY SCHOOL,PRIMARY,INFOCOMM TECHNOLOGY (MEDIA PRODUCTION),CLUBS AND SOCIETIES,NEW MEDIA ARTS
ANCHOR GREEN PRIMARY SCHOOL,PRIMARY,INTERNATIONAL CHESS,CLUBS AND SOCIETIES,CHESS CLUB
ANCHOR GREEN PRIMARY SCHOOL,PRIMARY,MODERN DANCE,VISUAL AND PERFORMING ARTS,
ANCHOR GREEN PRIMARY SCHOOL,PRIMARY,NETBALL,PHYSICAL SPORTS,
ANCHOR GREEN PRIMARY SCHOOL,PRIMARY,ROBOTICS,CLUBS AND SOCIETIES,STEM INNOVATORS
ANCHOR GREEN PRIMARY SCHOOL,PRIMARY,SCOUTS,UNIFORMED GROUPS,
ANCHOR GREEN PRIMARY SCHOOL,PRIMARY,WUSHU,PHYSICAL SPORTS,
ANDERSON PRIMARY SCHOOL,PRIMARY,ANGKLUNG/KULINTANG ENSEMBLE,VISUAL AND PERFORMING ARTS,
ANDERSON PRIMARY SCHOOL,PRIMARY,ART AND CRAFTS,CLUBS AND SOCIETIES,ART CLUB 
ANDERSON PRIMARY SCHOOL,PRIMARY,BADMINTON,PHYSICAL SPORTS,
ANDERSON PRIMARY SCHOOL,PRIMARY,BASKETBALL,PHYSICAL SPORTS,
ANDERSON PRIMARY SCHOOL,PRIMARY,BOYS' BRIGADE,UNIFORMED GROUPS,
ANDERSON PRIMARY SCHOOL,PRIMARY,BRASS BAND,VISUAL AND PERFORMING ARTS,
ANDERSON PRIMARY SCHOOL,PRIMARY,CHINESE DANCE,VISUAL AND PERFORMING ARTS,DANCE ENSEMBLE
ANDERSON PRIMARY SCHOOL,PRIMARY,CULTURAL DANCE,VISUAL AND PERFORMING ARTS,
ANDERSON PRIMARY SCHOOL,PRIMARY,ENGLISH DRAMA,VISUAL AND PERFORMING ARTS,
ANDERSON PRIMARY SCHOOL,PRIMARY,ENVIRONMENTAL SCIENCE,CLUBS AND SOCIETIES,GAIA CLUB
ANDERSON PRIMARY SCHOOL,PRIMARY,FOOTBALL,PHYSICAL SPORTS,
ANDERSON PRIMARY SCHOOL,PRIMARY,GIRLS' BRIGADE,UNIFORMED GROUPS,
ANDERSON PRIMARY SCHOOL,PRIMARY,GUITAR ENSEMBLE,VISUAL AND PERFORMING ARTS,
ANDERSON PRIMARY SCHOOL,PRIMARY,GUZHENG ENSEMBLE,VISUAL AND PERFORMING ARTS,
ANDERSON PRIMARY SCHOOL,PRIMARY,INDIAN DANCE,VISUAL AND PERFORMING ARTS,
ANDERSON PRIMARY SCHOOL,PRIMARY,LION AND DRAGON DANCE,CLUBS AND SOCIETIES,
ANDERSON PRIMARY SCHOOL,PRIMARY,MALAY DANCE,VISUAL AND PERFORMING ARTS,
ANDERSON PRIMARY SCHOOL,PRIMARY,MODERN DANCE,VISUAL AND PERFORMING ARTS,
ANDERSON PRIMARY SCHOOL,PRIMARY,ROBOTICS,CLUBS AND SOCIETIES,EUREKA CLUB 
ANDERSON PRIMARY SCHOOL,PRIMARY,TAP DANCE,VISUAL AND PERFORMING ARTS,
ANDERSON PRIMARY SCHOOL,PRIMARY,VOLLEYBALL,PHYSICAL SPORTS,
ANDERSON SECONDARY SCHOOL,SECONDARY (S1-S5),ART AND CRAFTS,CLUBS AND SOCIETIES,ART CLUB
ANDERSON SECONDARY SCHOOL,SECONDARY (S1-S5),BASKETBALL,PHYSICAL SPORTS,
ANDERSON SECONDARY SCHOOL,SECONDARY (S1-S5),BIOLOGICAL SCIENCE,CLUBS AND SOCIETIES,ANDERSON SCIENCE ACADEMY
ANDERSON SECONDARY SCHOOL,SECONDARY (S1-S5),CHINESE DANCE,VISUAL AND PERFORMING ARTS,
ANDERSON SECONDARY SCHOOL,SECONDARY (S1-S5),CHOIR,VISUAL AND PERFORMING ARTS,
ANDERSON SECONDARY SCHOOL,SECONDARY (S1-S5),CONCERT BAND,VISUAL AND PERFORMING ARTS,BAND
ANDERSON SECONDARY SCHOOL,SECONDARY (S1-S5),ENGLISH DRAMA,VISUAL AND PERFORMING ARTS,ANDERSON THEATRE CIRCLE
ANDERSON SECONDARY SCHOOL,SECONDARY (S1-S5),ENVIRONMENTAL SCIENCE,CLUBS AND SOCIETIES,ENVIRONMENTAL CLUB
ANDERSON SECONDARY SCHOOL,SECONDARY (S1-S5),FENCING,PHYSICAL SPORTS,
ANDERSON SECONDARY SCHOOL,SECONDARY (S1-S5),FOOTBALL,PHYSICAL SPORTS,
ANDERSON SECONDARY SCHOOL,SECONDARY (S1-S5),GIRL GUIDES,UNIFORMED GROUPS,
ANDERSON SECONDARY SCHOOL,SECONDARY (S1-S5),INFOCOMM TECHNOLOGY (MEDIA PRODUCTION),CLUBS AND SOCIETIES,INFOCOMM CLUB
ANDERSON SECONDARY SCHOOL,SECONDARY (S1-S5),MALAY DANCE,VISUAL AND PERFORMING ARTS,
ANDERSON SECONDARY SCHOOL,SECONDARY (S1-S5),NATIONAL CADET CORPS (LAND),UNIFORMED GROUPS,
ANDERSON SECONDARY SCHOOL,SECONDARY (S1-S5),NATIONAL POLICE CADET CORPS,UNIFORMED GROUPS,
ANDERSON SECONDARY SCHOOL,SECONDARY (S1-S5),NETBALL,PHYSICAL SPORTS,
ANDERSON SECONDARY SCHOOL,SECONDARY (S1-S5),ROBOTICS,CLUBS AND SOCIETIES,
ANDERSON SECONDARY SCHOOL,SECONDARY (S1-S5),SINGAPORE YOUTH FLYING CLUB,CLUBS AND SOCIETIES,
ANDERSON SECONDARY SCHOOL,SECONDARY (S1-S5),STRATEGY GAMES,CLUBS AND SOCIETIES,HEALTH LEADERS
ANDERSON SECONDARY SCHOOL,SECONDARY (S1-S5),STUDENT LEADERSHIP (COUNCIL),OTHERS,
ANDERSON SECONDARY SCHOOL,SECONDARY (S1-S5),STUDENT LEADERSHIP (PEER SUPPORT),OTHERS,
ANDERSON SECONDARY SCHOOL,SECONDARY (S1-S5),TABLE TENNIS,PHYSICAL SPORTS,
ANDERSON SECONDARY SCHOOL,SECONDARY (S1-S5),TAEKWONDO,PHYSICAL SPORTS,
ANDERSON SECONDARY SCHOOL,SECONDARY (S1-S5),TRACK AND FIELD,PHYSICAL SPORTS,
ANDERSON SECONDARY SCHOOL,SECONDARY (S1-S5),VOLLEYBALL,PHYSICAL SPORTS,
ANDERSON SECONDARY SCHOOL,SECONDARY (S1-S5),WATER POLO,PHYSICAL SPORTS,
ANDERSON SECONDARY SCHOOL,SECONDARY (S1-S5),WUSHU,PHYSICAL SPORTS,
ANDERSON SERANGOON JUNIOR COLLEGE,JUNIOR COLLEGE,ART AND CRAFTS,CLUBS AND SOCIETIES,VISUAL ARTS CLUB
ANDERSON SERANGOON JUNIOR COLLEGE,JUNIOR COLLEGE,AUDIO VISUAL AID,CLUBS AND SOCIETIES,AVA CLUB
ANDERSON SERANGOON JUNIOR COLLEGE,JUNIOR COLLEGE,BADMINTON,PHYSICAL SPORTS,BADMINTON
ANDERSON SERANGOON JUNIOR COLLEGE,JUNIOR COLLEGE,BASKETBALL,PHYSICAL SPORTS,BASKETBALL
ANDERSON SERANGOON JUNIOR COLLEGE,JUNIOR COLLEGE,"CHINESE LANGUAGE, DRAMA AND DEBATING",CLUBS AND SOCIETIES,CLDDS
ANDERSON SERANGOON JUNIOR COLLEGE,JUNIOR COLLEGE,CHINESE ORCHESTRA,VISUAL AND PERFORMING ARTS,
ANDERSON SERANGOON JUNIOR COLLEGE,JUNIOR COLLEGE,CHOIR,VISUAL AND PERFORMING ARTS,
ANDERSON SERANGOON JUNIOR COLLEGE,JUNIOR COLLEGE,COMMUNITY SERVICE,CLUBS AND SOCIETIES,COMMUNITY CHAMPIONS COUNCIL
ANDERSON SERANGOON JUNIOR COLLEGE,JUNIOR COLLEGE,COMMUNITY SERVICE (FIRST AID),CLUBS AND SOCIETIES,RED CROSS YOUTH
ANDERSON SERANGOON JUNIOR COLLEGE,JUNIOR COLLEGE,CONCERT BAND,VISUAL AND PERFORMING ARTS,SYMPHONIC BAND
ANDERSON SERANGOON JUNIOR COLLEGE,JUNIOR COLLEGE,DEBATING AND PUBLIC SPEAKING,CLUBS AND SOCIETIES,DEBATE AND CREATIVE COMMUNICATIONS
ANDERSON SERANGOON JUNIOR COLLEGE,JUNIOR COLLEGE,ENGLISH DRAMA,VISUAL AND PERFORMING ARTS,STAGEWORKS
ANDERSON SERANGOON JUNIOR COLLEGE,JUNIOR COLLEGE,ENVIRONMENTAL SCIENCE,CLUBS AND SOCIETIES,STEM
ANDERSON SERANGOON JUNIOR COLLEGE,JUNIOR COLLEGE,FOOTBALL,PHYSICAL SPORTS,
ANDERSON SERANGOON JUNIOR COLLEGE,JUNIOR COLLEGE,FRISBEE,PHYSICAL SPORTS,
ANDERSON SERANGOON JUNIOR COLLEGE,JUNIOR COLLEGE,GUITAR ENSEMBLE,VISUAL AND PERFORMING ARTS,
ANDERSON SERANGOON JUNIOR COLLEGE,JUNIOR COLLEGE,HOCKEY,PHYSICAL SPORTS,
ANDERSON SERANGOON JUNIOR COLLEGE,JUNIOR COLLEGE,"INDIAN LANGUAGE, DRAMA AND DEBATING",CLUBS AND SOCIETIES,TLDDS
ANDERSON SERANGOON JUNIOR COLLEGE,JUNIOR COLLEGE,MODERN DANCE,VISUAL AND PERFORMING ARTS,DANCE SOCIETY
ANDERSON SERANGOON JUNIOR COLLEGE,JUNIOR COLLEGE,NETBALL,PHYSICAL SPORTS,
ANDERSON SERANGOON JUNIOR COLLEGE,JUNIOR COLLEGE,OUTDOOR ADVENTURE,PHYSICAL SPORTS,ODAC
ANDERSON SERANGOON JUNIOR COLLEGE,JUNIOR COLLEGE,PHOTOGRAPHY,CLUBS AND SOCIETIES,PHOTOGRAPHIC SOCIETY
ANDERSON SERANGOON JUNIOR COLLEGE,JUNIOR COLLEGE,SHOOTING,PHYSICAL SPORTS,
ANDERSON SERANGOON JUNIOR COLLEGE,JUNIOR COLLEGE,STRATEGY GAMES,CLUBS AND SOCIETIES,STRATEGIST SOCIETY
ANDERSON SERANGOON JUNIOR COLLEGE,JUNIOR COLLEGE,STUDENT LEADERSHIP (COUNCIL),OTHERS,STUDENTS' COUNCIL
ANDERSON SERANGOON JUNIOR COLLEGE,JUNIOR COLLEGE,TABLE TENNIS,PHYSICAL SPORTS,
ANDERSON SERANGOON JUNIOR COLLEGE,JUNIOR COLLEGE,TAEKWONDO,PHYSICAL SPORTS,
ANDERSON SERANGOON JUNIOR COLLEGE,JUNIOR COLLEGE,TENNIS,PHYSICAL SPORTS,
ANDERSON SERANGOON JUNIOR COLLEGE,JUNIOR COLLEGE,TOUCH RUGBY,PHYSICAL SPORTS,
ANDERSON SERANGOON JUNIOR COLLEGE,JUNIOR COLLEGE,VOLLEYBALL,PHYSICAL SPORTS,
ANG MO KIO PRIMARY SCHOOL,PRIMARY,ART AND CRAFTS,CLUBS AND SOCIETIES,
ANG MO KIO PRIMARY SCHOOL,PRIMARY,BADMINTON,PHYSICAL SPORTS,
ANG MO KIO PRIMARY SCHOOL,PRIMARY,BASKETBALL,PHYSICAL SPORTS,
ANG MO KIO PRIMARY SCHOOL,PRIMARY,BRASS BAND,VISUAL AND PERFORMING ARTS,
ANG MO KIO PRIMARY SCHOOL,PRIMARY,CHOIR,VISUAL AND PERFORMING ARTS,
ANG MO KIO PRIMARY SCHOOL,PRIMARY,ENGLISH DRAMA,VISUAL AND PERFORMING ARTS,
ANG MO KIO PRIMARY SCHOOL,PRIMARY,FOOTBALL,PHYSICAL SPORTS,
ANG MO KIO PRIMARY SCHOOL,PRIMARY,INFOCOMM TECHNOLOGY (COMPUTING),CLUBS AND SOCIETIES,
ANG MO KIO PRIMARY SCHOOL,PRIMARY,MODERN DANCE,VISUAL AND PERFORMING ARTS,
ANG MO KIO PRIMARY SCHOOL,PRIMARY,PROJECT CABIN,CLUBS AND SOCIETIES,
ANG MO KIO PRIMARY SCHOOL,PRIMARY,RED CROSS YOUTH,UNIFORMED GROUPS,
ANG MO KIO PRIMARY SCHOOL,PRIMARY,SCOUTS,UNIFORMED GROUPS,
ANG MO KIO PRIMARY SCHOOL,PRIMARY,STUDENT LEADERSHIP (PREFECT),OTHERS,
ANG MO KIO PRIMARY SCHOOL,PRIMARY,TABLE TENNIS,PHYSICAL SPORTS,
ANG MO KIO PRIMARY SCHOOL,PRIMARY,TRACK AND FIELD,PHYSICAL SPORTS,
ANG MO KIO SECONDARY SCHOOL,SECONDARY (S1-S5),ART AND CRAFTS,CLUBS AND SOCIETIES,
ANG MO KIO SECONDARY SCHOOL,SECONDARY (S1-S5),AUDIO VISUAL AID,CLUBS AND SOCIETIES,
ANG MO KIO SECONDARY SCHOOL,SECONDARY (S1-S5),BADMINTON,PHYSICAL SPORTS,
ANG MO KIO SECONDARY SCHOOL,SECONDARY (S1-S5),BASKETBALL,PHYSICAL SPORTS,
ANG MO KIO SECONDARY SCHOOL,SECONDARY (S1-S5),BOYS' BRIGADE,UNIFORMED GROUPS,
ANG MO KIO SECONDARY SCHOOL,SECONDARY (S1-S5),CHOIR,VISUAL AND PERFORMING ARTS,
ANG MO KIO SECONDARY SCHOOL,SECONDARY (S1-S5),CONCERT BAND,VISUAL AND PERFORMING ARTS,
ANG MO KIO SECONDARY SCHOOL,SECONDARY (S1-S5),ENGLISH DRAMA,VISUAL AND PERFORMING ARTS,
ANG MO KIO SECONDARY SCHOOL,SECONDARY (S1-S5),ENVIRONMENTAL SCIENCE,CLUBS AND SOCIETIES,
ANG MO KIO SECONDARY SCHOOL,SECONDARY (S1-S5),FOOTBALL,PHYSICAL SPORTS,
ANG MO KIO SECONDARY SCHOOL,SECONDARY (S1-S5),GIRL GUIDES,UNIFORMED GROUPS,
ANG MO KIO SECONDARY SCHOOL,SECONDARY (S1-S5),MALAY DANCE,VISUAL AND PERFORMING ARTS,
ANG MO KIO SECONDARY SCHOOL,SECONDARY (S1-S5),MODERN DANCE,VISUAL AND PERFORMING ARTS,
ANG MO KIO SECONDARY SCHOOL,SECONDARY (S1-S5),NATIONAL CADET CORPS (AIR),UNIFORMED GROUPS,
ANG MO KIO SECONDARY SCHOOL,SECONDARY (S1-S5),NATIONAL POLICE CADET CORPS,UNIFORMED GROUPS,
ANG MO KIO SECONDARY SCHOOL,SECONDARY (S1-S5),NETBALL,PHYSICAL SPORTS,
ANG MO KIO SECONDARY SCHOOL,SECONDARY (S1-S5),RED CROSS YOUTH,UNIFORMED GROUPS,
ANG MO KIO SECONDARY SCHOOL,SECONDARY (S1-S5),SINGAPORE NATIONAL YOUTH ORCHESTRA,VISUAL AND PERFORMING ARTS,
ANG MO KIO SECONDARY SCHOOL,SECONDARY (S1-S5),SP-CCA (CANOEING),PHYSICAL SPORTS,
ANG MO KIO SECONDARY SCHOOL,SECONDARY (S1-S5),SP-CCA (HOCKEY),PHYSICAL SPORTS,
ANG MO KIO SECONDARY SCHOOL,SECONDARY (S1-S5),SP-CCA (WATER POLO),PHYSICAL SPORTS,
ANG MO KIO SECONDARY SCHOOL,SECONDARY (S1-S5),SWIMMING,PHYSICAL SPORTS,
ANG MO KIO SECONDARY SCHOOL,SECONDARY (S1-S5),TABLE TENNIS,PHYSICAL SPORTS,
ANG MO KIO SECONDARY SCHOOL,SECONDARY (S1-S5),TAEKWONDO,PHYSICAL SPORTS,
ANG MO KIO SECONDARY SCHOOL,SECONDARY (S1-S5),VOLLEYBALL,PHYSICAL SPORTS,
ANG MO KIO SECONDARY SCHOOL,SECONDARY (S1-S5),WUSHU,PHYSICAL SPORTS,
ANGLICAN HIGH SCHOOL,SECONDARY (S1-S4),ARTISTIC GYMNASTICS,PHYSICAL SPORTS,
ANGLICAN HIGH SCHOOL,SECONDARY (S1-S4),AUDIO VISUAL AID,CLUBS AND SOCIETIES,
ANGLICAN HIGH SCHOOL,SECONDARY (S1-S4),BADMINTON,PHYSICAL SPORTS,
ANGLICAN HIGH SCHOOL,SECONDARY (S1-S4),BASKETBALL,PHYSICAL SPORTS,
ANGLICAN HIGH SCHOOL,SECONDARY (S1-S4),BOYS' BRIGADE,UNIFORMED GROUPS,
ANGLICAN HIGH SCHOOL,SECONDARY (S1-S4),CANOEING,PHYSICAL SPORTS,
ANGLICAN HIGH SCHOOL,SECONDARY (S1-S4),CHINESE DRAMA,VISUAL AND PERFORMING ARTS,
ANGLICAN HIGH SCHOOL,SECONDARY (S1-S4),CHINESE ORCHESTRA,VISUAL AND PERFORMING ARTS,
ANGLICAN HIGH SCHOOL,SECONDARY (S1-S4),CHOIR,VISUAL AND PERFORMING ARTS,
ANGLICAN HIGH SCHOOL,SECONDARY (S1-S4),CONCERT BAND,VISUAL AND PERFORMING ARTS,
ANGLICAN HIGH SCHOOL,SECONDARY (S1-S4),DEBATING AND PUBLIC SPEAKING,CLUBS AND SOCIETIES,
ANGLICAN HIGH SCHOOL,SECONDARY (S1-S4),ENGLISH DRAMA,VISUAL AND PERFORMING ARTS,
ANGLICAN HIGH SCHOOL,SECONDARY (S1-S4),ENTREPRENEURSHIP,CLUBS AND SOCIETIES,
ANGLICAN HIGH SCHOOL,SECONDARY (S1-S4),GIRL GUIDES,UNIFORMED GROUPS,
ANGLICAN HIGH SCHOOL,SECONDARY (S1-S4),GIRLS' BRIGADE,UNIFORMED GROUPS,
ANGLICAN HIGH SCHOOL,SECONDARY (S1-S4),GOLF,PHYSICAL SPORTS,
ANGLICAN HIGH SCHOOL,SECONDARY (S1-S4),GUITAR ENSEMBLE,VISUAL AND PERFORMING ARTS,
ANGLICAN HIGH SCHOOL,SECONDARY (S1-S4),INFOCOMM TECHNOLOGY (MEDIA PRODUCTION),CLUBS AND SOCIETIES,
ANGLICAN HIGH SCHOOL,SECONDARY (S1-S4),INTERNATIONAL CHESS,CLUBS AND SOCIETIES,
ANGLICAN HIGH SCHOOL,SECONDARY (S1-S4),MODERN DANCE,VISUAL AND PERFORMING ARTS,
ANGLICAN HIGH SCHOOL,SECONDARY (S1-S4),NATIONAL CADET CORPS (LAND),UNIFORMED GROUPS,
ANGLICAN HIGH SCHOOL,SECONDARY (S1-S4),NATIONAL POLICE CADET CORPS,UNIFORMED GROUPS,
ANGLICAN HIGH SCHOOL,SECONDARY (S1-S4),ROBOTICS,CLUBS AND SOCIETIES,
ANGLICAN HIGH SCHOOL,SECONDARY (S1-S4),ROCKWALL CLIMBING,PHYSICAL SPORTS,
ANGLICAN HIGH SCHOOL,SECONDARY (S1-S4),SCOUTS,UNIFORMED GROUPS,
ANGLICAN HIGH SCHOOL,SECONDARY (S1-S4),SHOOTING,PHYSICAL SPORTS,
ANGLICAN HIGH SCHOOL,SECONDARY (S1-S4),SINGAPORE NATIONAL YOUTH CHINESE ORCHESTRA,VISUAL AND PERFORMING ARTS,
ANGLICAN HIGH SCHOOL,SECONDARY (S1-S4),SINGAPORE NATIONAL YOUTH ORCHESTRA,VISUAL AND PERFORMING ARTS,
ANGLICAN HIGH SCHOOL,SECONDARY (S1-S4),SINGAPORE YOUTH FLYING CLUB,CLUBS AND SOCIETIES,
ANGLICAN HIGH SCHOOL,SECONDARY (S1-S4),SP-CCA (ATHLETICS),PHYSICAL SPORTS,
ANGLICAN HIGH SCHOOL,SECONDARY (S1-S4),SP-CCA (CANOEING),PHYSICAL SPORTS,
ANGLICAN HIGH SCHOOL,SECONDARY (S1-S4),SP-CCA (WATER POLO),PHYSICAL SPORTS,
ANGLICAN HIGH SCHOOL,SECONDARY (S1-S4),ST JOHN BRIGADE,UNIFORMED GROUPS,
ANGLICAN HIGH SCHOOL,SECONDARY (S1-S4),TABLE TENNIS,PHYSICAL SPORTS,
ANGLICAN HIGH SCHOOL,SECONDARY (S1-S4),TAEKWONDO,PHYSICAL SPORTS,
ANGLICAN HIGH SCHOOL,SECONDARY (S1-S4),TRACK AND FIELD,PHYSICAL SPORTS,
ANGLICAN HIGH SCHOOL,SECONDARY (S1-S4),WATER POLO,PHYSICAL SPORTS,
ANGLICAN HIGH SCHOOL,SECONDARY (S1-S4),WUSHU,PHYSICAL SPORTS,
ANGLO-CHINESE JUNIOR COLLEGE,JUNIOR COLLEGE,ARCHERY,PHYSICAL SPORTS,
ANGLO-CHINESE JUNIOR COLLEGE,JUNIOR COLLEGE,ARTISTIC GYMNASTICS,PHYSICAL SPORTS,
ANGLO-CHINESE JUNIOR COLLEGE,JUNIOR COLLEGE,ARTISTIC SWIMMING,PHYSICAL SPORTS,
ANGLO-CHINESE JUNIOR COLLEGE,JUNIOR COLLEGE,BADMINTON,PHYSICAL SPORTS,
ANGLO-CHINESE JUNIOR COLLEGE,JUNIOR COLLEGE,BASKETBALL,PHYSICAL SPORTS,
ANGLO-CHINESE JUNIOR COLLEGE,JUNIOR COLLEGE,BOWLING,PHYSICAL SPORTS,
ANGLO-CHINESE JUNIOR COLLEGE,JUNIOR COLLEGE,CANOEING,PHYSICAL SPORTS,
ANGLO-CHINESE JUNIOR COLLEGE,JUNIOR COLLEGE,CHOIR,VISUAL AND PERFORMING ARTS,
ANGLO-CHINESE JUNIOR COLLEGE,JUNIOR COLLEGE,COMMUNITY SERVICE (FIRST AID),CLUBS AND SOCIETIES,FIRST AID UNIT
ANGLO-CHINESE JUNIOR COLLEGE,JUNIOR COLLEGE,COMMUNITY SERVICE (ROTARY-SPONSORED),CLUBS AND SOCIETIES,INTERACT CLUB
ANGLO-CHINESE JUNIOR COLLEGE,JUNIOR COLLEGE,CONCERT BAND,VISUAL AND PERFORMING ARTS,
ANGLO-CHINESE JUNIOR COLLEGE,JUNIOR COLLEGE,CROSS COUNTRY,PHYSICAL SPORTS,
ANGLO-CHINESE JUNIOR COLLEGE,JUNIOR COLLEGE,DEBATING AND PUBLIC SPEAKING,CLUBS AND SOCIETIES,DEBATE AND ORATORICAL SOCIETY
ANGLO-CHINESE JUNIOR COLLEGE,JUNIOR COLLEGE,ENGLISH DRAMA,VISUAL AND PERFORMING ARTS,ACSIAN THEATRE
ANGLO-CHINESE JUNIOR COLLEGE,JUNIOR COLLEGE,FAITH-BASED CCA,CLUBS AND SOCIETIES,CHRISTIAN FELLOWSHIP
ANGLO-CHINESE JUNIOR COLLEGE,JUNIOR COLLEGE,FENCING,PHYSICAL SPORTS,
ANGLO-CHINESE JUNIOR COLLEGE,JUNIOR COLLEGE,FILM,CLUBS AND SOCIETIES,PIXEL LABS
ANGLO-CHINESE JUNIOR COLLEGE,JUNIOR COLLEGE,FLOORBALL,PHYSICAL SPORTS,
ANGLO-CHINESE JUNIOR COLLEGE,JUNIOR COLLEGE,FOOTBALL,PHYSICAL SPORTS,
ANGLO-CHINESE JUNIOR COLLEGE,JUNIOR COLLEGE,GUITAR ENSEMBLE,VISUAL AND PERFORMING ARTS,
ANGLO-CHINESE JUNIOR COLLEGE,JUNIOR COLLEGE,HOCKEY,PHYSICAL SPORTS,
ANGLO-CHINESE JUNIOR COLLEGE,JUNIOR COLLEGE,INFOCOMM TECHNOLOGY (MEDIA PRODUCTION),CLUBS AND SOCIETIES,MEDIA RESOURCE CREW
ANGLO-CHINESE JUNIOR COLLEGE,JUNIOR COLLEGE,MODERN DANCE,VISUAL AND PERFORMING ARTS,DANCE SOCIETY
ANGLO-CHINESE JUNIOR COLLEGE,JUNIOR COLLEGE,MODULAR CCA (C&S),CLUBS AND SOCIETIES,STEM COUNCIL
ANGLO-CHINESE JUNIOR COLLEGE,JUNIOR COLLEGE,NATIONAL POLICE CADET CORPS (SEA),UNIFORMED GROUPS,AC UG
ANGLO-CHINESE JUNIOR COLLEGE,JUNIOR COLLEGE,NETBALL,PHYSICAL SPORTS,
ANGLO-CHINESE JUNIOR COLLEGE,JUNIOR COLLEGE,PHOTOGRAPHY,CLUBS AND SOCIETIES,PHOTOGRAPHIC SOCIETY
ANGLO-CHINESE JUNIOR COLLEGE,JUNIOR COLLEGE,ROCKWALL CLIMBING,PHYSICAL SPORTS,
ANGLO-CHINESE JUNIOR COLLEGE,JUNIOR COLLEGE,RUGBY,PHYSICAL SPORTS,
ANGLO-CHINESE JUNIOR COLLEGE,JUNIOR COLLEGE,SINGAPORE NATIONAL YOUTH ORCHESTRA,VISUAL AND PERFORMING ARTS,
ANGLO-CHINESE JUNIOR COLLEGE,JUNIOR COLLEGE,SOFTBALL,PHYSICAL SPORTS,
ANGLO-CHINESE JUNIOR COLLEGE,JUNIOR COLLEGE,SQUASH,PHYSICAL SPORTS,
ANGLO-CHINESE JUNIOR COLLEGE,JUNIOR COLLEGE,STRING ENSEMBLE,VISUAL AND PERFORMING ARTS,
ANGLO-CHINESE JUNIOR COLLEGE,JUNIOR COLLEGE,STUDENT LEADERSHIP (HOUSE),OTHERS,
ANGLO-CHINESE JUNIOR COLLEGE,JUNIOR COLLEGE,STUDENTS' COUNCIL,CLUBS AND SOCIETIES,STUDENTS' COUNCIL
ANGLO-CHINESE JUNIOR COLLEGE,JUNIOR COLLEGE,SWIMMING,PHYSICAL SPORTS,
ANGLO-CHINESE JUNIOR COLLEGE,JUNIOR COLLEGE,TABLE TENNIS,PHYSICAL SPORTS,
ANGLO-CHINESE JUNIOR COLLEGE,JUNIOR COLLEGE,TENNIS,PHYSICAL SPORTS,
ANGLO-CHINESE JUNIOR COLLEGE,JUNIOR COLLEGE,TRACK AND FIELD,PHYSICAL SPORTS,
ANGLO-CHINESE JUNIOR COLLEGE,JUNIOR COLLEGE,VOLLEYBALL,PHYSICAL SPORTS,
ANGLO-CHINESE JUNIOR COLLEGE,JUNIOR COLLEGE,WATER POLO,PHYSICAL SPORTS,
ANGLO-CHINESE SCHOOL (BARKER ROAD),SECONDARY (S1-S5),BADMINTON,PHYSICAL SPORTS,
ANGLO-CHINESE SCHOOL (BARKER ROAD),SECONDARY (S1-S5),BASKETBALL,PHYSICAL SPORTS,
ANGLO-CHINESE SCHOOL (BARKER ROAD),SECONDARY (S1-S5),BOWLING,PHYSICAL SPORTS,
ANGLO-CHINESE SCHOOL (BARKER ROAD),SECONDARY (S1-S5),BOYS' BRIGADE,UNIFORMED GROUPS,
ANGLO-CHINESE SCHOOL (BARKER ROAD),SECONDARY (S1-S5),CHINESE ORCHESTRA,VISUAL AND PERFORMING ARTS,
ANGLO-CHINESE SCHOOL (BARKER ROAD),SECONDARY (S1-S5),CHOIR,VISUAL AND PERFORMING ARTS,
ANGLO-CHINESE SCHOOL (BARKER ROAD),SECONDARY (S1-S5),CONCERT BAND,VISUAL AND PERFORMING ARTS,
ANGLO-CHINESE SCHOOL (BARKER ROAD),SECONDARY (S1-S5),DEBATING AND PUBLIC SPEAKING,CLUBS AND SOCIETIES,DEBATES
ANGLO-CHINESE SCHOOL (BARKER ROAD),SECONDARY (S1-S5),ENGLISH DRAMA,VISUAL AND PERFORMING ARTS,DRAMA
ANGLO-CHINESE SCHOOL (BARKER ROAD),SECONDARY (S1-S5),FAITH-BASED CCA,CLUBS AND SOCIETIES,CHRISTIAN SOCIETY
ANGLO-CHINESE SCHOOL (BARKER ROAD),SECONDARY (S1-S5),FLOORBALL,PHYSICAL SPORTS,
ANGLO-CHINESE SCHOOL (BARKER ROAD),SECONDARY (S1-S5),FOOTBALL,PHYSICAL SPORTS,
ANGLO-CHINESE SCHOOL (BARKER ROAD),SECONDARY (S1-S5),HOCKEY,PHYSICAL SPORTS,
ANGLO-CHINESE SCHOOL (BARKER ROAD),SECONDARY (S1-S5),INFOCOMM TECHNOLOGY (MEDIA PRODUCTION),CLUBS AND SOCIETIES,
ANGLO-CHINESE SCHOOL (BARKER ROAD),SECONDARY (S1-S5),MODERN DANCE,VISUAL AND PERFORMING ARTS,DANCE
ANGLO-CHINESE SCHOOL (BARKER ROAD),SECONDARY (S1-S5),NATIONAL CADET CORPS (SEA),UNIFORMED GROUPS,
ANGLO-CHINESE SCHOOL (BARKER ROAD),SECONDARY (S1-S5),NATIONAL POLICE CADET CORPS,UNIFORMED GROUPS,
ANGLO-CHINESE SCHOOL (BARKER ROAD),SECONDARY (S1-S5),ROBOTICS,CLUBS AND SOCIETIES,
ANGLO-CHINESE SCHOOL (BARKER ROAD),SECONDARY (S1-S5),RUGBY,PHYSICAL SPORTS,
ANGLO-CHINESE SCHOOL (BARKER ROAD),SECONDARY (S1-S5),SCOUTS,UNIFORMED GROUPS,
ANGLO-CHINESE SCHOOL (BARKER ROAD),SECONDARY (S1-S5),SINGAPORE NATIONAL YOUTH CHINESE ORCHESTRA,VISUAL AND PERFORMING ARTS,
ANGLO-CHINESE SCHOOL (BARKER ROAD),SECONDARY (S1-S5),SINGAPORE NATIONAL YOUTH ORCHESTRA,VISUAL AND PERFORMING ARTS,
ANGLO-CHINESE SCHOOL (BARKER ROAD),SECONDARY (S1-S5),SINGAPORE YOUTH FLYING CLUB,CLUBS AND SOCIETIES,
ANGLO-CHINESE SCHOOL (BARKER ROAD),SECONDARY (S1-S5),SP-CCA (ATHLETICS),PHYSICAL SPORTS,
ANGLO-CHINESE SCHOOL (BARKER ROAD),SECONDARY (S1-S5),SP-CCA (CANOEING),PHYSICAL SPORTS,
ANGLO-CHINESE SCHOOL (BARKER ROAD),SECONDARY (S1-S5),STUDENT LEADERSHIP (COUNCIL),OTHERS,
ANGLO-CHINESE SCHOOL (BARKER ROAD),SECONDARY (S1-S5),SWIMMING,PHYSICAL SPORTS,
ANGLO-CHINESE SCHOOL (BARKER ROAD),SECONDARY (S1-S5),TABLE TENNIS,PHYSICAL SPORTS,
ANGLO-CHINESE SCHOOL (BARKER ROAD),SECONDARY (S1-S5),TENNIS,PHYSICAL SPORTS,
ANGLO-CHINESE SCHOOL (BARKER ROAD),SECONDARY (S1-S5),TRACK AND FIELD,PHYSICAL SPORTS,
ANGLO-CHINESE SCHOOL (BARKER ROAD),SECONDARY (S1-S5),WATER POLO,PHYSICAL SPORTS,
ANGLO-CHINESE SCHOOL (INDEPENDENT),MIXED LEVEL (S1-JC2),ART AND CRAFTS,CLUBS AND SOCIETIES,ACREATIVES
ANGLO-CHINESE SCHOOL (INDEPENDENT),MIXED LEVEL (S1-JC2),AUDIO VISUAL AID,CLUBS AND SOCIETIES,MEDIA RESOURCE
ANGLO-CHINESE SCHOOL (INDEPENDENT),MIXED LEVEL (S1-JC2),BADMINTON,PHYSICAL SPORTS,
ANGLO-CHINESE SCHOOL (INDEPENDENT),MIXED LEVEL (S1-JC2),BASKETBALL,PHYSICAL SPORTS,
ANGLO-CHINESE SCHOOL (INDEPENDENT),MIXED LEVEL (S1-JC2),BOWLING,PHYSICAL SPORTS,
ANGLO-CHINESE SCHOOL (INDEPENDENT),MIXED LEVEL (S1-JC2),BOYS' BRIGADE,UNIFORMED GROUPS,BOYS' BRIGADE (BB)
ANGLO-CHINESE SCHOOL (INDEPENDENT),MIXED LEVEL (S1-JC2),CANOEING,PHYSICAL SPORTS,
ANGLO-CHINESE SCHOOL (INDEPENDENT),MIXED LEVEL (S1-JC2),CHINESE CHESS,CLUBS AND SOCIETIES,
ANGLO-CHINESE SCHOOL (INDEPENDENT),MIXED LEVEL (S1-JC2),CHOIR,VISUAL AND PERFORMING ARTS,VOCAL ACCORD
ANGLO-CHINESE SCHOOL (INDEPENDENT),MIXED LEVEL (S1-JC2),COMMUNITY SERVICE (ROTARY-SPONSORED),CLUBS AND SOCIETIES,INTERACT CLUB
ANGLO-CHINESE SCHOOL (INDEPENDENT),MIXED LEVEL (S1-JC2),CONCERT BAND,VISUAL AND PERFORMING ARTS,SYMPHONIC BAND
ANGLO-CHINESE SCHOOL (INDEPENDENT),MIXED LEVEL (S1-JC2),CONCERT BAND,VISUAL AND PERFORMING ARTS,WIND ENSEMBLE
ANGLO-CHINESE SCHOOL (INDEPENDENT),MIXED LEVEL (S1-JC2),CRICKET,PHYSICAL SPORTS,
ANGLO-CHINESE SCHOOL (INDEPENDENT),MIXED LEVEL (S1-JC2),CROSS COUNTRY,PHYSICAL SPORTS,
ANGLO-CHINESE SCHOOL (INDEPENDENT),MIXED LEVEL (S1-JC2),DEBATING AND PUBLIC SPEAKING,CLUBS AND SOCIETIES,DEBATE CLUB
ANGLO-CHINESE SCHOOL (INDEPENDENT),MIXED LEVEL (S1-JC2),DESIGN AND INNOVATION,CLUBS AND SOCIETIES,YOUNG INNOVATORS' SOCIETY
ANGLO-CHINESE SCHOOL (INDEPENDENT),MIXED LEVEL (S1-JC2),ENGLISH DRAMA,VISUAL AND PERFORMING ARTS,ACSI STAGE
ANGLO-CHINESE SCHOOL (INDEPENDENT),MIXED LEVEL (S1-JC2),ENGLISH DRAMA,VISUAL AND PERFORMING ARTS,DRAMA CLUB
ANGLO-CHINESE SCHOOL (INDEPENDENT),MIXED LEVEL (S1-JC2),ENTREPRENEURSHIP,CLUBS AND SOCIETIES,YOUNG ENTREPRENEURS' SOCIETY
ANGLO-CHINESE SCHOOL (INDEPENDENT),MIXED LEVEL (S1-JC2),ENVIRONMENTAL SCIENCE,CLUBS AND SOCIETIES,ENVIRONMENT FOCUS GROUP
ANGLO-CHINESE SCHOOL (INDEPENDENT),MIXED LEVEL (S1-JC2),FLOORBALL,PHYSICAL SPORTS,
ANGLO-CHINESE SCHOOL (INDEPENDENT),MIXED LEVEL (S1-JC2),FOOTBALL,PHYSICAL SPORTS,
ANGLO-CHINESE SCHOOL (INDEPENDENT),MIXED LEVEL (S1-JC2),FRISBEE,PHYSICAL SPORTS,
ANGLO-CHINESE SCHOOL (INDEPENDENT),MIXED LEVEL (S1-JC2),GOLF,PHYSICAL SPORTS,
ANGLO-CHINESE SCHOOL (INDEPENDENT),MIXED LEVEL (S1-JC2),GUITAR ENSEMBLE,VISUAL AND PERFORMING ARTS,GUITAR ORCHESTRA
ANGLO-CHINESE SCHOOL (INDEPENDENT),MIXED LEVEL (S1-JC2),HEALTH AND FITNESS,PHYSICAL SPORTS,HEALTH AND FITNESS CLUB
ANGLO-CHINESE SCHOOL (INDEPENDENT),MIXED LEVEL (S1-JC2),INFOCOMM TECHNOLOGY (MEDIA PRODUCTION),CLUBS AND SOCIETIES,MEDIA PRODUCTION AC
ANGLO-CHINESE SCHOOL (INDEPENDENT),MIXED LEVEL (S1-JC2),INTERNATIONAL AND GLOBAL STUDIES,CLUBS AND SOCIETIES,YOUNG DIPLOMATS' SOCIETY
ANGLO-CHINESE SCHOOL (INDEPENDENT),MIXED LEVEL (S1-JC2),INTERNATIONAL CHESS,CLUBS AND SOCIETIES,
ANGLO-CHINESE SCHOOL (INDEPENDENT),MIXED LEVEL (S1-JC2),JOURNALISM,CLUBS AND SOCIETIES,ACS INDEPONLINE
ANGLO-CHINESE SCHOOL (INDEPENDENT),MIXED LEVEL (S1-JC2),MATHEMATICS,CLUBS AND SOCIETIES,MATHEMATICS COMPETITION TEAM
ANGLO-CHINESE SCHOOL (INDEPENDENT),MIXED LEVEL (S1-JC2),MEDIA RESOURCE LIBRARY,CLUBS AND SOCIETIES,LIBRARY
ANGLO-CHINESE SCHOOL (INDEPENDENT),MIXED LEVEL (S1-JC2),MODERN DANCE,VISUAL AND PERFORMING ARTS,DANCE VENIA
ANGLO-CHINESE SCHOOL (INDEPENDENT),MIXED LEVEL (S1-JC2),MODULAR CCA (SPORTS),PHYSICAL SPORTS,ACTIVE ACSIANS
ANGLO-CHINESE SCHOOL (INDEPENDENT),MIXED LEVEL (S1-JC2),MODULAR CCA (VPA),VISUAL AND PERFORMING ARTS,CULTURAL PERFORMING ARTS CLUB
ANGLO-CHINESE SCHOOL (INDEPENDENT),MIXED LEVEL (S1-JC2),NATIONAL CADET CORPS (AIR),UNIFORMED GROUPS,
ANGLO-CHINESE SCHOOL (INDEPENDENT),MIXED LEVEL (S1-JC2),NATIONAL CADET CORPS (LAND),UNIFORMED GROUPS,
ANGLO-CHINESE SCHOOL (INDEPENDENT),MIXED LEVEL (S1-JC2),NATIONAL CADET CORPS (SEA),UNIFORMED GROUPS,
ANGLO-CHINESE SCHOOL (INDEPENDENT),MIXED LEVEL (S1-JC2),NATIONAL CIVIL DEFENCE CADET CORPS,UNIFORMED GROUPS,NATIONAL CIVIL DEFENCE CADET CORPS (NCDCC)
ANGLO-CHINESE SCHOOL (INDEPENDENT),MIXED LEVEL (S1-JC2),NATIONAL POLICE CADET CORPS,UNIFORMED GROUPS,NATIONAL POLICE CADET CORPS (NPCC)
ANGLO-CHINESE SCHOOL (INDEPENDENT),MIXED LEVEL (S1-JC2),NETBALL,PHYSICAL SPORTS,
ANGLO-CHINESE SCHOOL (INDEPENDENT),MIXED LEVEL (S1-JC2),PHOTOGRAPHY,CLUBS AND SOCIETIES,PHOTOGRAPHIC SOCIETY
ANGLO-CHINESE SCHOOL (INDEPENDENT),MIXED LEVEL (S1-JC2),PHYSICAL SCIENCE,CLUBS AND SOCIETIES,SCIENCE RESEARCH CHALLENGE
ANGLO-CHINESE SCHOOL (INDEPENDENT),MIXED LEVEL (S1-JC2),PUBLICATION,CLUBS AND SOCIETIES,EDITORIAL BOARD
ANGLO-CHINESE SCHOOL (INDEPENDENT),MIXED LEVEL (S1-JC2),READING AND WRITING,CLUBS AND SOCIETIES,ACSPRESSION
ANGLO-CHINESE SCHOOL (INDEPENDENT),MIXED LEVEL (S1-JC2),ROBOTICS,CLUBS AND SOCIETIES,ROBOTICS TECHNOLOGY SOCIETY
ANGLO-CHINESE SCHOOL (INDEPENDENT),MIXED LEVEL (S1-JC2),RUGBY,PHYSICAL SPORTS,
ANGLO-CHINESE SCHOOL (INDEPENDENT),MIXED LEVEL (S1-JC2),SAILING,PHYSICAL SPORTS,
ANGLO-CHINESE SCHOOL (INDEPENDENT),MIXED LEVEL (S1-JC2),SCOUTS,UNIFORMED GROUPS,VENTURES
ANGLO-CHINESE SCHOOL (INDEPENDENT),MIXED LEVEL (S1-JC2),SHOOTING,PHYSICAL SPORTS,
ANGLO-CHINESE SCHOOL (INDEPENDENT),MIXED LEVEL (S1-JC2),SINGAPORE NATIONAL YOUTH ORCHESTRA,VISUAL AND PERFORMING ARTS,
ANGLO-CHINESE SCHOOL (INDEPENDENT),MIXED LEVEL (S1-JC2),SINGAPORE YOUTH FLYING CLUB,CLUBS AND SOCIETIES,
ANGLO-CHINESE SCHOOL (INDEPENDENT),MIXED LEVEL (S1-JC2),SOCIAL STUDIES,CLUBS AND SOCIETIES,HUMANITIES SOCIETY @ AC
ANGLO-CHINESE SCHOOL (INDEPENDENT),MIXED LEVEL (S1-JC2),SOFTBALL,PHYSICAL SPORTS,
ANGLO-CHINESE SCHOOL (INDEPENDENT),MIXED LEVEL (S1-JC2),SPACE SCIENCE,CLUBS AND SOCIETIES,ACSTRONOMY CLUB
ANGLO-CHINESE SCHOOL (INDEPENDENT),MIXED LEVEL (S1-JC2),SQUASH,PHYSICAL SPORTS,
ANGLO-CHINESE SCHOOL (INDEPENDENT),MIXED LEVEL (S1-JC2),ST JOHN BRIGADE,UNIFORMED GROUPS,ST JOHN BRIGADE (SJB)
ANGLO-CHINESE SCHOOL (INDEPENDENT),MIXED LEVEL (S1-JC2),STRING ENSEMBLE,VISUAL AND PERFORMING ARTS,PHILHARMONIC ORCHESTRA
ANGLO-CHINESE SCHOOL (INDEPENDENT),MIXED LEVEL (S1-JC2),STUDENT LEADERSHIP (COUNCIL),OTHERS,STUDENT COUNCIL / HOUSE
ANGLO-CHINESE SCHOOL (INDEPENDENT),MIXED LEVEL (S1-JC2),STUDENT LEADERSHIP (HOUSE),OTHERS,STUDENT COUNCIL / HOUSE
ANGLO-CHINESE SCHOOL (INDEPENDENT),MIXED LEVEL (S1-JC2),STUDENT LEADERSHIP (PEER SUPPORT),OTHERS,BOARDING SCHOOL JUNIOR COMMON ROOM COMMITTEE
ANGLO-CHINESE SCHOOL (INDEPENDENT),MIXED LEVEL (S1-JC2),STUDENT LEADERSHIP (PREFECT),OTHERS,PREFECTORIAL BOARD
ANGLO-CHINESE SCHOOL (INDEPENDENT),MIXED LEVEL (S1-JC2),SWIMMING,PHYSICAL SPORTS,
ANGLO-CHINESE SCHOOL (INDEPENDENT),MIXED LEVEL (S1-JC2),TENNIS,PHYSICAL SPORTS,
ANGLO-CHINESE SCHOOL (INDEPENDENT),MIXED LEVEL (S1-JC2),TRACK AND FIELD,PHYSICAL SPORTS,
ANGLO-CHINESE SCHOOL (INDEPENDENT),MIXED LEVEL (S1-JC2),VOLLEYBALL,PHYSICAL SPORTS,
ANGLO-CHINESE SCHOOL (INDEPENDENT),MIXED LEVEL (S1-JC2),WATER POLO,PHYSICAL SPORTS,
ANGLO-CHINESE SCHOOL (JUNIOR),PRIMARY,ART AND CRAFTS,CLUBS AND SOCIETIES,ART CLUB
ANGLO-CHINESE SCHOOL (JUNIOR),PRIMARY,ARTISTIC GYMNASTICS,PHYSICAL SPORTS,EXTERNAL ARTISTIC GYMNASTICS
ANGLO-CHINESE SCHOOL (JUNIOR),PRIMARY,BADMINTON,PHYSICAL SPORTS,
ANGLO-CHINESE SCHOOL (JUNIOR),PRIMARY,BASKETBALL,PHYSICAL SPORTS,
ANGLO-CHINESE SCHOOL (JUNIOR),PRIMARY,BOWLING,PHYSICAL SPORTS,
ANGLO-CHINESE SCHOOL (JUNIOR),PRIMARY,BOYS' BRIGADE,UNIFORMED GROUPS,
ANGLO-CHINESE SCHOOL (JUNIOR),PRIMARY,CHOIR,VISUAL AND PERFORMING ARTS,
ANGLO-CHINESE SCHOOL (JUNIOR),PRIMARY,CONCERT BAND,VISUAL AND PERFORMING ARTS,
ANGLO-CHINESE SCHOOL (JUNIOR),PRIMARY,FAITH-BASED CCA,CLUBS AND SOCIETIES,CHRISTIAN FELLOWSHIP
ANGLO-CHINESE SCHOOL (JUNIOR),PRIMARY,FOOTBALL,PHYSICAL SPORTS,
ANGLO-CHINESE SCHOOL (JUNIOR),PRIMARY,GOLF,PHYSICAL SPORTS,EXTERNAL GOLF
ANGLO-CHINESE SCHOOL (JUNIOR),PRIMARY,HOCKEY,PHYSICAL SPORTS,
ANGLO-CHINESE SCHOOL (JUNIOR),PRIMARY,INTERNATIONAL CHESS,CLUBS AND SOCIETIES,CHESS CLUB
ANGLO-CHINESE SCHOOL (JUNIOR),PRIMARY,MODERN DANCE,VISUAL AND PERFORMING ARTS,JUNIOR VIBEZ
ANGLO-CHINESE SCHOOL (JUNIOR),PRIMARY,PHYSICAL SCIENCE,CLUBS AND SOCIETIES,SCIENCE CLUB
ANGLO-CHINESE SCHOOL (JUNIOR),PRIMARY,RUGBY,PHYSICAL SPORTS,
ANGLO-CHINESE SCHOOL (JUNIOR),PRIMARY,SAILING,PHYSICAL SPORTS,
ANGLO-CHINESE SCHOOL (JUNIOR),PRIMARY,SCOUTS,UNIFORMED GROUPS,CUB SCOUTS
ANGLO-CHINESE SCHOOL (JUNIOR),PRIMARY,STRING ENSEMBLE,VISUAL AND PERFORMING ARTS,STRING ORCHESTRA 
ANGLO-CHINESE SCHOOL (JUNIOR),PRIMARY,SWIMMING,PHYSICAL SPORTS,
ANGLO-CHINESE SCHOOL (JUNIOR),PRIMARY,TABLE TENNIS,PHYSICAL SPORTS,
ANGLO-CHINESE SCHOOL (JUNIOR),PRIMARY,TAEKWONDO,PHYSICAL SPORTS,EXTERNAL TAEKWONDO
ANGLO-CHINESE SCHOOL (JUNIOR),PRIMARY,TENNIS,PHYSICAL SPORTS,
ANGLO-CHINESE SCHOOL (JUNIOR),PRIMARY,TRACK AND FIELD,PHYSICAL SPORTS,EXTERNAL TRACK & FIELD
ANGLO-CHINESE SCHOOL (JUNIOR),PRIMARY,WATER POLO,PHYSICAL SPORTS,
ANGLO-CHINESE SCHOOL (JUNIOR),PRIMARY,WUSHU,PHYSICAL SPORTS,EXTERNAL WUSHU
ANGLO-CHINESE SCHOOL (PRIMARY),PRIMARY,ART AND CRAFTS,CLUBS AND SOCIETIES,
ANGLO-CHINESE SCHOOL (PRIMARY),PRIMARY,ARTISTIC GYMNASTICS,PHYSICAL SPORTS,
ANGLO-CHINESE SCHOOL (PRIMARY),PRIMARY,ARTISTIC SWIMMING,PHYSICAL SPORTS,
ANGLO-CHINESE SCHOOL (PRIMARY),PRIMARY,AUDIO VISUAL AID,CLUBS AND SOCIETIES,PUBLIC ADDRESS CLUB
ANGLO-CHINESE SCHOOL (PRIMARY),PRIMARY,BADMINTON,PHYSICAL SPORTS,
ANGLO-CHINESE SCHOOL (PRIMARY),PRIMARY,BASKETBALL,PHYSICAL SPORTS,
ANGLO-CHINESE SCHOOL (PRIMARY),PRIMARY,BOWLING,PHYSICAL SPORTS,
ANGLO-CHINESE SCHOOL (PRIMARY),PRIMARY,BOYS' BRIGADE,UNIFORMED GROUPS,
ANGLO-CHINESE SCHOOL (PRIMARY),PRIMARY,CHOIR,VISUAL AND PERFORMING ARTS,
ANGLO-CHINESE SCHOOL (PRIMARY),PRIMARY,DEBATING AND PUBLIC SPEAKING,CLUBS AND SOCIETIES,DEBATE CLUB
ANGLO-CHINESE SCHOOL (PRIMARY),PRIMARY,FENCING,PHYSICAL SPORTS,
ANGLO-CHINESE SCHOOL (PRIMARY),PRIMARY,FLOORBALL,PHYSICAL SPORTS,
ANGLO-CHINESE SCHOOL (PRIMARY),PRIMARY,FOOTBALL,PHYSICAL SPORTS,
ANGLO-CHINESE SCHOOL (PRIMARY),PRIMARY,GOLF,PHYSICAL SPORTS,
ANGLO-CHINESE SCHOOL (PRIMARY),PRIMARY,INFOCOMM TECHNOLOGY (COMPUTING),CLUBS AND SOCIETIES,INFOCOMM MEDIA CLUB
ANGLO-CHINESE SCHOOL (PRIMARY),PRIMARY,INTERNATIONAL CHESS,CLUBS AND SOCIETIES,
ANGLO-CHINESE SCHOOL (PRIMARY),PRIMARY,MODERN DANCE,VISUAL AND PERFORMING ARTS,SYNERGY
ANGLO-CHINESE SCHOOL (PRIMARY),PRIMARY,PHYSICAL SCIENCE,CLUBS AND SOCIETIES,ECOMAKER CLUB
ANGLO-CHINESE SCHOOL (PRIMARY),PRIMARY,ROBOTICS,CLUBS AND SOCIETIES,
ANGLO-CHINESE SCHOOL (PRIMARY),PRIMARY,RUGBY,PHYSICAL SPORTS,
ANGLO-CHINESE SCHOOL (PRIMARY),PRIMARY,SAILING,PHYSICAL SPORTS,
ANGLO-CHINESE SCHOOL (PRIMARY),PRIMARY,SCOUTS,UNIFORMED GROUPS,
ANGLO-CHINESE SCHOOL (PRIMARY),PRIMARY,SWIMMING,PHYSICAL SPORTS,
ANGLO-CHINESE SCHOOL (PRIMARY),PRIMARY,TABLE TENNIS,PHYSICAL SPORTS,
ANGLO-CHINESE SCHOOL (PRIMARY),PRIMARY,TAEKWONDO,PHYSICAL SPORTS,
ANGLO-CHINESE SCHOOL (PRIMARY),PRIMARY,TENNIS,PHYSICAL SPORTS,
ANGLO-CHINESE SCHOOL (PRIMARY),PRIMARY,TRACK AND FIELD,PHYSICAL SPORTS,
ANGLO-CHINESE SCHOOL (PRIMARY),PRIMARY,WUSHU,PHYSICAL SPORTS,
ANGSANA PRIMARY SCHOOL,PRIMARY,ART AND CRAFTS,CLUBS AND SOCIETIES,
ANGSANA PRIMARY SCHOOL,PRIMARY,BADMINTON,PHYSICAL SPORTS,
ANGSANA PRIMARY SCHOOL,PRIMARY,CHOIR,VISUAL AND PERFORMING ARTS,
ANGSANA PRIMARY SCHOOL,PRIMARY,CONCERT BAND,VISUAL AND PERFORMING ARTS,
ANGSANA PRIMARY SCHOOL,PRIMARY,ENGLISH DRAMA,VISUAL AND PERFORMING ARTS,
ANGSANA PRIMARY SCHOOL,PRIMARY,FLOORBALL,PHYSICAL SPORTS,
ANGSANA PRIMARY SCHOOL,PRIMARY,FOOTBALL,PHYSICAL SPORTS,
ANGSANA PRIMARY SCHOOL,PRIMARY,INFOCOMM TECHNOLOGY (MEDIA PRODUCTION),CLUBS AND SOCIETIES,
ANGSANA PRIMARY SCHOOL,PRIMARY,MODERN DANCE,VISUAL AND PERFORMING ARTS,
ANGSANA PRIMARY SCHOOL,PRIMARY,NETBALL,PHYSICAL SPORTS,
ANGSANA PRIMARY SCHOOL,PRIMARY,PHYSICAL SCIENCE,CLUBS AND SOCIETIES,
ANGSANA PRIMARY SCHOOL,PRIMARY,RED CROSS YOUTH,UNIFORMED GROUPS,
ANGSANA PRIMARY SCHOOL,PRIMARY,SCOUTS,UNIFORMED GROUPS,
ANGSANA PRIMARY SCHOOL,PRIMARY,WUSHU,PHYSICAL SPORTS,
ASSUMPTION ENGLISH SCHOOL,SECONDARY (S1-S5),BASKETBALL,PHYSICAL SPORTS,
ASSUMPTION ENGLISH SCHOOL,SECONDARY (S1-S5),CHOIR,VISUAL AND PERFORMING ARTS,
ASSUMPTION ENGLISH SCHOOL,SECONDARY (S1-S5),CONCERT BAND,VISUAL AND PERFORMING ARTS,
ASSUMPTION ENGLISH SCHOOL,SECONDARY (S1-S5),"ENGLISH LANGUAGE, DRAMA AND DEBATING",CLUBS AND SOCIETIES,
ASSUMPTION ENGLISH SCHOOL,SECONDARY (S1-S5),FAITH-BASED CCA,CLUBS AND SOCIETIES,YOUNG MONTFORTIAN ASSOCIATES
ASSUMPTION ENGLISH SCHOOL,SECONDARY (S1-S5),FLOORBALL,PHYSICAL SPORTS,
ASSUMPTION ENGLISH SCHOOL,SECONDARY (S1-S5),FOOTBALL,PHYSICAL SPORTS,
ASSUMPTION ENGLISH SCHOOL,SECONDARY (S1-S5),GIRL GUIDES,UNIFORMED GROUPS,
ASSUMPTION ENGLISH SCHOOL,SECONDARY (S1-S5),JUDO,PHYSICAL SPORTS,
ASSUMPTION ENGLISH SCHOOL,SECONDARY (S1-S5),MODERN DANCE,VISUAL AND PERFORMING ARTS,
ASSUMPTION ENGLISH SCHOOL,SECONDARY (S1-S5),NATIONAL CADET CORPS (SEA),UNIFORMED GROUPS,
ASSUMPTION ENGLISH SCHOOL,SECONDARY (S1-S5),NATIONAL POLICE CADET CORPS,UNIFORMED GROUPS,
ASSUMPTION ENGLISH SCHOOL,SECONDARY (S1-S5),PHYSICAL SCIENCE,CLUBS AND SOCIETIES,YOUNG SCIENTIST PROGRAMME
ASSUMPTION ENGLISH SCHOOL,SECONDARY (S1-S5),RED CROSS YOUTH,UNIFORMED GROUPS,
ASSUMPTION ENGLISH SCHOOL,SECONDARY (S1-S5),ROCKWALL CLIMBING,PHYSICAL SPORTS,
ASSUMPTION ENGLISH SCHOOL,SECONDARY (S1-S5),SINGAPORE YOUTH FLYING CLUB,CLUBS AND SOCIETIES,
ASSUMPTION ENGLISH SCHOOL,SECONDARY (S1-S5),SOFTBALL,PHYSICAL SPORTS,
ASSUMPTION ENGLISH SCHOOL,SECONDARY (S1-S5),SP-CCA (ATHLETICS),PHYSICAL SPORTS,
ASSUMPTION ENGLISH SCHOOL,SECONDARY (S1-S5),STUDENT LEADERSHIP (COUNCIL),OTHERS,
ASSUMPTION PATHWAY SCHOOL,SECONDARY (S1-S4),ART AND CRAFTS,CLUBS AND SOCIETIES,ART CLUB
ASSUMPTION PATHWAY SCHOOL,SECONDARY (S1-S4),AUDIO VISUAL AID,CLUBS AND SOCIETIES,AV CREW
ASSUMPTION PATHWAY SCHOOL,SECONDARY (S1-S4),BASKETBALL,PHYSICAL SPORTS,
ASSUMPTION PATHWAY SCHOOL,SECONDARY (S1-S4),FLOORBALL,PHYSICAL SPORTS,
ASSUMPTION PATHWAY SCHOOL,SECONDARY (S1-S4),FOOTBALL,PHYSICAL SPORTS,
ASSUMPTION PATHWAY SCHOOL,SECONDARY (S1-S4),INFOCOMM TECHNOLOGY (MEDIA PRODUCTION),CLUBS AND SOCIETIES,MEDIACOMM CLUB
ASSUMPTION PATHWAY SCHOOL,SECONDARY (S1-S4),MODERN DANCE,VISUAL AND PERFORMING ARTS,
ASSUMPTION PATHWAY SCHOOL,SECONDARY (S1-S4),MODULAR CCA (C&S),CLUBS AND SOCIETIES,
ASSUMPTION PATHWAY SCHOOL,SECONDARY (S1-S4),PERCUSSION ENSEMBLE,VISUAL AND PERFORMING ARTS,PERCUSSION BAND
ASSUMPTION PATHWAY SCHOOL,SECONDARY (S1-S4),ROBOTICS,CLUBS AND SOCIETIES,GREENOVATION
ASSUMPTION PATHWAY SCHOOL,SECONDARY (S1-S4),SCOUTS,UNIFORMED GROUPS,
ASSUMPTION PATHWAY SCHOOL,SECONDARY (S1-S4),SEPAKTAKRAW,PHYSICAL SPORTS,
ASSUMPTION PATHWAY SCHOOL,SECONDARY (S1-S4),STUDENT LEADERSHIP (COUNCIL),OTHERS,STUDENT COUNCIL
ASSUMPTION PATHWAY SCHOOL,SECONDARY (S1-S4),TCHOUKBALL,PHYSICAL SPORTS,
BARTLEY SECONDARY SCHOOL,SECONDARY (S1-S5),BASKETBALL,PHYSICAL SPORTS,
BARTLEY SECONDARY SCHOOL,SECONDARY (S1-S5),CHOIR,VISUAL AND PERFORMING ARTS,
BARTLEY SECONDARY SCHOOL,SECONDARY (S1-S5),COMMUNITY SERVICE,CLUBS AND SOCIETIES,SERVICE LEARNING CLUB
BARTLEY SECONDARY SCHOOL,SECONDARY (S1-S5),CONCERT BAND,VISUAL AND PERFORMING ARTS,
BARTLEY SECONDARY SCHOOL,SECONDARY (S1-S5),DESIGN AND INNOVATION,CLUBS AND SOCIETIES,CURIOSTE CLUB
BARTLEY SECONDARY SCHOOL,SECONDARY (S1-S5),ENTREPRENEURSHIP,CLUBS AND SOCIETIES,ENTREPRENEUR CLUB
BARTLEY SECONDARY SCHOOL,SECONDARY (S1-S5),FOOTBALL,PHYSICAL SPORTS,
BARTLEY SECONDARY SCHOOL,SECONDARY (S1-S5),GUZHENG ENSEMBLE,VISUAL AND PERFORMING ARTS,
BARTLEY SECONDARY SCHOOL,SECONDARY (S1-S5),INFOCOMM TECHNOLOGY (MEDIA PRODUCTION),CLUBS AND SOCIETIES,MERIT CLUB
BARTLEY SECONDARY SCHOOL,SECONDARY (S1-S5),MODERN DANCE,VISUAL AND PERFORMING ARTS,
BARTLEY SECONDARY SCHOOL,SECONDARY (S1-S5),NATIONAL CADET CORPS (AIR),UNIFORMED GROUPS,
BARTLEY SECONDARY SCHOOL,SECONDARY (S1-S5),NATIONAL CADET CORPS (LAND),UNIFORMED GROUPS,
BARTLEY SECONDARY SCHOOL,SECONDARY (S1-S5),NATIONAL POLICE CADET CORPS,UNIFORMED GROUPS,
BARTLEY SECONDARY SCHOOL,SECONDARY (S1-S5),NETBALL,PHYSICAL SPORTS,
BARTLEY SECONDARY SCHOOL,SECONDARY (S1-S5),RED CROSS YOUTH,UNIFORMED GROUPS,
BARTLEY SECONDARY SCHOOL,SECONDARY (S1-S5),SEPAKTAKRAW,PHYSICAL SPORTS,
BARTLEY SECONDARY SCHOOL,SECONDARY (S1-S5),SP-CCA (ATHLETICS),PHYSICAL SPORTS,
BARTLEY SECONDARY SCHOOL,SECONDARY (S1-S5),TABLE TENNIS,PHYSICAL SPORTS,
BARTLEY SECONDARY SCHOOL,SECONDARY (S1-S5),VOLLEYBALL,PHYSICAL SPORTS,
BEACON PRIMARY SCHOOL,PRIMARY,ART AND CRAFTS,CLUBS AND SOCIETIES,ART CLUB
BEACON PRIMARY SCHOOL,PRIMARY,BASKETBALL,PHYSICAL SPORTS,
BEACON PRIMARY SCHOOL,PRIMARY,CHOIR,VISUAL AND PERFORMING ARTS,
BEACON PRIMARY SCHOOL,PRIMARY,DESIGN AND INNOVATION,CLUBS AND SOCIETIES,MAKERSPACE
BEACON PRIMARY SCHOOL,PRIMARY,ENVIRONMENTAL SCIENCE,CLUBS AND SOCIETIES,ENVIRONMENTAL SCIENCE CLUB
BEACON PRIMARY SCHOOL,PRIMARY,FOOTBALL,PHYSICAL SPORTS,
BEACON PRIMARY SCHOOL,PRIMARY,MODERN DANCE,VISUAL AND PERFORMING ARTS,DANCE
BEACON PRIMARY SCHOOL,PRIMARY,NETBALL,PHYSICAL SPORTS,
BEACON PRIMARY SCHOOL,PRIMARY,PERCUSSION ENSEMBLE,VISUAL AND PERFORMING ARTS,
BEACON PRIMARY SCHOOL,PRIMARY,ROBOTICS,CLUBS AND SOCIETIES,
BEACON PRIMARY SCHOOL,PRIMARY,SCOUTS,UNIFORMED GROUPS,
BEACON PRIMARY SCHOOL,PRIMARY,STUDENT LEADERSHIP (PREFECT),OTHERS,
BEACON PRIMARY SCHOOL,PRIMARY,TCHOUKBALL,PHYSICAL SPORTS,
BEACON PRIMARY SCHOOL,PRIMARY,UKULELE ENSEMBLE,VISUAL AND PERFORMING ARTS,UKULELE ENSEMBLE
BEACON PRIMARY SCHOOL,PRIMARY,WUSHU,PHYSICAL SPORTS,
BEATTY SECONDARY SCHOOL,SECONDARY (S1-S5),BADMINTON,PHYSICAL SPORTS,
BEATTY SECONDARY SCHOOL,SECONDARY (S1-S5),BOYS' BRIGADE,UNIFORMED GROUPS,
BEATTY SECONDARY SCHOOL,SECONDARY (S1-S5),CANOEING,PHYSICAL SPORTS,
BEATTY SECONDARY SCHOOL,SECONDARY (S1-S5),CHINESE ORCHESTRA,VISUAL AND PERFORMING ARTS,
BEATTY SECONDARY SCHOOL,SECONDARY (S1-S5),CHOIR,VISUAL AND PERFORMING ARTS,
BEATTY SECONDARY SCHOOL,SECONDARY (S1-S5),CONCERT BAND,VISUAL AND PERFORMING ARTS,
BEATTY SECONDARY SCHOOL,SECONDARY (S1-S5),ENGLISH DRAMA,VISUAL AND PERFORMING ARTS,
BEATTY SECONDARY SCHOOL,SECONDARY (S1-S5),FOOTBALL,PHYSICAL SPORTS,
BEATTY SECONDARY SCHOOL,SECONDARY (S1-S5),HEALTH AND FITNESS,PHYSICAL SPORTS,
BEATTY SECONDARY SCHOOL,SECONDARY (S1-S5),INFOCOMM TECHNOLOGY (MEDIA PRODUCTION),CLUBS AND SOCIETIES,
BEATTY SECONDARY SCHOOL,SECONDARY (S1-S5),MALAY DANCE,VISUAL AND PERFORMING ARTS,
BEATTY SECONDARY SCHOOL,SECONDARY (S1-S5),MODERN DANCE,VISUAL AND PERFORMING ARTS,
BEATTY SECONDARY SCHOOL,SECONDARY (S1-S5),MODULAR CCA (SPORTS),PHYSICAL SPORTS,
BEATTY SECONDARY SCHOOL,SECONDARY (S1-S5),NATIONAL CADET CORPS (AIR),UNIFORMED GROUPS,
BEATTY SECONDARY SCHOOL,SECONDARY (S1-S5),NATIONAL CADET CORPS (LAND),UNIFORMED GROUPS,
BEATTY SECONDARY SCHOOL,SECONDARY (S1-S5),NATIONAL CIVIL DEFENCE CADET CORPS,UNIFORMED GROUPS,
BEATTY SECONDARY SCHOOL,SECONDARY (S1-S5),NATIONAL POLICE CADET CORPS,UNIFORMED GROUPS,
BEATTY SECONDARY SCHOOL,SECONDARY (S1-S5),SCOUTS,UNIFORMED GROUPS,
BEATTY SECONDARY SCHOOL,SECONDARY (S1-S5),SP-CCA (ATHLETICS),PHYSICAL SPORTS,
BEATTY SECONDARY SCHOOL,SECONDARY (S1-S5),SP-CCA (WATER POLO),PHYSICAL SPORTS,
BEATTY SECONDARY SCHOOL,SECONDARY (S1-S5),STUDENT LEADERSHIP (PEER SUPPORT),OTHERS,
BEATTY SECONDARY SCHOOL,SECONDARY (S1-S5),SWIMMING,PHYSICAL SPORTS,
BEATTY SECONDARY SCHOOL,SECONDARY (S1-S5),TRACK AND FIELD,PHYSICAL SPORTS,
BEATTY SECONDARY SCHOOL,SECONDARY (S1-S5),VOLLEYBALL,PHYSICAL SPORTS,
BEATTY SECONDARY SCHOOL,SECONDARY (S1-S5),WUSHU,PHYSICAL SPORTS,
BEDOK GREEN PRIMARY SCHOOL,PRIMARY,ANGKLUNG/KULINTANG ENSEMBLE,VISUAL AND PERFORMING ARTS,
BEDOK GREEN PRIMARY SCHOOL,PRIMARY,ART AND CRAFTS,CLUBS AND SOCIETIES,
BEDOK GREEN PRIMARY SCHOOL,PRIMARY,BADMINTON,PHYSICAL SPORTS,
BEDOK GREEN PRIMARY SCHOOL,PRIMARY,BASKETBALL,PHYSICAL SPORTS,
BEDOK GREEN PRIMARY SCHOOL,PRIMARY,CHINESE DANCE,VISUAL AND PERFORMING ARTS,
BEDOK GREEN PRIMARY SCHOOL,PRIMARY,CHOIR,VISUAL AND PERFORMING ARTS,
BEDOK GREEN PRIMARY SCHOOL,PRIMARY,ENGLISH DRAMA,VISUAL AND PERFORMING ARTS,
BEDOK GREEN PRIMARY SCHOOL,PRIMARY,FOOTBALL,PHYSICAL SPORTS,
BEDOK GREEN PRIMARY SCHOOL,PRIMARY,GIRL GUIDES (BROWNIES),UNIFORMED GROUPS,
BEDOK GREEN PRIMARY SCHOOL,PRIMARY,GUZHENG ENSEMBLE,VISUAL AND PERFORMING ARTS,
BEDOK GREEN PRIMARY SCHOOL,PRIMARY,INFOCOMM TECHNOLOGY (MEDIA PRODUCTION),CLUBS AND SOCIETIES,
BEDOK GREEN PRIMARY SCHOOL,PRIMARY,MALAY DANCE,VISUAL AND PERFORMING ARTS,
BEDOK GREEN PRIMARY SCHOOL,PRIMARY,RUGBY,PHYSICAL SPORTS,
BEDOK GREEN PRIMARY SCHOOL,PRIMARY,SCOUTS,UNIFORMED GROUPS,
BEDOK GREEN SECONDARY SCHOOL,SECONDARY (S1-S5),ART AND CRAFTS,CLUBS AND SOCIETIES,
BEDOK GREEN SECONDARY SCHOOL,SECONDARY (S1-S5),AUDIO VISUAL AID,CLUBS AND SOCIETIES,INFOCOMM & MEDIA CLUB
BEDOK GREEN SECONDARY SCHOOL,SECONDARY (S1-S5),BADMINTON,PHYSICAL SPORTS,
BEDOK GREEN SECONDARY SCHOOL,SECONDARY (S1-S5),BASKETBALL,PHYSICAL SPORTS,
BEDOK GREEN SECONDARY SCHOOL,SECONDARY (S1-S5),CHOIR,VISUAL AND PERFORMING ARTS,
BEDOK GREEN SECONDARY SCHOOL,SECONDARY (S1-S5),CONCERT BAND,VISUAL AND PERFORMING ARTS,
BEDOK GREEN SECONDARY SCHOOL,SECONDARY (S1-S5),ENGLISH DRAMA,VISUAL AND PERFORMING ARTS,DRAMA
BEDOK GREEN SECONDARY SCHOOL,SECONDARY (S1-S5),ENVIRONMENTAL SCIENCE,CLUBS AND SOCIETIES,ENVIRONMENT CLUB
BEDOK GREEN SECONDARY SCHOOL,SECONDARY (S1-S5),FOOTBALL,PHYSICAL SPORTS,
BEDOK GREEN SECONDARY SCHOOL,SECONDARY (S1-S5),MODERN DANCE,VISUAL AND PERFORMING ARTS,DANCE
BEDOK GREEN SECONDARY SCHOOL,SECONDARY (S1-S5),NATIONAL CADET CORPS (LAND),UNIFORMED GROUPS,
BEDOK GREEN SECONDARY SCHOOL,SECONDARY (S1-S5),NATIONAL POLICE CADET CORPS,UNIFORMED GROUPS,
BEDOK GREEN SECONDARY SCHOOL,SECONDARY (S1-S5),OUTDOOR ADVENTURE,PHYSICAL SPORTS,
BEDOK GREEN SECONDARY SCHOOL,SECONDARY (S1-S5),SINGAPORE YOUTH FLYING CLUB,CLUBS AND SOCIETIES,YOUTH FLYING CLUB
BEDOK GREEN SECONDARY SCHOOL,SECONDARY (S1-S5),SOFTBALL,PHYSICAL SPORTS,
BEDOK GREEN SECONDARY SCHOOL,SECONDARY (S1-S5),SP-CCA (ATHLETICS),PHYSICAL SPORTS,
BEDOK GREEN SECONDARY SCHOOL,SECONDARY (S1-S5),SP-CCA (WATER POLO),PHYSICAL SPORTS,
BEDOK GREEN SECONDARY SCHOOL,SECONDARY (S1-S5),ST JOHN BRIGADE,UNIFORMED GROUPS,
BEDOK GREEN SECONDARY SCHOOL,SECONDARY (S1-S5),TCHOUKBALL,PHYSICAL SPORTS,
BEDOK GREEN SECONDARY SCHOOL,SECONDARY (S1-S5),WUSHU,PHYSICAL SPORTS,
BEDOK SOUTH SECONDARY SCHOOL,SECONDARY (S1-S5),AUDIO VISUAL AID,CLUBS AND SOCIETIES,MEDIA PRODUCTION CLUB
BEDOK SOUTH SECONDARY SCHOOL,SECONDARY (S1-S5),BADMINTON,PHYSICAL SPORTS,
BEDOK SOUTH SECONDARY SCHOOL,SECONDARY (S1-S5),CHINESE DANCE,VISUAL AND PERFORMING ARTS,DANCE SOCIETY
BEDOK SOUTH SECONDARY SCHOOL,SECONDARY (S1-S5),CHINESE ORCHESTRA,VISUAL AND PERFORMING ARTS,
BEDOK SOUTH SECONDARY SCHOOL,SECONDARY (S1-S5),CHOIR,VISUAL AND PERFORMING ARTS,
BEDOK SOUTH SECONDARY SCHOOL,SECONDARY (S1-S5),CONCERT BAND,VISUAL AND PERFORMING ARTS,SYMPHONIC BAND
BEDOK SOUTH SECONDARY SCHOOL,SECONDARY (S1-S5),DIVING,PHYSICAL SPORTS,
BEDOK SOUTH SECONDARY SCHOOL,SECONDARY (S1-S5),ENVIRONMENTAL SCIENCE,CLUBS AND SOCIETIES,SCIENCE & ENVIRONMENT CLUB
BEDOK SOUTH SECONDARY SCHOOL,SECONDARY (S1-S5),FLOORBALL,PHYSICAL SPORTS,
BEDOK SOUTH SECONDARY SCHOOL,SECONDARY (S1-S5),FOOTBALL,PHYSICAL SPORTS,
BEDOK SOUTH SECONDARY SCHOOL,SECONDARY (S1-S5),GIRL GUIDES,UNIFORMED GROUPS,
BEDOK SOUTH SECONDARY SCHOOL,SECONDARY (S1-S5),INFOCOMM TECHNOLOGY (MEDIA PRODUCTION),CLUBS AND SOCIETIES,INFOCOMM CLUB
BEDOK SOUTH SECONDARY SCHOOL,SECONDARY (S1-S5),MALAY DANCE,VISUAL AND PERFORMING ARTS,
BEDOK SOUTH SECONDARY SCHOOL,SECONDARY (S1-S5),NATIONAL CADET CORPS (LAND),UNIFORMED GROUPS,NCC
BEDOK SOUTH SECONDARY SCHOOL,SECONDARY (S1-S5),NATIONAL CIVIL DEFENCE CADET CORPS,UNIFORMED GROUPS,NCDCC
BEDOK SOUTH SECONDARY SCHOOL,SECONDARY (S1-S5),NATIONAL POLICE CADET CORPS,UNIFORMED GROUPS,NPCC
BEDOK SOUTH SECONDARY SCHOOL,SECONDARY (S1-S5),NETBALL,PHYSICAL SPORTS,
BEDOK SOUTH SECONDARY SCHOOL,SECONDARY (S1-S5),SCOUTS,UNIFORMED GROUPS,
BEDOK SOUTH SECONDARY SCHOOL,SECONDARY (S1-S5),SINGAPORE NATIONAL YOUTH CHINESE ORCHESTRA,VISUAL AND PERFORMING ARTS,
BEDOK SOUTH SECONDARY SCHOOL,SECONDARY (S1-S5),SINGAPORE NATIONAL YOUTH ORCHESTRA,VISUAL AND PERFORMING ARTS,
BEDOK SOUTH SECONDARY SCHOOL,SECONDARY (S1-S5),SP-CCA (ATHLETICS),PHYSICAL SPORTS,
BEDOK SOUTH SECONDARY SCHOOL,SECONDARY (S1-S5),SWIMMING,PHYSICAL SPORTS,
BEDOK VIEW SECONDARY SCHOOL,SECONDARY (S1-S5),BADMINTON,PHYSICAL SPORTS,
BEDOK VIEW SECONDARY SCHOOL,SECONDARY (S1-S5),BASKETBALL,PHYSICAL SPORTS,
BEDOK VIEW SECONDARY SCHOOL,SECONDARY (S1-S5),CHOIR,VISUAL AND PERFORMING ARTS,
BEDOK VIEW SECONDARY SCHOOL,SECONDARY (S1-S5),COMMUNITY SERVICE,CLUBS AND SOCIETIES,
BEDOK VIEW SECONDARY SCHOOL,SECONDARY (S1-S5),CONCERT BAND,VISUAL AND PERFORMING ARTS,
BEDOK VIEW SECONDARY SCHOOL,SECONDARY (S1-S5),ENGLISH DRAMA,VISUAL AND PERFORMING ARTS,
BEDOK VIEW SECONDARY SCHOOL,SECONDARY (S1-S5),FOOTBALL,PHYSICAL SPORTS,
BEDOK VIEW SECONDARY SCHOOL,SECONDARY (S1-S5),GIRL GUIDES,UNIFORMED GROUPS,
BEDOK VIEW SECONDARY SCHOOL,SECONDARY (S1-S5),GUZHENG ENSEMBLE,VISUAL AND PERFORMING ARTS,
BEDOK VIEW SECONDARY SCHOOL,SECONDARY (S1-S5),INFOCOMM TECHNOLOGY (MEDIA PRODUCTION),CLUBS AND SOCIETIES,
BEDOK VIEW SECONDARY SCHOOL,SECONDARY (S1-S5),MODERN DANCE,VISUAL AND PERFORMING ARTS,
BEDOK VIEW SECONDARY SCHOOL,SECONDARY (S1-S5),NATIONAL CADET CORPS (LAND),UNIFORMED GROUPS,
BEDOK VIEW SECONDARY SCHOOL,SECONDARY (S1-S5),NATIONAL POLICE CADET CORPS,UNIFORMED GROUPS,
BEDOK VIEW SECONDARY SCHOOL,SECONDARY (S1-S5),NETBALL,PHYSICAL SPORTS,
BEDOK VIEW SECONDARY SCHOOL,SECONDARY (S1-S5),SP-CCA (CANOEING),PHYSICAL SPORTS,
BEDOK VIEW SECONDARY SCHOOL,SECONDARY (S1-S5),SP-CCA (HOCKEY),PHYSICAL SPORTS,
BEDOK VIEW SECONDARY SCHOOL,SECONDARY (S1-S5),SP-CCA (WATER POLO),PHYSICAL SPORTS,
BEDOK VIEW SECONDARY SCHOOL,SECONDARY (S1-S5),TRACK AND FIELD,PHYSICAL SPORTS,
BENDEMEER PRIMARY SCHOOL,PRIMARY,ART AND CRAFTS,CLUBS AND SOCIETIES,
BENDEMEER PRIMARY SCHOOL,PRIMARY,CHINESE DANCE,VISUAL AND PERFORMING ARTS,
BENDEMEER PRIMARY SCHOOL,PRIMARY,CONCERT BAND,VISUAL AND PERFORMING ARTS,
BENDEMEER PRIMARY SCHOOL,PRIMARY,ENVIRONMENTAL SCIENCE,CLUBS AND SOCIETIES,
BENDEMEER PRIMARY SCHOOL,PRIMARY,FLOORBALL,PHYSICAL SPORTS,
BENDEMEER PRIMARY SCHOOL,PRIMARY,INDIAN DANCE,VISUAL AND PERFORMING ARTS,
BENDEMEER PRIMARY SCHOOL,PRIMARY,MALAY DANCE,VISUAL AND PERFORMING ARTS,
BENDEMEER PRIMARY SCHOOL,PRIMARY,MODULAR CCA (SPORTS),PHYSICAL SPORTS,
BENDEMEER PRIMARY SCHOOL,PRIMARY,ROPE SKIPPING,PHYSICAL SPORTS,
BENDEMEER PRIMARY SCHOOL,PRIMARY,SEPAKTAKRAW,PHYSICAL SPORTS,
BENDEMEER PRIMARY SCHOOL,PRIMARY,SINGAPORE NATIONAL YOUTH ORCHESTRA,VISUAL AND PERFORMING ARTS,
BENDEMEER PRIMARY SCHOOL,PRIMARY,TRACK AND FIELD,PHYSICAL SPORTS,
BENDEMEER PRIMARY SCHOOL,PRIMARY,WUSHU,PHYSICAL SPORTS,
BENDEMEER SECONDARY SCHOOL,SECONDARY (S1-S5),CHOIR,VISUAL AND PERFORMING ARTS,
BENDEMEER SECONDARY SCHOOL,SECONDARY (S1-S5),CONCERT BAND,VISUAL AND PERFORMING ARTS,
BENDEMEER SECONDARY SCHOOL,SECONDARY (S1-S5),CROSS COUNTRY,PHYSICAL SPORTS,
BENDEMEER SECONDARY SCHOOL,SECONDARY (S1-S5),ENGLISH DRAMA,VISUAL AND PERFORMING ARTS,
BENDEMEER SECONDARY SCHOOL,SECONDARY (S1-S5),FOOTBALL,PHYSICAL SPORTS,
BENDEMEER SECONDARY SCHOOL,SECONDARY (S1-S5),GIRL GUIDES,UNIFORMED GROUPS,
BENDEMEER SECONDARY SCHOOL,SECONDARY (S1-S5),INDIAN DANCE,VISUAL AND PERFORMING ARTS,
BENDEMEER SECONDARY SCHOOL,SECONDARY (S1-S5),INFOCOMM TECHNOLOGY (MEDIA PRODUCTION),CLUBS AND SOCIETIES,Media and Tech Club
BENDEMEER SECONDARY SCHOOL,SECONDARY (S1-S5),MODERN DANCE,VISUAL AND PERFORMING ARTS,
BENDEMEER SECONDARY SCHOOL,SECONDARY (S1-S5),NATIONAL CADET CORPS (LAND),UNIFORMED GROUPS,
BENDEMEER SECONDARY SCHOOL,SECONDARY (S1-S5),NATIONAL POLICE CADET CORPS,UNIFORMED GROUPS,
BENDEMEER SECONDARY SCHOOL,SECONDARY (S1-S5),RED CROSS YOUTH,UNIFORMED GROUPS,
BENDEMEER SECONDARY SCHOOL,SECONDARY (S1-S5),SEPAKTAKRAW,PHYSICAL SPORTS,
BENDEMEER SECONDARY SCHOOL,SECONDARY (S1-S5),SINGAPORE YOUTH FLYING CLUB,CLUBS AND SOCIETIES,
BENDEMEER SECONDARY SCHOOL,SECONDARY (S1-S5),SP-CCA (CANOEING),PHYSICAL SPORTS,
BENDEMEER SECONDARY SCHOOL,SECONDARY (S1-S5),SP-CCA (WATER POLO),PHYSICAL SPORTS,
BENDEMEER SECONDARY SCHOOL,SECONDARY (S1-S5),TAEKWONDO,PHYSICAL SPORTS,
BENDEMEER SECONDARY SCHOOL,SECONDARY (S1-S5),TCHOUKBALL,PHYSICAL SPORTS,
BLANGAH RISE PRIMARY SCHOOL,PRIMARY,ART AND CRAFTS,CLUBS AND SOCIETIES,ART AND DESIGN CLUB
BLANGAH RISE PRIMARY SCHOOL,PRIMARY,BADMINTON,PHYSICAL SPORTS,
BLANGAH RISE PRIMARY SCHOOL,PRIMARY,BASKETBALL,PHYSICAL SPORTS,
BLANGAH RISE PRIMARY SCHOOL,PRIMARY,CHOIR,VISUAL AND PERFORMING ARTS,
BLANGAH RISE PRIMARY SCHOOL,PRIMARY,FOOTBALL,PHYSICAL SPORTS,
BLANGAH RISE PRIMARY SCHOOL,PRIMARY,INFOCOMM TECHNOLOGY (MEDIA PRODUCTION),CLUBS AND SOCIETIES,MEDIA KIDS
BLANGAH RISE PRIMARY SCHOOL,PRIMARY,MODERN DANCE,VISUAL AND PERFORMING ARTS,
BLANGAH RISE PRIMARY SCHOOL,PRIMARY,PHYSICAL SCIENCE,CLUBS AND SOCIETIES,STEM CLUB
BLANGAH RISE PRIMARY SCHOOL,PRIMARY,RED CROSS YOUTH,UNIFORMED GROUPS,
BLANGAH RISE PRIMARY SCHOOL,PRIMARY,SCOUTS,UNIFORMED GROUPS,
BOON LAY GARDEN PRIMARY SCHOOL,PRIMARY,ART AND CRAFTS,CLUBS AND SOCIETIES,
BOON LAY GARDEN PRIMARY SCHOOL,PRIMARY,AUDIO VISUAL AID,CLUBS AND SOCIETIES,
BOON LAY GARDEN PRIMARY SCHOOL,PRIMARY,BOWLING,PHYSICAL SPORTS,
BOON LAY GARDEN PRIMARY SCHOOL,PRIMARY,CHINESE DANCE,VISUAL AND PERFORMING ARTS,
BOON LAY GARDEN PRIMARY SCHOOL,PRIMARY,CHOIR,VISUAL AND PERFORMING ARTS,
BOON LAY GARDEN PRIMARY SCHOOL,PRIMARY,DESIGN AND INNOVATION,CLUBS AND SOCIETIES,
BOON LAY GARDEN PRIMARY SCHOOL,PRIMARY,ENVIRONMENTAL SCIENCE,CLUBS AND SOCIETIES,
BOON LAY GARDEN PRIMARY SCHOOL,PRIMARY,FLOORBALL,PHYSICAL SPORTS,
BOON LAY GARDEN PRIMARY SCHOOL,PRIMARY,INDIAN DANCE,VISUAL AND PERFORMING ARTS,
BOON LAY GARDEN PRIMARY SCHOOL,PRIMARY,MALAY DANCE,VISUAL AND PERFORMING ARTS,
BOON LAY GARDEN PRIMARY SCHOOL,PRIMARY,NETBALL,PHYSICAL SPORTS,
BOON LAY GARDEN PRIMARY SCHOOL,PRIMARY,RED CROSS YOUTH,UNIFORMED GROUPS,
BOON LAY GARDEN PRIMARY SCHOOL,PRIMARY,SCOUTS,UNIFORMED GROUPS,
BOON LAY GARDEN PRIMARY SCHOOL,PRIMARY,TAEKWONDO,PHYSICAL SPORTS,
BOON LAY GARDEN PRIMARY SCHOOL,PRIMARY,TRACK AND FIELD,PHYSICAL SPORTS,
BOON LAY GARDEN PRIMARY SCHOOL,PRIMARY,WUSHU,PHYSICAL SPORTS,
BOON LAY SECONDARY SCHOOL,SECONDARY (S1-S5),AUDIO VISUAL AID,CLUBS AND SOCIETIES,AUDIO VISUAL AID
BOON LAY SECONDARY SCHOOL,SECONDARY (S1-S5),BADMINTON,PHYSICAL SPORTS,BADMINTON
BOON LAY SECONDARY SCHOOL,SECONDARY (S1-S5),BASKETBALL,PHYSICAL SPORTS,BASKETBALL
BOON LAY SECONDARY SCHOOL,SECONDARY (S1-S5),BOYS' BRIGADE,UNIFORMED GROUPS,BOYS' BRIGADE
BOON LAY SECONDARY SCHOOL,SECONDARY (S1-S5),CHINESE ORCHESTRA,VISUAL AND PERFORMING ARTS,CHINESE ORCHESTRA
BOON LAY SECONDARY SCHOOL,SECONDARY (S1-S5),CHOIR,VISUAL AND PERFORMING ARTS,CHOIR
BOON LAY SECONDARY SCHOOL,SECONDARY (S1-S5),CONCERT BAND,VISUAL AND PERFORMING ARTS,CONCERT BAND
BOON LAY SECONDARY SCHOOL,SECONDARY (S1-S5),ENGLISH DRAMA,VISUAL AND PERFORMING ARTS,MUSICAL THEATRE
BOON LAY SECONDARY SCHOOL,SECONDARY (S1-S5),FOOTBALL,PHYSICAL SPORTS,
BOON LAY SECONDARY SCHOOL,SECONDARY (S1-S5),INFOCOMM TECHNOLOGY (COMPUTING),CLUBS AND SOCIETIES,CYBERACE
BOON LAY SECONDARY SCHOOL,SECONDARY (S1-S5),MALAY DANCE,VISUAL AND PERFORMING ARTS,MALAY DANCE
BOON LAY SECONDARY SCHOOL,SECONDARY (S1-S5),MODERN DANCE,VISUAL AND PERFORMING ARTS,CONTEMPORARY DANCE
BOON LAY SECONDARY SCHOOL,SECONDARY (S1-S5),NATIONAL CADET CORPS (LAND),UNIFORMED GROUPS,NATIONAL CADET CORPS
BOON LAY SECONDARY SCHOOL,SECONDARY (S1-S5),NATIONAL CIVIL DEFENCE CADET CORPS,UNIFORMED GROUPS,NATIONAL CIVIL DEFENCE CADET CORPS
BOON LAY SECONDARY SCHOOL,SECONDARY (S1-S5),NATIONAL POLICE CADET CORPS,UNIFORMED GROUPS,NATIONAL POLICE CADET CORPS
BOON LAY SECONDARY SCHOOL,SECONDARY (S1-S5),NETBALL,PHYSICAL SPORTS,NETBALL
BOON LAY SECONDARY SCHOOL,SECONDARY (S1-S5),ST JOHN BRIGADE,UNIFORMED GROUPS,ST JOHN BRIGADE
BOON LAY SECONDARY SCHOOL,SECONDARY (S1-S5),STUDENT LEADERSHIP (COUNCIL),OTHERS,STUDENT LEADERSHIP
BOWEN SECONDARY SCHOOL,SECONDARY (S1-S5),ART AND CRAFTS,CLUBS AND SOCIETIES,BOWEN ARTISTS
BOWEN SECONDARY SCHOOL,SECONDARY (S1-S5),BADMINTON,PHYSICAL SPORTS,
BOWEN SECONDARY SCHOOL,SECONDARY (S1-S5),BASKETBALL,PHYSICAL SPORTS,
BOWEN SECONDARY SCHOOL,SECONDARY (S1-S5),BOYS' BRIGADE,UNIFORMED GROUPS,
BOWEN SECONDARY SCHOOL,SECONDARY (S1-S5),CHOIR,VISUAL AND PERFORMING ARTS,
BOWEN SECONDARY SCHOOL,SECONDARY (S1-S5),ENGLISH DRAMA,VISUAL AND PERFORMING ARTS,
BOWEN SECONDARY SCHOOL,SECONDARY (S1-S5),FOOTBALL,PHYSICAL SPORTS,
BOWEN SECONDARY SCHOOL,SECONDARY (S1-S5),GIRL GUIDES,UNIFORMED GROUPS,
BOWEN SECONDARY SCHOOL,SECONDARY (S1-S5),INDIAN DANCE,VISUAL AND PERFORMING ARTS,
BOWEN SECONDARY SCHOOL,SECONDARY (S1-S5),INFOCOMM TECHNOLOGY (MEDIA PRODUCTION),CLUBS AND SOCIETIES,AIMS CLUB
BOWEN SECONDARY SCHOOL,SECONDARY (S1-S5),MALAY DANCE,VISUAL AND PERFORMING ARTS,
BOWEN SECONDARY SCHOOL,SECONDARY (S1-S5),MARCHING BAND,VISUAL AND PERFORMING ARTS,BAND
BOWEN SECONDARY SCHOOL,SECONDARY (S1-S5),MEDIA RESOURCE LIBRARY,CLUBS AND SOCIETIES,LIBRARY
BOWEN SECONDARY SCHOOL,SECONDARY (S1-S5),MODERN DANCE,VISUAL AND PERFORMING ARTS,
BOWEN SECONDARY SCHOOL,SECONDARY (S1-S5),NATIONAL CADET CORPS (LAND),UNIFORMED GROUPS,
BOWEN SECONDARY SCHOOL,SECONDARY (S1-S5),NATIONAL CIVIL DEFENCE CADET CORPS,UNIFORMED GROUPS,
BOWEN SECONDARY SCHOOL,SECONDARY (S1-S5),NATIONAL POLICE CADET CORPS,UNIFORMED GROUPS,
BOWEN SECONDARY SCHOOL,SECONDARY (S1-S5),NETBALL,PHYSICAL SPORTS,
BOWEN SECONDARY SCHOOL,SECONDARY (S1-S5),SP-CCA (ATHLETICS),PHYSICAL SPORTS,
BOWEN SECONDARY SCHOOL,SECONDARY (S1-S5),TABLE TENNIS,PHYSICAL SPORTS,
BOWEN SECONDARY SCHOOL,SECONDARY (S1-S5),TAEKWONDO,PHYSICAL SPORTS,
BROADRICK SECONDARY SCHOOL,SECONDARY (S1-S5),BASKETBALL,PHYSICAL SPORTS,
BROADRICK SECONDARY SCHOOL,SECONDARY (S1-S5),CHOIR,VISUAL AND PERFORMING ARTS,
BROADRICK SECONDARY SCHOOL,SECONDARY (S1-S5),CONCERT BAND,VISUAL AND PERFORMING ARTS,
BROADRICK SECONDARY SCHOOL,SECONDARY (S1-S5),ENGLISH DRAMA,VISUAL AND PERFORMING ARTS,
BROADRICK SECONDARY SCHOOL,SECONDARY (S1-S5),GIRL GUIDES,UNIFORMED GROUPS,
BROADRICK SECONDARY SCHOOL,SECONDARY (S1-S5),HEALTH AND FITNESS,PHYSICAL SPORTS,
BROADRICK SECONDARY SCHOOL,SECONDARY (S1-S5),INFOCOMM TECHNOLOGY (MEDIA PRODUCTION),CLUBS AND SOCIETIES,
BROADRICK SECONDARY SCHOOL,SECONDARY (S1-S5),MEDIA RESOURCE LIBRARY,CLUBS AND SOCIETIES,
BROADRICK SECONDARY SCHOOL,SECONDARY (S1-S5),MODERN DANCE,VISUAL AND PERFORMING ARTS,
BROADRICK SECONDARY SCHOOL,SECONDARY (S1-S5),NATIONAL CADET CORPS (LAND),UNIFORMED GROUPS,
BROADRICK SECONDARY SCHOOL,SECONDARY (S1-S5),NATIONAL POLICE CADET CORPS,UNIFORMED GROUPS,
BROADRICK SECONDARY SCHOOL,SECONDARY (S1-S5),RED CROSS YOUTH,UNIFORMED GROUPS,
BROADRICK SECONDARY SCHOOL,SECONDARY (S1-S5),ROBOTICS,CLUBS AND SOCIETIES,
BROADRICK SECONDARY SCHOOL,SECONDARY (S1-S5),SHOOTING,PHYSICAL SPORTS,
BROADRICK SECONDARY SCHOOL,SECONDARY (S1-S5),SINGAPORE NATIONAL YOUTH ORCHESTRA,VISUAL AND PERFORMING ARTS,
BROADRICK SECONDARY SCHOOL,SECONDARY (S1-S5),SINGAPORE YOUTH FLYING CLUB,CLUBS AND SOCIETIES,
BROADRICK SECONDARY SCHOOL,SECONDARY (S1-S5),SP-CCA (ATHLETICS),PHYSICAL SPORTS,
BROADRICK SECONDARY SCHOOL,SECONDARY (S1-S5),SP-CCA (CANOEING),PHYSICAL SPORTS,
BROADRICK SECONDARY SCHOOL,SECONDARY (S1-S5),SP-CCA (WATER POLO),PHYSICAL SPORTS,
BROADRICK SECONDARY SCHOOL,SECONDARY (S1-S5),TAEKWONDO,PHYSICAL SPORTS,
BROADRICK SECONDARY SCHOOL,SECONDARY (S1-S5),TCHOUKBALL,PHYSICAL SPORTS,
BUKIT BATOK SECONDARY SCHOOL,SECONDARY (S1-S5),ART AND CRAFTS,CLUBS AND SOCIETIES,
BUKIT BATOK SECONDARY SCHOOL,SECONDARY (S1-S5),BADMINTON,PHYSICAL SPORTS,
BUKIT BATOK SECONDARY SCHOOL,SECONDARY (S1-S5),BASKETBALL,PHYSICAL SPORTS,
BUKIT BATOK SECONDARY SCHOOL,SECONDARY (S1-S5),BOYS' BRIGADE,UNIFORMED GROUPS,
BUKIT BATOK SECONDARY SCHOOL,SECONDARY (S1-S5),CHINESE ORCHESTRA,VISUAL AND PERFORMING ARTS,
BUKIT BATOK SECONDARY SCHOOL,SECONDARY (S1-S5),CHOIR,VISUAL AND PERFORMING ARTS,
BUKIT BATOK SECONDARY SCHOOL,SECONDARY (S1-S5),CONCERT BAND,VISUAL AND PERFORMING ARTS,
BUKIT BATOK SECONDARY SCHOOL,SECONDARY (S1-S5),CROSS COUNTRY,PHYSICAL SPORTS,
BUKIT BATOK SECONDARY SCHOOL,SECONDARY (S1-S5),"ENGLISH LANGUAGE, DRAMA AND DEBATING",CLUBS AND SOCIETIES,
BUKIT BATOK SECONDARY SCHOOL,SECONDARY (S1-S5),ENVIRONMENTAL SCIENCE,CLUBS AND SOCIETIES,
BUKIT BATOK SECONDARY SCHOOL,SECONDARY (S1-S5),GIRLS' BRIGADE,UNIFORMED GROUPS,
BUKIT BATOK SECONDARY SCHOOL,SECONDARY (S1-S5),HEALTH AND FITNESS,PHYSICAL SPORTS,
BUKIT BATOK SECONDARY SCHOOL,SECONDARY (S1-S5),INFOCOMM TECHNOLOGY (MEDIA PRODUCTION),CLUBS AND SOCIETIES,
BUKIT BATOK SECONDARY SCHOOL,SECONDARY (S1-S5),MALAY DANCE,VISUAL AND PERFORMING ARTS,
BUKIT BATOK SECONDARY SCHOOL,SECONDARY (S1-S5),MODERN DANCE,VISUAL AND PERFORMING ARTS,
BUKIT BATOK SECONDARY SCHOOL,SECONDARY (S1-S5),NATIONAL CADET CORPS (LAND),UNIFORMED GROUPS,
BUKIT BATOK SECONDARY SCHOOL,SECONDARY (S1-S5),NATIONAL CADET CORPS (SEA),UNIFORMED GROUPS,
BUKIT BATOK SECONDARY SCHOOL,SECONDARY (S1-S5),NATIONAL POLICE CADET CORPS,UNIFORMED GROUPS,
BUKIT BATOK SECONDARY SCHOOL,SECONDARY (S1-S5),ROBOTICS,CLUBS AND SOCIETIES,
BUKIT BATOK SECONDARY SCHOOL,SECONDARY (S1-S5),RUGBY,PHYSICAL SPORTS,
BUKIT BATOK SECONDARY SCHOOL,SECONDARY (S1-S5),SHOOTING,PHYSICAL SPORTS,
BUKIT BATOK SECONDARY SCHOOL,SECONDARY (S1-S5),SOFTBALL,PHYSICAL SPORTS,
BUKIT BATOK SECONDARY SCHOOL,SECONDARY (S1-S5),SP-CCA (ATHLETICS),PHYSICAL SPORTS,
BUKIT BATOK SECONDARY SCHOOL,SECONDARY (S1-S5),SP-CCA (ETHNIC DANCE),VISUAL AND PERFORMING ARTS,
BUKIT BATOK SECONDARY SCHOOL,SECONDARY (S1-S5),STUDENT LEADERSHIP (COUNCIL),OTHERS,
BUKIT MERAH SECONDARY SCHOOL,SECONDARY (S1-S5),ARTISTIC GYMNASTICS,PHYSICAL SPORTS,
BUKIT MERAH SECONDARY SCHOOL,SECONDARY (S1-S5),AUDIO VISUAL AID,CLUBS AND SOCIETIES,
BUKIT MERAH SECONDARY SCHOOL,SECONDARY (S1-S5),BASKETBALL,PHYSICAL SPORTS,
BUKIT MERAH SECONDARY SCHOOL,SECONDARY (S1-S5),CONCERT BAND,VISUAL AND PERFORMING ARTS,
BUKIT MERAH SECONDARY SCHOOL,SECONDARY (S1-S5),ENGLISH DRAMA,VISUAL AND PERFORMING ARTS,DRAMA CLUB
BUKIT MERAH SECONDARY SCHOOL,SECONDARY (S1-S5),ENTREPRENEURSHIP,CLUBS AND SOCIETIES,YOUNG ENTREPRENEUR CLUB
BUKIT MERAH SECONDARY SCHOOL,SECONDARY (S1-S5),FLOORBALL,PHYSICAL SPORTS,
BUKIT MERAH SECONDARY SCHOOL,SECONDARY (S1-S5),INFOCOMM TECHNOLOGY (MEDIA PRODUCTION),CLUBS AND SOCIETIES,INFO. MEDIA CLUB
BUKIT MERAH SECONDARY SCHOOL,SECONDARY (S1-S5),MODERN DANCE,VISUAL AND PERFORMING ARTS,
BUKIT MERAH SECONDARY SCHOOL,SECONDARY (S1-S5),MODULAR CCA (C&S),CLUBS AND SOCIETIES,
BUKIT MERAH SECONDARY SCHOOL,SECONDARY (S1-S5),NATIONAL CADET CORPS (LAND),UNIFORMED GROUPS,
BUKIT MERAH SECONDARY SCHOOL,SECONDARY (S1-S5),NATIONAL CIVIL DEFENCE CADET CORPS,UNIFORMED GROUPS,
BUKIT MERAH SECONDARY SCHOOL,SECONDARY (S1-S5),ROBOTICS,CLUBS AND SOCIETIES,ENGINEERING AND INNOVATION CLUB
BUKIT MERAH SECONDARY SCHOOL,SECONDARY (S1-S5),SCOUTS,UNIFORMED GROUPS,
BUKIT MERAH SECONDARY SCHOOL,SECONDARY (S1-S5),SP-CCA (HOCKEY),PHYSICAL SPORTS,
BUKIT MERAH SECONDARY SCHOOL,SECONDARY (S1-S5),ST JOHN BRIGADE,UNIFORMED GROUPS,
BUKIT MERAH SECONDARY SCHOOL,SECONDARY (S1-S5),TCHOUKBALL,PHYSICAL SPORTS,
BUKIT PANJANG GOVT. HIGH SCHOOL,SECONDARY (S1-S5),AUDIO VISUAL AID,CLUBS AND SOCIETIES,
BUKIT PANJANG GOVT. HIGH SCHOOL,SECONDARY (S1-S5),BASKETBALL,PHYSICAL SPORTS,
BUKIT PANJANG GOVT. HIGH SCHOOL,SECONDARY (S1-S5),CHINESE DRAMA,VISUAL AND PERFORMING ARTS,
BUKIT PANJANG GOVT. HIGH SCHOOL,SECONDARY (S1-S5),CHINESE ORCHESTRA,VISUAL AND PERFORMING ARTS,
BUKIT PANJANG GOVT. HIGH SCHOOL,SECONDARY (S1-S5),CHOIR,VISUAL AND PERFORMING ARTS,
BUKIT PANJANG GOVT. HIGH SCHOOL,SECONDARY (S1-S5),CONCERT BAND,VISUAL AND PERFORMING ARTS,
BUKIT PANJANG GOVT. HIGH SCHOOL,SECONDARY (S1-S5),ENGLISH DRAMA,VISUAL AND PERFORMING ARTS,
BUKIT PANJANG GOVT. HIGH SCHOOL,SECONDARY (S1-S5),FENCING,PHYSICAL SPORTS,
BUKIT PANJANG GOVT. HIGH SCHOOL,SECONDARY (S1-S5),FLOORBALL,PHYSICAL SPORTS,
BUKIT PANJANG GOVT. HIGH SCHOOL,SECONDARY (S1-S5),FRISBEE,PHYSICAL SPORTS,
BUKIT PANJANG GOVT. HIGH SCHOOL,SECONDARY (S1-S5),GAMELAN ENSEMBLE,VISUAL AND PERFORMING ARTS,
BUKIT PANJANG GOVT. HIGH SCHOOL,SECONDARY (S1-S5),GIRL GUIDES,UNIFORMED GROUPS,
BUKIT PANJANG GOVT. HIGH SCHOOL,SECONDARY (S1-S5),INFOCOMM TECHNOLOGY (MEDIA PRODUCTION),CLUBS AND SOCIETIES,
BUKIT PANJANG GOVT. HIGH SCHOOL,SECONDARY (S1-S5),MODERN DANCE,VISUAL AND PERFORMING ARTS,INTERNATIONAL DANCE
BUKIT PANJANG GOVT. HIGH SCHOOL,SECONDARY (S1-S5),NATIONAL CADET CORPS (LAND),UNIFORMED GROUPS,
BUKIT PANJANG GOVT. HIGH SCHOOL,SECONDARY (S1-S5),NATIONAL POLICE CADET CORPS,UNIFORMED GROUPS,
BUKIT PANJANG GOVT. HIGH SCHOOL,SECONDARY (S1-S5),NETBALL,PHYSICAL SPORTS,
BUKIT PANJANG GOVT. HIGH SCHOOL,SECONDARY (S1-S5),PHYSICAL SCIENCE,CLUBS AND SOCIETIES,
BUKIT PANJANG GOVT. HIGH SCHOOL,SECONDARY (S1-S5),SCOUTS,UNIFORMED GROUPS,
BUKIT PANJANG GOVT. HIGH SCHOOL,SECONDARY (S1-S5),SINGAPORE NATIONAL YOUTH ORCHESTRA,VISUAL AND PERFORMING ARTS,
BUKIT PANJANG GOVT. HIGH SCHOOL,SECONDARY (S1-S5),ST JOHN BRIGADE,UNIFORMED GROUPS,
BUKIT PANJANG GOVT. HIGH SCHOOL,SECONDARY (S1-S5),STUDENT LEADERSHIP (COUNCIL),OTHERS,
BUKIT PANJANG GOVT. HIGH SCHOOL,SECONDARY (S1-S5),VOLLEYBALL,PHYSICAL SPORTS,
BUKIT PANJANG PRIMARY SCHOOL,PRIMARY,ART AND CRAFTS,CLUBS AND SOCIETIES,
BUKIT PANJANG PRIMARY SCHOOL,PRIMARY,BADMINTON,PHYSICAL SPORTS,
BUKIT PANJANG PRIMARY SCHOOL,PRIMARY,BASKETBALL,PHYSICAL SPORTS,
BUKIT PANJANG PRIMARY SCHOOL,PRIMARY,BRASS BAND,VISUAL AND PERFORMING ARTS,
BUKIT PANJANG PRIMARY SCHOOL,PRIMARY,CHINESE CALLIGRAPHY AND BRUSH PAINTING,CLUBS AND SOCIETIES,
BUKIT PANJANG PRIMARY SCHOOL,PRIMARY,CHINESE DANCE,VISUAL AND PERFORMING ARTS,
BUKIT PANJANG PRIMARY SCHOOL,PRIMARY,CHINESE DRUMS,VISUAL AND PERFORMING ARTS,FESTIVE DRUMS
BUKIT PANJANG PRIMARY SCHOOL,PRIMARY,CHOIR,VISUAL AND PERFORMING ARTS,
BUKIT PANJANG PRIMARY SCHOOL,PRIMARY,ENVIRONMENTAL SCIENCE,CLUBS AND SOCIETIES,
BUKIT PANJANG PRIMARY SCHOOL,PRIMARY,FLOORBALL,PHYSICAL SPORTS,
BUKIT PANJANG PRIMARY SCHOOL,PRIMARY,FOOTBALL,PHYSICAL SPORTS,
BUKIT PANJANG PRIMARY SCHOOL,PRIMARY,INFOCOMM TECHNOLOGY (COMPUTING),CLUBS AND SOCIETIES,
BUKIT PANJANG PRIMARY SCHOOL,PRIMARY,MODERN DANCE,VISUAL AND PERFORMING ARTS,
BUKIT PANJANG PRIMARY SCHOOL,PRIMARY,RED CROSS YOUTH,UNIFORMED GROUPS,
BUKIT PANJANG PRIMARY SCHOOL,PRIMARY,ROBOTICS,CLUBS AND SOCIETIES,
BUKIT PANJANG PRIMARY SCHOOL,PRIMARY,SCOUTS,UNIFORMED GROUPS,
BUKIT PANJANG PRIMARY SCHOOL,PRIMARY,STUDENT LEADERSHIP (PREFECT),OTHERS,
BUKIT PANJANG PRIMARY SCHOOL,PRIMARY,TABLE TENNIS,PHYSICAL SPORTS,
BUKIT PANJANG PRIMARY SCHOOL,PRIMARY,WUSHU,PHYSICAL SPORTS,
BUKIT TIMAH PRIMARY SCHOOL,PRIMARY,ART AND CRAFTS,CLUBS AND SOCIETIES,ART CLUB
BUKIT TIMAH PRIMARY SCHOOL,PRIMARY,BADMINTON,PHYSICAL SPORTS,
BUKIT TIMAH PRIMARY SCHOOL,PRIMARY,BASKETBALL,PHYSICAL SPORTS,
BUKIT TIMAH PRIMARY SCHOOL,PRIMARY,BOYS' BRIGADE,UNIFORMED GROUPS,
BUKIT TIMAH PRIMARY SCHOOL,PRIMARY,BRASS BAND,VISUAL AND PERFORMING ARTS,
BUKIT TIMAH PRIMARY SCHOOL,PRIMARY,CHOIR,VISUAL AND PERFORMING ARTS,
BUKIT TIMAH PRIMARY SCHOOL,PRIMARY,ENGLISH DRAMA,VISUAL AND PERFORMING ARTS,
BUKIT TIMAH PRIMARY SCHOOL,PRIMARY,ENVIRONMENTAL SCIENCE,CLUBS AND SOCIETIES,
BUKIT TIMAH PRIMARY SCHOOL,PRIMARY,FOOTBALL,PHYSICAL SPORTS,
BUKIT TIMAH PRIMARY SCHOOL,PRIMARY,INFOCOMM TECHNOLOGY (COMPUTING),CLUBS AND SOCIETIES,
BUKIT TIMAH PRIMARY SCHOOL,PRIMARY,MODERN DANCE,VISUAL AND PERFORMING ARTS,
BUKIT TIMAH PRIMARY SCHOOL,PRIMARY,NETBALL,PHYSICAL SPORTS,
BUKIT TIMAH PRIMARY SCHOOL,PRIMARY,RUGBY,PHYSICAL SPORTS,
BUKIT TIMAH PRIMARY SCHOOL,PRIMARY,SCOUTS,UNIFORMED GROUPS,
BUKIT TIMAH PRIMARY SCHOOL,PRIMARY,SINGAPORE NATIONAL YOUTH ORCHESTRA,VISUAL AND PERFORMING ARTS,
BUKIT TIMAH PRIMARY SCHOOL,PRIMARY,STUDENT LEADERSHIP (PEER SUPPORT),OTHERS,
BUKIT TIMAH PRIMARY SCHOOL,PRIMARY,STUDENT LEADERSHIP (PREFECT),OTHERS,
BUKIT TIMAH PRIMARY SCHOOL,PRIMARY,WUSHU,PHYSICAL SPORTS,
BUKIT VIEW PRIMARY SCHOOL,PRIMARY,ANGKLUNG/KULINTANG ENSEMBLE,VISUAL AND PERFORMING ARTS,
BUKIT VIEW PRIMARY SCHOOL,PRIMARY,ART AND CRAFTS,CLUBS AND SOCIETIES,
BUKIT VIEW PRIMARY SCHOOL,PRIMARY,BADMINTON,PHYSICAL SPORTS,
BUKIT VIEW PRIMARY SCHOOL,PRIMARY,BASKETBALL,PHYSICAL SPORTS,
BUKIT VIEW PRIMARY SCHOOL,PRIMARY,CHINESE DANCE,VISUAL AND PERFORMING ARTS,
BUKIT VIEW PRIMARY SCHOOL,PRIMARY,CHOIR,VISUAL AND PERFORMING ARTS,
BUKIT VIEW PRIMARY SCHOOL,PRIMARY,COMMUNITY SERVICE,CLUBS AND SOCIETIES,BEFRIENDERS' CLUB
BUKIT VIEW PRIMARY SCHOOL,PRIMARY,ENGLISH DRAMA,VISUAL AND PERFORMING ARTS,DRAMA
BUKIT VIEW PRIMARY SCHOOL,PRIMARY,ENVIRONMENTAL SCIENCE,CLUBS AND SOCIETIES,ECO DISCOVERY CLUB
BUKIT VIEW PRIMARY SCHOOL,PRIMARY,FOOTBALL,PHYSICAL SPORTS,
BUKIT VIEW PRIMARY SCHOOL,PRIMARY,INDIAN DANCE,VISUAL AND PERFORMING ARTS,
BUKIT VIEW PRIMARY SCHOOL,PRIMARY,INFOCOMM TECHNOLOGY (COMPUTING),CLUBS AND SOCIETIES,INFOCOMM - ROBOTICS CLUB
BUKIT VIEW PRIMARY SCHOOL,PRIMARY,INFOCOMM TECHNOLOGY (MEDIA PRODUCTION),CLUBS AND SOCIETIES,CREATIVE MEDIA CLUB
BUKIT VIEW PRIMARY SCHOOL,PRIMARY,MALAY DANCE,VISUAL AND PERFORMING ARTS,
BUKIT VIEW PRIMARY SCHOOL,PRIMARY,NETBALL,PHYSICAL SPORTS,
BUKIT VIEW PRIMARY SCHOOL,PRIMARY,RED CROSS YOUTH,UNIFORMED GROUPS,RED CROSS (LINKS)
BUKIT VIEW PRIMARY SCHOOL,PRIMARY,STRATEGY GAMES,CLUBS AND SOCIETIES,MASS BRAIN ACTIVITIES (MBA) CLUB
BUKIT VIEW PRIMARY SCHOOL,PRIMARY,STUDENT INITIATED ACTIVITIES (CLUBS & SOCIETIES),OTHERS,STUDENT LEADERSHIP (ENVIRONMENT CHAMPION)
BUKIT VIEW PRIMARY SCHOOL,PRIMARY,STUDENT LEADERSHIP (PEER SUPPORT),OTHERS,
BUKIT VIEW PRIMARY SCHOOL,PRIMARY,STUDENT LEADERSHIP (PREFECT),OTHERS,
BUKIT VIEW PRIMARY SCHOOL,PRIMARY,WUSHU,PHYSICAL SPORTS,
BUKIT VIEW SECONDARY SCHOOL,SECONDARY (S1-S5),BADMINTON,PHYSICAL SPORTS,
BUKIT VIEW SECONDARY SCHOOL,SECONDARY (S1-S5),BOYS' BRIGADE,UNIFORMED GROUPS,
BUKIT VIEW SECONDARY SCHOOL,SECONDARY (S1-S5),CANOEING,PHYSICAL SPORTS,
BUKIT VIEW SECONDARY SCHOOL,SECONDARY (S1-S5),CHOIR,VISUAL AND PERFORMING ARTS,
BUKIT VIEW SECONDARY SCHOOL,SECONDARY (S1-S5),CONCERT BAND,VISUAL AND PERFORMING ARTS,
BUKIT VIEW SECONDARY SCHOOL,SECONDARY (S1-S5),DIGITAL MEDIA,CLUBS AND SOCIETIES,
BUKIT VIEW SECONDARY SCHOOL,SECONDARY (S1-S5),ENGLISH DRAMA,VISUAL AND PERFORMING ARTS,
BUKIT VIEW SECONDARY SCHOOL,SECONDARY (S1-S5),ENVIRONMENTAL SCIENCE,CLUBS AND SOCIETIES,
BUKIT VIEW SECONDARY SCHOOL,SECONDARY (S1-S5),FLOORBALL,PHYSICAL SPORTS,
BUKIT VIEW SECONDARY SCHOOL,SECONDARY (S1-S5),GIRLS' BRIGADE,UNIFORMED GROUPS,
BUKIT VIEW SECONDARY SCHOOL,SECONDARY (S1-S5),INFOCOMM TECHNOLOGY (COMPUTING),CLUBS AND SOCIETIES,
BUKIT VIEW SECONDARY SCHOOL,SECONDARY (S1-S5),MODERN DANCE,VISUAL AND PERFORMING ARTS,
BUKIT VIEW SECONDARY SCHOOL,SECONDARY (S1-S5),NATIONAL CADET CORPS (LAND),UNIFORMED GROUPS,
BUKIT VIEW SECONDARY SCHOOL,SECONDARY (S1-S5),NATIONAL POLICE CADET CORPS,UNIFORMED GROUPS,
BUKIT VIEW SECONDARY SCHOOL,SECONDARY (S1-S5),SINGAPORE YOUTH FLYING CLUB,CLUBS AND SOCIETIES,
BUKIT VIEW SECONDARY SCHOOL,SECONDARY (S1-S5),TABLE TENNIS,PHYSICAL SPORTS,
BUKIT VIEW SECONDARY SCHOOL,SECONDARY (S1-S5),TRACK AND FIELD,PHYSICAL SPORTS,
BUKIT VIEW SECONDARY SCHOOL,SECONDARY (S1-S5),VOLLEYBALL,PHYSICAL SPORTS,
BUKIT VIEW SECONDARY SCHOOL,SECONDARY (S1-S5),WATER POLO,PHYSICAL SPORTS,
CANBERRA PRIMARY SCHOOL,PRIMARY,ART AND CRAFTS,CLUBS AND SOCIETIES,ART CLUB
CANBERRA PRIMARY SCHOOL,PRIMARY,ARTISTIC GYMNASTICS,PHYSICAL SPORTS,
CANBERRA PRIMARY SCHOOL,PRIMARY,BADMINTON,PHYSICAL SPORTS,
CANBERRA PRIMARY SCHOOL,PRIMARY,BASKETBALL,PHYSICAL SPORTS,
CANBERRA PRIMARY SCHOOL,PRIMARY,CHOIR,VISUAL AND PERFORMING ARTS,
CANBERRA PRIMARY SCHOOL,PRIMARY,CONCERT BAND,VISUAL AND PERFORMING ARTS,
CANBERRA PRIMARY SCHOOL,PRIMARY,"ENGLISH LANGUAGE, DRAMA AND DEBATING",CLUBS AND SOCIETIES,DRAMA CLUB
CANBERRA PRIMARY SCHOOL,PRIMARY,FLOORBALL,PHYSICAL SPORTS,
CANBERRA PRIMARY SCHOOL,PRIMARY,FOOTBALL,PHYSICAL SPORTS,
CANBERRA PRIMARY SCHOOL,PRIMARY,GIRL GUIDES (BROWNIES),UNIFORMED GROUPS,
CANBERRA PRIMARY SCHOOL,PRIMARY,MEDIA RESOURCE LIBRARY,CLUBS AND SOCIETIES,LIBRARY AMBASSADORS
CANBERRA PRIMARY SCHOOL,PRIMARY,MODERN DANCE,VISUAL AND PERFORMING ARTS,INTERNATIONAL DANCE
CANBERRA PRIMARY SCHOOL,PRIMARY,PHYSICAL SCIENCE,CLUBS AND SOCIETIES,SCIENCE & ENVIRONMENTAL CLUB
CANBERRA PRIMARY SCHOOL,PRIMARY,ROBOTICS,CLUBS AND SOCIETIES,DIGITAL ARTISANS
CANBERRA PRIMARY SCHOOL,PRIMARY,SCOUTS,UNIFORMED GROUPS,CUB SCOUTS
CANBERRA PRIMARY SCHOOL,PRIMARY,STUDENT LEADERSHIP (PREFECT),OTHERS,
CANBERRA PRIMARY SCHOOL,PRIMARY,SWIMMING,PHYSICAL SPORTS,
CANBERRA PRIMARY SCHOOL,PRIMARY,TAEKWONDO,PHYSICAL SPORTS,
CANBERRA PRIMARY SCHOOL,PRIMARY,TRACK AND FIELD,PHYSICAL SPORTS,
CANBERRA PRIMARY SCHOOL,PRIMARY,WUSHU,PHYSICAL SPORTS,
CANBERRA SECONDARY SCHOOL,SECONDARY (S1-S5),BADMINTON,PHYSICAL SPORTS,
CANBERRA SECONDARY SCHOOL,SECONDARY (S1-S5),BOYS' BRIGADE,UNIFORMED GROUPS,
CANBERRA SECONDARY SCHOOL,SECONDARY (S1-S5),CHOIR,VISUAL AND PERFORMING ARTS,
CANBERRA SECONDARY SCHOOL,SECONDARY (S1-S5),CONCERT BAND,VISUAL AND PERFORMING ARTS,
CANBERRA SECONDARY SCHOOL,SECONDARY (S1-S5),DIGITAL MEDIA,CLUBS AND SOCIETIES,
CANBERRA SECONDARY SCHOOL,SECONDARY (S1-S5),ENVIRONMENTAL SCIENCE,CLUBS AND SOCIETIES,
CANBERRA SECONDARY SCHOOL,SECONDARY (S1-S5),FLOORBALL,PHYSICAL SPORTS,
CANBERRA SECONDARY SCHOOL,SECONDARY (S1-S5),GIRLS' BRIGADE,UNIFORMED GROUPS,
CANBERRA SECONDARY SCHOOL,SECONDARY (S1-S5),GUITAR ENSEMBLE,VISUAL AND PERFORMING ARTS,
CANBERRA SECONDARY SCHOOL,SECONDARY (S1-S5),GUZHENG ENSEMBLE,VISUAL AND PERFORMING ARTS,
CANBERRA SECONDARY SCHOOL,SECONDARY (S1-S5),INFOCOMM TECHNOLOGY (MEDIA PRODUCTION),CLUBS AND SOCIETIES,
CANBERRA SECONDARY SCHOOL,SECONDARY (S1-S5),MEDIA RESOURCE LIBRARY,CLUBS AND SOCIETIES,
CANBERRA SECONDARY SCHOOL,SECONDARY (S1-S5),MODERN DANCE,VISUAL AND PERFORMING ARTS,
CANBERRA SECONDARY SCHOOL,SECONDARY (S1-S5),NATIONAL CADET CORPS (AIR),UNIFORMED GROUPS,
CANBERRA SECONDARY SCHOOL,SECONDARY (S1-S5),NATIONAL CADET CORPS (SEA),UNIFORMED GROUPS,
CANBERRA SECONDARY SCHOOL,SECONDARY (S1-S5),NATIONAL CIVIL DEFENCE CADET CORPS,UNIFORMED GROUPS,
CANBERRA SECONDARY SCHOOL,SECONDARY (S1-S5),NATIONAL POLICE CADET CORPS,UNIFORMED GROUPS,
CANBERRA SECONDARY SCHOOL,SECONDARY (S1-S5),NETBALL,PHYSICAL SPORTS,
CANBERRA SECONDARY SCHOOL,SECONDARY (S1-S5),ROBOTICS,CLUBS AND SOCIETIES,VEX Robotics
CANBERRA SECONDARY SCHOOL,SECONDARY (S1-S5),SHOOTING,PHYSICAL SPORTS,
CANBERRA SECONDARY SCHOOL,SECONDARY (S1-S5),TAEKWONDO,PHYSICAL SPORTS,
CANBERRA SECONDARY SCHOOL,SECONDARY (S1-S5),VOLLEYBALL,PHYSICAL SPORTS,
CANOSSA CATHOLIC PRIMARY SCHOOL,PRIMARY,ART AND CRAFTS,CLUBS AND SOCIETIES,
CANOSSA CATHOLIC PRIMARY SCHOOL,PRIMARY,CHOIR,VISUAL AND PERFORMING ARTS,
CANOSSA CATHOLIC PRIMARY SCHOOL,PRIMARY,FLOORBALL,PHYSICAL SPORTS,
CANOSSA CATHOLIC PRIMARY SCHOOL,PRIMARY,GIRL GUIDES (BROWNIES),UNIFORMED GROUPS,
CANOSSA CATHOLIC PRIMARY SCHOOL,PRIMARY,GUITAR ENSEMBLE,VISUAL AND PERFORMING ARTS,
CANOSSA CATHOLIC PRIMARY SCHOOL,PRIMARY,HANDBELL ENSEMBLE,VISUAL AND PERFORMING ARTS,
CANOSSA CATHOLIC PRIMARY SCHOOL,PRIMARY,INFOCOMM TECHNOLOGY (MEDIA PRODUCTION),CLUBS AND SOCIETIES,
CANOSSA CATHOLIC PRIMARY SCHOOL,PRIMARY,MODERN DANCE,VISUAL AND PERFORMING ARTS,
CANOSSA CATHOLIC PRIMARY SCHOOL,PRIMARY,MODULAR CCA (SPORTS),PHYSICAL SPORTS,
CANOSSA CATHOLIC PRIMARY SCHOOL,PRIMARY,PERCUSSION ENSEMBLE,VISUAL AND PERFORMING ARTS,
CANOSSA CATHOLIC PRIMARY SCHOOL,PRIMARY,SCOUTS,UNIFORMED GROUPS,
CANOSSA CATHOLIC PRIMARY SCHOOL,PRIMARY,TAEKWONDO,PHYSICAL SPORTS,
CANOSSA CATHOLIC PRIMARY SCHOOL,PRIMARY,TRACK AND FIELD,PHYSICAL SPORTS,
CANTONMENT PRIMARY SCHOOL,PRIMARY,ART AND CRAFTS,CLUBS AND SOCIETIES,CREATIVE DESIGN CLUB
CANTONMENT PRIMARY SCHOOL,PRIMARY,BADMINTON,PHYSICAL SPORTS,
CANTONMENT PRIMARY SCHOOL,PRIMARY,BASKETBALL,PHYSICAL SPORTS,
CANTONMENT PRIMARY SCHOOL,PRIMARY,CHOIR,VISUAL AND PERFORMING ARTS,
CANTONMENT PRIMARY SCHOOL,PRIMARY,FOOTBALL,PHYSICAL SPORTS,
CANTONMENT PRIMARY SCHOOL,PRIMARY,GUITAR ENSEMBLE,VISUAL AND PERFORMING ARTS,
CANTONMENT PRIMARY SCHOOL,PRIMARY,HOCKEY,PHYSICAL SPORTS,
CANTONMENT PRIMARY SCHOOL,PRIMARY,INFOCOMM TECHNOLOGY (MEDIA PRODUCTION),CLUBS AND SOCIETIES,INFOCOMM & ROBOTICS
CANTONMENT PRIMARY SCHOOL,PRIMARY,MODERN DANCE,VISUAL AND PERFORMING ARTS,INTERNATIONAL DANCE
CANTONMENT PRIMARY SCHOOL,PRIMARY,OUTDOOR ADVENTURE,PHYSICAL SPORTS,
CANTONMENT PRIMARY SCHOOL,PRIMARY,PHYSICAL SCIENCE,CLUBS AND SOCIETIES,SCIENCE CLUB
CANTONMENT PRIMARY SCHOOL,PRIMARY,SCOUTS,UNIFORMED GROUPS,
CANTONMENT PRIMARY SCHOOL,PRIMARY,SINGAPORE NATIONAL YOUTH CHINESE ORCHESTRA,VISUAL AND PERFORMING ARTS,
CANTONMENT PRIMARY SCHOOL,PRIMARY,STUDENT LEADERSHIP (PEER SUPPORT),OTHERS,
CANTONMENT PRIMARY SCHOOL,PRIMARY,STUDENT LEADERSHIP (PREFECT),OTHERS,
CANTONMENT PRIMARY SCHOOL,PRIMARY,VOLLEYBALL,PHYSICAL SPORTS,
CANTONMENT PRIMARY SCHOOL,PRIMARY,WUSHU,PHYSICAL SPORTS,
CASUARINA PRIMARY SCHOOL,PRIMARY,ART AND CRAFTS,CLUBS AND SOCIETIES,
CASUARINA PRIMARY SCHOOL,PRIMARY,BADMINTON,PHYSICAL SPORTS,
CASUARINA PRIMARY SCHOOL,PRIMARY,CHINESE DANCE,VISUAL AND PERFORMING ARTS,
CASUARINA PRIMARY SCHOOL,PRIMARY,CHOIR,VISUAL AND PERFORMING ARTS,
CASUARINA PRIMARY SCHOOL,PRIMARY,CONCERT BAND,VISUAL AND PERFORMING ARTS,
CASUARINA PRIMARY SCHOOL,PRIMARY,ENVIRONMENTAL SCIENCE,CLUBS AND SOCIETIES,
CASUARINA PRIMARY SCHOOL,PRIMARY,FLOORBALL,PHYSICAL SPORTS,
CASUARINA PRIMARY SCHOOL,PRIMARY,FOOTBALL,PHYSICAL SPORTS,
CASUARINA PRIMARY SCHOOL,PRIMARY,GIRL GUIDES (BROWNIES),UNIFORMED GROUPS,
CASUARINA PRIMARY SCHOOL,PRIMARY,INFOCOMM TECHNOLOGY (MEDIA PRODUCTION),CLUBS AND SOCIETIES,
CASUARINA PRIMARY SCHOOL,PRIMARY,MALAY DANCE,VISUAL AND PERFORMING ARTS,
CASUARINA PRIMARY SCHOOL,PRIMARY,MODERN DANCE,VISUAL AND PERFORMING ARTS,
CASUARINA PRIMARY SCHOOL,PRIMARY,RUGBY,PHYSICAL SPORTS,
CASUARINA PRIMARY SCHOOL,PRIMARY,SCOUTS,UNIFORMED GROUPS,
CASUARINA PRIMARY SCHOOL,PRIMARY,WUSHU,PHYSICAL SPORTS,
CATHOLIC HIGH SCHOOL,MIXED LEVEL (P1-S4),ART AND CRAFTS,CLUBS AND SOCIETIES,ARTSQUAD
CATHOLIC HIGH SCHOOL,MIXED LEVEL (P1-S4),ARTISTIC GYMNASTICS,PHYSICAL SPORTS,
CATHOLIC HIGH SCHOOL,MIXED LEVEL (P1-S4),BASKETBALL,PHYSICAL SPORTS,
CATHOLIC HIGH SCHOOL,MIXED LEVEL (P1-S4),BOWLING,PHYSICAL SPORTS,
CATHOLIC HIGH SCHOOL,MIXED LEVEL (P1-S4),CANOEING,PHYSICAL SPORTS,
CATHOLIC HIGH SCHOOL,MIXED LEVEL (P1-S4),CHINESE DRAMA,VISUAL AND PERFORMING ARTS,
CATHOLIC HIGH SCHOOL,MIXED LEVEL (P1-S4),CHINESE ORCHESTRA,VISUAL AND PERFORMING ARTS,
CATHOLIC HIGH SCHOOL,MIXED LEVEL (P1-S4),CHOIR,VISUAL AND PERFORMING ARTS,
CATHOLIC HIGH SCHOOL,MIXED LEVEL (P1-S4),CONCERT BAND,VISUAL AND PERFORMING ARTS,
CATHOLIC HIGH SCHOOL,MIXED LEVEL (P1-S4),DRAGON BOAT,PHYSICAL SPORTS,
CATHOLIC HIGH SCHOOL,MIXED LEVEL (P1-S4),ENGLISH DRAMA,VISUAL AND PERFORMING ARTS,
CATHOLIC HIGH SCHOOL,MIXED LEVEL (P1-S4),FENCING,PHYSICAL SPORTS,
CATHOLIC HIGH SCHOOL,MIXED LEVEL (P1-S4),FLOORBALL,PHYSICAL SPORTS,
CATHOLIC HIGH SCHOOL,MIXED LEVEL (P1-S4),GOLF,PHYSICAL SPORTS,
CATHOLIC HIGH SCHOOL,MIXED LEVEL (P1-S4),INFOCOMM TECHNOLOGY (COMPUTING),CLUBS AND SOCIETIES,RADIUS
CATHOLIC HIGH SCHOOL,MIXED LEVEL (P1-S4),JUDO,PHYSICAL SPORTS,
CATHOLIC HIGH SCHOOL,MIXED LEVEL (P1-S4),MODERN DANCE,VISUAL AND PERFORMING ARTS,
CATHOLIC HIGH SCHOOL,MIXED LEVEL (P1-S4),MODULAR CCA (SPORTS),PHYSICAL SPORTS,
CATHOLIC HIGH SCHOOL,MIXED LEVEL (P1-S4),NATIONAL CADET CORPS (AIR),UNIFORMED GROUPS,
CATHOLIC HIGH SCHOOL,MIXED LEVEL (P1-S4),NATIONAL CADET CORPS (LAND),UNIFORMED GROUPS,
CATHOLIC HIGH SCHOOL,MIXED LEVEL (P1-S4),NATIONAL POLICE CADET CORPS,UNIFORMED GROUPS,
CATHOLIC HIGH SCHOOL,MIXED LEVEL (P1-S4),SCOUTS,UNIFORMED GROUPS,
CATHOLIC HIGH SCHOOL,MIXED LEVEL (P1-S4),SINGAPORE NATIONAL YOUTH CHINESE ORCHESTRA,VISUAL AND PERFORMING ARTS,
CATHOLIC HIGH SCHOOL,MIXED LEVEL (P1-S4),SINGAPORE NATIONAL YOUTH ORCHESTRA,VISUAL AND PERFORMING ARTS,
CATHOLIC HIGH SCHOOL,MIXED LEVEL (P1-S4),SINGAPORE YOUTH FLYING CLUB,CLUBS AND SOCIETIES,
CATHOLIC HIGH SCHOOL,MIXED LEVEL (P1-S4),SOFTBALL,PHYSICAL SPORTS,
CATHOLIC HIGH SCHOOL,MIXED LEVEL (P1-S4),ST JOHN BRIGADE,UNIFORMED GROUPS,
CATHOLIC HIGH SCHOOL,MIXED LEVEL (P1-S4),SWIMMING,PHYSICAL SPORTS,
CATHOLIC HIGH SCHOOL,MIXED LEVEL (P1-S4),TABLE TENNIS,PHYSICAL SPORTS,
CATHOLIC HIGH SCHOOL,MIXED LEVEL (P1-S4),TAEKWONDO,PHYSICAL SPORTS,
CATHOLIC HIGH SCHOOL,MIXED LEVEL (P1-S4),TENNIS,PHYSICAL SPORTS,
CATHOLIC HIGH SCHOOL,MIXED LEVEL (P1-S4),TRACK AND FIELD,PHYSICAL SPORTS,
CATHOLIC HIGH SCHOOL,MIXED LEVEL (P1-S4),TRAMPOLINE,PHYSICAL SPORTS,
CATHOLIC HIGH SCHOOL,MIXED LEVEL (P1-S4),VOLLEYBALL,PHYSICAL SPORTS,
CATHOLIC HIGH SCHOOL,MIXED LEVEL (P1-S4),WATER POLO,PHYSICAL SPORTS,
CATHOLIC HIGH SCHOOL,MIXED LEVEL (P1-S4),WUSHU,PHYSICAL SPORTS,
CATHOLIC JUNIOR COLLEGE,JUNIOR COLLEGE,BADMINTON,PHYSICAL SPORTS,
CATHOLIC JUNIOR COLLEGE,JUNIOR COLLEGE,BASKETBALL,PHYSICAL SPORTS,
CATHOLIC JUNIOR COLLEGE,JUNIOR COLLEGE,BOWLING,PHYSICAL SPORTS,
CATHOLIC JUNIOR COLLEGE,JUNIOR COLLEGE,BOYS' BRIGADE,UNIFORMED GROUPS,
CATHOLIC JUNIOR COLLEGE,JUNIOR COLLEGE,CANOEING,PHYSICAL SPORTS,
CATHOLIC JUNIOR COLLEGE,JUNIOR COLLEGE,CHOIR,VISUAL AND PERFORMING ARTS,
CATHOLIC JUNIOR COLLEGE,JUNIOR COLLEGE,COMMUNITY SERVICE,CLUBS AND SOCIETIES,INTERACT CLUB
CATHOLIC JUNIOR COLLEGE,JUNIOR COLLEGE,COMMUNITY SERVICE (FIRST AID),CLUBS AND SOCIETIES,FIRST AID CLUB
CATHOLIC JUNIOR COLLEGE,JUNIOR COLLEGE,CONCERT BAND,VISUAL AND PERFORMING ARTS,SYMPHONIC BAND
CATHOLIC JUNIOR COLLEGE,JUNIOR COLLEGE,CROSS COUNTRY,PHYSICAL SPORTS,
CATHOLIC JUNIOR COLLEGE,JUNIOR COLLEGE,DEBATING AND PUBLIC SPEAKING,CLUBS AND SOCIETIES,ORATORICAL SOCIETY
CATHOLIC JUNIOR COLLEGE,JUNIOR COLLEGE,ENGLISH DRAMA,VISUAL AND PERFORMING ARTS,
CATHOLIC JUNIOR COLLEGE,JUNIOR COLLEGE,ENTREPRENEURSHIP,CLUBS AND SOCIETIES,NEXUS INVESTMENT & ENTREPRENEURSHIP SOCIETY
CATHOLIC JUNIOR COLLEGE,JUNIOR COLLEGE,ENVIRONMENTAL SCIENCE,CLUBS AND SOCIETIES,STE2M CLUB
CATHOLIC JUNIOR COLLEGE,JUNIOR COLLEGE,FAITH-BASED CCA,CLUBS AND SOCIETIES,GENESIS
CATHOLIC JUNIOR COLLEGE,JUNIOR COLLEGE,FENCING,PHYSICAL SPORTS,
CATHOLIC JUNIOR COLLEGE,JUNIOR COLLEGE,FLOORBALL,PHYSICAL SPORTS,
CATHOLIC JUNIOR COLLEGE,JUNIOR COLLEGE,FOOTBALL,PHYSICAL SPORTS,
CATHOLIC JUNIOR COLLEGE,JUNIOR COLLEGE,FRISBEE,PHYSICAL SPORTS,
CATHOLIC JUNIOR COLLEGE,JUNIOR COLLEGE,GIRL GUIDES,UNIFORMED GROUPS,
CATHOLIC JUNIOR COLLEGE,JUNIOR COLLEGE,GIRLS' BRIGADE,UNIFORMED GROUPS,
CATHOLIC JUNIOR COLLEGE,JUNIOR COLLEGE,GOLF,PHYSICAL SPORTS,
CATHOLIC JUNIOR COLLEGE,JUNIOR COLLEGE,GUITAR ENSEMBLE,VISUAL AND PERFORMING ARTS,
CATHOLIC JUNIOR COLLEGE,JUNIOR COLLEGE,GUZHENG ENSEMBLE,VISUAL AND PERFORMING ARTS,
CATHOLIC JUNIOR COLLEGE,JUNIOR COLLEGE,INFOCOMM TECHNOLOGY (MEDIA PRODUCTION),CLUBS AND SOCIETIES,FILM SOUND AND VIDEO
CATHOLIC JUNIOR COLLEGE,JUNIOR COLLEGE,JUDO,PHYSICAL SPORTS,
CATHOLIC JUNIOR COLLEGE,JUNIOR COLLEGE,MODERN DANCE,VISUAL AND PERFORMING ARTS,
CATHOLIC JUNIOR COLLEGE,JUNIOR COLLEGE,NATIONAL CADET CORPS (AIR),UNIFORMED GROUPS,
CATHOLIC JUNIOR COLLEGE,JUNIOR COLLEGE,NATIONAL CADET CORPS (LAND),UNIFORMED GROUPS,
CATHOLIC JUNIOR COLLEGE,JUNIOR COLLEGE,NATIONAL CADET CORPS (SEA),UNIFORMED GROUPS,
CATHOLIC JUNIOR COLLEGE,JUNIOR COLLEGE,NATIONAL CIVIL DEFENCE CADET CORPS,UNIFORMED GROUPS,
CATHOLIC JUNIOR COLLEGE,JUNIOR COLLEGE,NATIONAL POLICE CADET CORPS,UNIFORMED GROUPS,
CATHOLIC JUNIOR COLLEGE,JUNIOR COLLEGE,NETBALL,PHYSICAL SPORTS,
CATHOLIC JUNIOR COLLEGE,JUNIOR COLLEGE,PUBLICATION,CLUBS AND SOCIETIES,EDITORIAL CLUB
CATHOLIC JUNIOR COLLEGE,JUNIOR COLLEGE,RED CROSS YOUTH,UNIFORMED GROUPS,
CATHOLIC JUNIOR COLLEGE,JUNIOR COLLEGE,SAILING,PHYSICAL SPORTS,
CATHOLIC JUNIOR COLLEGE,JUNIOR COLLEGE,SCOUTS,UNIFORMED GROUPS,
CATHOLIC JUNIOR COLLEGE,JUNIOR COLLEGE,SHOOTING,PHYSICAL SPORTS,
CATHOLIC JUNIOR COLLEGE,JUNIOR COLLEGE,SINGAPORE NATIONAL YOUTH CHINESE ORCHESTRA,VISUAL AND PERFORMING ARTS,
CATHOLIC JUNIOR COLLEGE,JUNIOR COLLEGE,SINGAPORE NATIONAL YOUTH ORCHESTRA,VISUAL AND PERFORMING ARTS,
CATHOLIC JUNIOR COLLEGE,JUNIOR COLLEGE,SINGAPORE YOUTH FLYING CLUB,CLUBS AND SOCIETIES,
CATHOLIC JUNIOR COLLEGE,JUNIOR COLLEGE,ST JOHN BRIGADE,UNIFORMED GROUPS,
CATHOLIC JUNIOR COLLEGE,JUNIOR COLLEGE,STRATEGY GAMES,CLUBS AND SOCIETIES,
CATHOLIC JUNIOR COLLEGE,JUNIOR COLLEGE,SWIMMING,PHYSICAL SPORTS,
CATHOLIC JUNIOR COLLEGE,JUNIOR COLLEGE,TAEKWONDO,PHYSICAL SPORTS,
CATHOLIC JUNIOR COLLEGE,JUNIOR COLLEGE,TENNIS,PHYSICAL SPORTS,
CATHOLIC JUNIOR COLLEGE,JUNIOR COLLEGE,TRACK AND FIELD,PHYSICAL SPORTS,
CATHOLIC JUNIOR COLLEGE,JUNIOR COLLEGE,VOLLEYBALL,PHYSICAL SPORTS,
CATHOLIC JUNIOR COLLEGE,JUNIOR COLLEGE,WUSHU,PHYSICAL SPORTS,
CEDAR GIRLS' SECONDARY SCHOOL,SECONDARY (S1-S4),AUDIO VISUAL AID,CLUBS AND SOCIETIES,AUDIO VISUAL & PHOTOGRAPHY CLUB
CEDAR GIRLS' SECONDARY SCHOOL,SECONDARY (S1-S4),BADMINTON,PHYSICAL SPORTS,
CEDAR GIRLS' SECONDARY SCHOOL,SECONDARY (S1-S4),BASKETBALL,PHYSICAL SPORTS,
CEDAR GIRLS' SECONDARY SCHOOL,SECONDARY (S1-S4),CHOIR,VISUAL AND PERFORMING ARTS,
CEDAR GIRLS' SECONDARY SCHOOL,SECONDARY (S1-S4),CONCERT BAND,VISUAL AND PERFORMING ARTS,SYMPHONIC BAND
CEDAR GIRLS' SECONDARY SCHOOL,SECONDARY (S1-S4),"ENGLISH LANGUAGE, DRAMA AND DEBATING",CLUBS AND SOCIETIES,
CEDAR GIRLS' SECONDARY SCHOOL,SECONDARY (S1-S4),ENVIRONMENTAL SCIENCE,CLUBS AND SOCIETIES,ENVIRONMENT CLUB
CEDAR GIRLS' SECONDARY SCHOOL,SECONDARY (S1-S4),GIRL GUIDES,UNIFORMED GROUPS,
CEDAR GIRLS' SECONDARY SCHOOL,SECONDARY (S1-S4),GUZHENG ENSEMBLE,VISUAL AND PERFORMING ARTS,
CEDAR GIRLS' SECONDARY SCHOOL,SECONDARY (S1-S4),HANDBELL ENSEMBLE,VISUAL AND PERFORMING ARTS,
CEDAR GIRLS' SECONDARY SCHOOL,SECONDARY (S1-S4),INFOCOMM TECHNOLOGY (COMPUTING),CLUBS AND SOCIETIES,INFOCOMM CLUB
CEDAR GIRLS' SECONDARY SCHOOL,SECONDARY (S1-S4),INTERNATIONAL AND GLOBAL STUDIES,CLUBS AND SOCIETIES,YOUNG JOURNALIST CLUB
CEDAR GIRLS' SECONDARY SCHOOL,SECONDARY (S1-S4),MODERN DANCE,VISUAL AND PERFORMING ARTS,
CEDAR GIRLS' SECONDARY SCHOOL,SECONDARY (S1-S4),NATIONAL CADET CORPS (LAND),UNIFORMED GROUPS,
CEDAR GIRLS' SECONDARY SCHOOL,SECONDARY (S1-S4),NATIONAL POLICE CADET CORPS,UNIFORMED GROUPS,
CEDAR GIRLS' SECONDARY SCHOOL,SECONDARY (S1-S4),NETBALL,PHYSICAL SPORTS,
CEDAR GIRLS' SECONDARY SCHOOL,SECONDARY (S1-S4),RED CROSS YOUTH,UNIFORMED GROUPS,
CEDAR GIRLS' SECONDARY SCHOOL,SECONDARY (S1-S4),TABLE TENNIS,PHYSICAL SPORTS,
CEDAR GIRLS' SECONDARY SCHOOL,SECONDARY (S1-S4),TRACK AND FIELD,PHYSICAL SPORTS,
CEDAR GIRLS' SECONDARY SCHOOL,SECONDARY (S1-S4),VOLLEYBALL,PHYSICAL SPORTS,
CEDAR PRIMARY SCHOOL,PRIMARY,ART AND CRAFTS,CLUBS AND SOCIETIES,
CEDAR PRIMARY SCHOOL,PRIMARY,BOYS' BRIGADE,UNIFORMED GROUPS,
CEDAR PRIMARY SCHOOL,PRIMARY,BRASS BAND,VISUAL AND PERFORMING ARTS,
CEDAR PRIMARY SCHOOL,PRIMARY,COMMUNITY SERVICE,CLUBS AND SOCIETIES,
CEDAR PRIMARY SCHOOL,PRIMARY,DESIGN AND INNOVATION,CLUBS AND SOCIETIES,
CEDAR PRIMARY SCHOOL,PRIMARY,"ENGLISH LANGUAGE, DRAMA AND DEBATING",CLUBS AND SOCIETIES,
CEDAR PRIMARY SCHOOL,PRIMARY,FOOTBALL,PHYSICAL SPORTS,
CEDAR PRIMARY SCHOOL,PRIMARY,GIRLS' BRIGADE,UNIFORMED GROUPS,
CEDAR PRIMARY SCHOOL,PRIMARY,INFOCOMM TECHNOLOGY (MEDIA PRODUCTION),CLUBS AND SOCIETIES,
CEDAR PRIMARY SCHOOL,PRIMARY,MODERN DANCE,VISUAL AND PERFORMING ARTS,
CEDAR PRIMARY SCHOOL,PRIMARY,MODULAR CCA (SPORTS),PHYSICAL SPORTS,
CEDAR PRIMARY SCHOOL,PRIMARY,OUTDOOR ADVENTURE,PHYSICAL SPORTS,
CEDAR PRIMARY SCHOOL,PRIMARY,ROBOTICS,CLUBS AND SOCIETIES,
CEDAR PRIMARY SCHOOL,PRIMARY,SOFTBALL,PHYSICAL SPORTS,
CEDAR PRIMARY SCHOOL,PRIMARY,TRACK AND FIELD,PHYSICAL SPORTS,
CHANGKAT CHANGI SECONDARY SCHOOL,SECONDARY (S1-S5),BADMINTON,PHYSICAL SPORTS,
CHANGKAT CHANGI SECONDARY SCHOOL,SECONDARY (S1-S5),BOYS' BRIGADE,UNIFORMED GROUPS,THE BOYS' BRIGADE
CHANGKAT CHANGI SECONDARY SCHOOL,SECONDARY (S1-S5),CHINESE INSTRUMENTAL ENSEMBLE,VISUAL AND PERFORMING ARTS,
CHANGKAT CHANGI SECONDARY SCHOOL,SECONDARY (S1-S5),CONCERT BAND,VISUAL AND PERFORMING ARTS,
CHANGKAT CHANGI SECONDARY SCHOOL,SECONDARY (S1-S5),GIRL GUIDES,UNIFORMED GROUPS,
CHANGKAT CHANGI SECONDARY SCHOOL,SECONDARY (S1-S5),INFOCOMM TECHNOLOGY (MEDIA PRODUCTION),CLUBS AND SOCIETIES,
CHANGKAT CHANGI SECONDARY SCHOOL,SECONDARY (S1-S5),MALAY DANCE,VISUAL AND PERFORMING ARTS,
CHANGKAT CHANGI SECONDARY SCHOOL,SECONDARY (S1-S5),MODERN DANCE,VISUAL AND PERFORMING ARTS,
CHANGKAT CHANGI SECONDARY SCHOOL,SECONDARY (S1-S5),NATIONAL CADET CORPS (AIR),UNIFORMED GROUPS,NATIONAL CADET CORPS (AIR) BOYS
CHANGKAT CHANGI SECONDARY SCHOOL,SECONDARY (S1-S5),NATIONAL CADET CORPS (SEA),UNIFORMED GROUPS,NATIONAL CADET CORPS (AIR) GIRLS
CHANGKAT CHANGI SECONDARY SCHOOL,SECONDARY (S1-S5),NETBALL,PHYSICAL SPORTS,
CHANGKAT CHANGI SECONDARY SCHOOL,SECONDARY (S1-S5),SEPAKTAKRAW,PHYSICAL SPORTS,
CHANGKAT CHANGI SECONDARY SCHOOL,SECONDARY (S1-S5),SINGAPORE YOUTH FLYING CLUB,CLUBS AND SOCIETIES,
CHANGKAT CHANGI SECONDARY SCHOOL,SECONDARY (S1-S5),STUDENT INITIATED ACTIVITIES (PHYSICAL SPORTS AND OUTDOORS),OTHERS,
CHANGKAT CHANGI SECONDARY SCHOOL,SECONDARY (S1-S5),STUDENT LEADERSHIP (COUNCIL),OTHERS,
CHANGKAT CHANGI SECONDARY SCHOOL,SECONDARY (S1-S5),TRACK AND FIELD,PHYSICAL SPORTS,
CHANGKAT PRIMARY SCHOOL,PRIMARY,ART AND CRAFTS,CLUBS AND SOCIETIES,ART CLUB
CHANGKAT PRIMARY SCHOOL,PRIMARY,BASKETBALL,PHYSICAL SPORTS,
CHANGKAT PRIMARY SCHOOL,PRIMARY,CHOIR,VISUAL AND PERFORMING ARTS,
CHANGKAT PRIMARY SCHOOL,PRIMARY,ENVIRONMENTAL SCIENCE,CLUBS AND SOCIETIES,ECO CLUB
CHANGKAT PRIMARY SCHOOL,PRIMARY,FLOORBALL,PHYSICAL SPORTS,
CHANGKAT PRIMARY SCHOOL,PRIMARY,GUITAR ENSEMBLE,VISUAL AND PERFORMING ARTS,
CHANGKAT PRIMARY SCHOOL,PRIMARY,INFOCOMM TECHNOLOGY (COMPUTING),CLUBS AND SOCIETIES,TECH CLUB
CHANGKAT PRIMARY SCHOOL,PRIMARY,MODERN DANCE,VISUAL AND PERFORMING ARTS,
CHANGKAT PRIMARY SCHOOL,PRIMARY,SCOUTS,UNIFORMED GROUPS,
CHANGKAT PRIMARY SCHOOL,PRIMARY,SINGAPORE NATIONAL YOUTH ORCHESTRA,VISUAL AND PERFORMING ARTS,
CHANGKAT PRIMARY SCHOOL,PRIMARY,STUDENT LEADERSHIP (PREFECT),OTHERS,
CHANGKAT PRIMARY SCHOOL,PRIMARY,TRACK AND FIELD,PHYSICAL SPORTS,
CHANGKAT PRIMARY SCHOOL,PRIMARY,WUSHU,PHYSICAL SPORTS,
CHIJ (KATONG) PRIMARY,PRIMARY,ART AND CRAFTS,CLUBS AND SOCIETIES,ART CLUB
CHIJ (KATONG) PRIMARY,PRIMARY,ARTISTIC GYMNASTICS,PHYSICAL SPORTS,
CHIJ (KATONG) PRIMARY,PRIMARY,BADMINTON,PHYSICAL SPORTS,
CHIJ (KATONG) PRIMARY,PRIMARY,BOWLING,PHYSICAL SPORTS,
CHIJ (KATONG) PRIMARY,PRIMARY,CHOIR,VISUAL AND PERFORMING ARTS,
CHIJ (KATONG) PRIMARY,PRIMARY,FOOTBALL,PHYSICAL SPORTS,
CHIJ (KATONG) PRIMARY,PRIMARY,GIRL GUIDES (BROWNIES),UNIFORMED GROUPS,
CHIJ (KATONG) PRIMARY,PRIMARY,HANDBELL ENSEMBLE,VISUAL AND PERFORMING ARTS,
CHIJ (KATONG) PRIMARY,PRIMARY,INFOCOMM TECHNOLOGY (COMPUTING),CLUBS AND SOCIETIES,INNOVATION CLUB
CHIJ (KATONG) PRIMARY,PRIMARY,MODERN DANCE,VISUAL AND PERFORMING ARTS,DANCE
CHIJ (KATONG) PRIMARY,PRIMARY,MODULAR CCA (SPORTS),PHYSICAL SPORTS,SPORTS CLUB
CHIJ (KATONG) PRIMARY,PRIMARY,NETBALL,PHYSICAL SPORTS,
CHIJ (KATONG) PRIMARY,PRIMARY,PHYSICAL SCIENCE,CLUBS AND SOCIETIES,MATH / SCIENCE CLUB
CHIJ (KATONG) PRIMARY,PRIMARY,SAILING,PHYSICAL SPORTS,
CHIJ (KATONG) PRIMARY,PRIMARY,SPEECH AND DRAMA,CLUBS AND SOCIETIES,DRAMA CLUB
CHIJ (KATONG) PRIMARY,PRIMARY,TRACK AND FIELD,PHYSICAL SPORTS,
CHIJ (KELLOCK),PRIMARY,ART AND CRAFTS,CLUBS AND SOCIETIES,
CHIJ (KELLOCK),PRIMARY,ARTISTIC GYMNASTICS,PHYSICAL SPORTS,RECREATIONAL RHYTHMIC GYM
CHIJ (KELLOCK),PRIMARY,BADMINTON,PHYSICAL SPORTS,
CHIJ (KELLOCK),PRIMARY,CERAMICS,CLUBS AND SOCIETIES,POTTERY
CHIJ (KELLOCK),PRIMARY,CHOIR,VISUAL AND PERFORMING ARTS,
CHIJ (KELLOCK),PRIMARY,ENVIRONMENTAL SCIENCE,CLUBS AND SOCIETIES,K-GREENERS
CHIJ (KELLOCK),PRIMARY,GIRL GUIDES (BROWNIES),UNIFORMED GROUPS,BROWNIES
CHIJ (KELLOCK),PRIMARY,HEALTH AND FITNESS,PHYSICAL SPORTS,NETBALL RECREATIONAL
CHIJ (KELLOCK),PRIMARY,HOME ECONOMICS,CLUBS AND SOCIETIES,SEWING CLUB
CHIJ (KELLOCK),PRIMARY,INFOCOMM TECHNOLOGY (COMPUTING),CLUBS AND SOCIETIES,ROBOTICS & MEDIA CLUB
CHIJ (KELLOCK),PRIMARY,INFOCOMM TECHNOLOGY (MEDIA PRODUCTION),CLUBS AND SOCIETIES,MBP
CHIJ (KELLOCK),PRIMARY,MODULAR CCA (SPORTS),PHYSICAL SPORTS,NETBALL TRAINING DEVELOPMENT P3 & P4
CHIJ (KELLOCK),PRIMARY,NETBALL,PHYSICAL SPORTS,NETBALL 
CHIJ (KELLOCK),PRIMARY,RHYTHMIC GYMNASTICS,PHYSICAL SPORTS,
CHIJ (KELLOCK),PRIMARY,ROBOTICS,CLUBS AND SOCIETIES,
CHIJ (KELLOCK),PRIMARY,STRATEGY GAMES,CLUBS AND SOCIETIES,BOARD GAMES
CHIJ (KELLOCK),PRIMARY,STRING ENSEMBLE,VISUAL AND PERFORMING ARTS,
CHIJ (KELLOCK),PRIMARY,TAP DANCE,VISUAL AND PERFORMING ARTS,
CHIJ KATONG CONVENT,SECONDARY (S1-S5),BADMINTON,PHYSICAL SPORTS,
CHIJ KATONG CONVENT,SECONDARY (S1-S5),BOWLING,PHYSICAL SPORTS,
CHIJ KATONG CONVENT,SECONDARY (S1-S5),CHINESE DRAMA,VISUAL AND PERFORMING ARTS,
CHIJ KATONG CONVENT,SECONDARY (S1-S5),CHINESE ORCHESTRA,VISUAL AND PERFORMING ARTS,
CHIJ KATONG CONVENT,SECONDARY (S1-S5),CHOIR,VISUAL AND PERFORMING ARTS,
CHIJ KATONG CONVENT,SECONDARY (S1-S5),CONCERT BAND,VISUAL AND PERFORMING ARTS,
CHIJ KATONG CONVENT,SECONDARY (S1-S5),DEBATING AND PUBLIC SPEAKING,CLUBS AND SOCIETIES,
CHIJ KATONG CONVENT,SECONDARY (S1-S5),ENGLISH DRAMA,VISUAL AND PERFORMING ARTS,
CHIJ KATONG CONVENT,SECONDARY (S1-S5),ENTREPRENEURSHIP,CLUBS AND SOCIETIES,
CHIJ KATONG CONVENT,SECONDARY (S1-S5),FLOORBALL,PHYSICAL SPORTS,
CHIJ KATONG CONVENT,SECONDARY (S1-S5),GIRL GUIDES,UNIFORMED GROUPS,
CHIJ KATONG CONVENT,SECONDARY (S1-S5),HERITAGE,CLUBS AND SOCIETIES,INFANT JESUS YOUTH MISSION
CHIJ KATONG CONVENT,SECONDARY (S1-S5),INFOCOMM TECHNOLOGY (MEDIA PRODUCTION),CLUBS AND SOCIETIES,MEDIA COMMUNCATIONS CLUB
CHIJ KATONG CONVENT,SECONDARY (S1-S5),MODERN DANCE,VISUAL AND PERFORMING ARTS,
CHIJ KATONG CONVENT,SECONDARY (S1-S5),MODULAR CCA (C&S),CLUBS AND SOCIETIES,CABIN CLUB
CHIJ KATONG CONVENT,SECONDARY (S1-S5),MODULAR CCA (SPORTS),PHYSICAL SPORTS,SPORTS CLUB
CHIJ KATONG CONVENT,SECONDARY (S1-S5),NATIONAL CIVIL DEFENCE CADET CORPS,UNIFORMED GROUPS,
CHIJ KATONG CONVENT,SECONDARY (S1-S5),NETBALL,PHYSICAL SPORTS,
CHIJ KATONG CONVENT,SECONDARY (S1-S5),SP-CCA (CANOEING),PHYSICAL SPORTS,
CHIJ KATONG CONVENT,SECONDARY (S1-S5),TRACK AND FIELD,PHYSICAL SPORTS,
CHIJ OUR LADY OF GOOD COUNSEL,PRIMARY,ART AND CRAFTS,CLUBS AND SOCIETIES,
CHIJ OUR LADY OF GOOD COUNSEL,PRIMARY,BADMINTON,PHYSICAL SPORTS,
CHIJ OUR LADY OF GOOD COUNSEL,PRIMARY,BOWLING,PHYSICAL SPORTS,
CHIJ OUR LADY OF GOOD COUNSEL,PRIMARY,CHOIR,VISUAL AND PERFORMING ARTS,
CHIJ OUR LADY OF GOOD COUNSEL,PRIMARY,ENGLISH DRAMA,VISUAL AND PERFORMING ARTS,
CHIJ OUR LADY OF GOOD COUNSEL,PRIMARY,GIRL GUIDES (BROWNIES),UNIFORMED GROUPS,
CHIJ OUR LADY OF GOOD COUNSEL,PRIMARY,INFOCOMM TECHNOLOGY (MEDIA PRODUCTION),CLUBS AND SOCIETIES,
CHIJ OUR LADY OF GOOD COUNSEL,PRIMARY,MODERN DANCE,VISUAL AND PERFORMING ARTS,
CHIJ OUR LADY OF GOOD COUNSEL,PRIMARY,NETBALL,PHYSICAL SPORTS,
CHIJ OUR LADY OF GOOD COUNSEL,PRIMARY,RHYTHMIC GYMNASTICS,PHYSICAL SPORTS,
CHIJ OUR LADY OF GOOD COUNSEL,PRIMARY,ROBOTICS,CLUBS AND SOCIETIES,
CHIJ OUR LADY OF THE NATIVITY,PRIMARY,ART AND CRAFTS,CLUBS AND SOCIETIES,CREATIVE CREW
CHIJ OUR LADY OF THE NATIVITY,PRIMARY,BOWLING,PHYSICAL SPORTS,
CHIJ OUR LADY OF THE NATIVITY,PRIMARY,BRASS BAND,VISUAL AND PERFORMING ARTS,
CHIJ OUR LADY OF THE NATIVITY,PRIMARY,CHOIR,VISUAL AND PERFORMING ARTS,
CHIJ OUR LADY OF THE NATIVITY,PRIMARY,FLOORBALL,PHYSICAL SPORTS,
CHIJ OUR LADY OF THE NATIVITY,PRIMARY,GIRL GUIDES (BROWNIES),UNIFORMED GROUPS,
CHIJ OUR LADY OF THE NATIVITY,PRIMARY,INFOCOMM TECHNOLOGY (MEDIA PRODUCTION),CLUBS AND SOCIETIES,
CHIJ OUR LADY OF THE NATIVITY,PRIMARY,MODERN DANCE,VISUAL AND PERFORMING ARTS,DANCE INC
CHIJ OUR LADY OF THE NATIVITY,PRIMARY,NETBALL,PHYSICAL SPORTS,
CHIJ OUR LADY OF THE NATIVITY,PRIMARY,STUDENT LEADERSHIP (PREFECT),OTHERS,
CHIJ OUR LADY OF THE NATIVITY,PRIMARY,TABLE TENNIS,PHYSICAL SPORTS,
CHIJ OUR LADY QUEEN OF PEACE,PRIMARY,ART AND CRAFTS,CLUBS AND SOCIETIES,
CHIJ OUR LADY QUEEN OF PEACE,PRIMARY,CHINESE DANCE,VISUAL AND PERFORMING ARTS,Fusion Dance
CHIJ OUR LADY QUEEN OF PEACE,PRIMARY,CHOIR,VISUAL AND PERFORMING ARTS,
CHIJ OUR LADY QUEEN OF PEACE,PRIMARY,COMMUNITY SERVICE,CLUBS AND SOCIETIES,LITTLE LIGHTS
CHIJ OUR LADY QUEEN OF PEACE,PRIMARY,ENGLISH DRAMA,VISUAL AND PERFORMING ARTS,
CHIJ OUR LADY QUEEN OF PEACE,PRIMARY,GIRL GUIDES (BROWNIES),UNIFORMED GROUPS,
CHIJ OUR LADY QUEEN OF PEACE,PRIMARY,GUITAR ENSEMBLE,VISUAL AND PERFORMING ARTS,
CHIJ OUR LADY QUEEN OF PEACE,PRIMARY,MODERN DANCE,VISUAL AND PERFORMING ARTS,Tap Dance
CHIJ OUR LADY QUEEN OF PEACE,PRIMARY,NETBALL,PHYSICAL SPORTS,
CHIJ OUR LADY QUEEN OF PEACE,PRIMARY,PHYSICAL SCIENCE,CLUBS AND SOCIETIES,Environmental Science Club
CHIJ OUR LADY QUEEN OF PEACE,PRIMARY,PUBLICATION,CLUBS AND SOCIETIES,Media & Infocomm Club
CHIJ OUR LADY QUEEN OF PEACE,PRIMARY,RHYTHMIC GYMNASTICS,PHYSICAL SPORTS,
CHIJ OUR LADY QUEEN OF PEACE,PRIMARY,SOFTBALL,PHYSICAL SPORTS,
CHIJ PRIMARY (TOA PAYOH),PRIMARY,ART AND CRAFTS,CLUBS AND SOCIETIES,ART CLUB
CHIJ PRIMARY (TOA PAYOH),PRIMARY,ARTISTIC GYMNASTICS,PHYSICAL SPORTS,
CHIJ PRIMARY (TOA PAYOH),PRIMARY,ARTISTIC SWIMMING,PHYSICAL SPORTS,
CHIJ PRIMARY (TOA PAYOH),PRIMARY,BADMINTON,PHYSICAL SPORTS,
CHIJ PRIMARY (TOA PAYOH),PRIMARY,BASKETBALL,PHYSICAL SPORTS,
CHIJ PRIMARY (TOA PAYOH),PRIMARY,BOWLING,PHYSICAL SPORTS,
CHIJ PRIMARY (TOA PAYOH),PRIMARY,CHOIR,VISUAL AND PERFORMING ARTS,
CHIJ PRIMARY (TOA PAYOH),PRIMARY,CULTURAL DANCE,VISUAL AND PERFORMING ARTS,CULTURE DANCE
CHIJ PRIMARY (TOA PAYOH),PRIMARY,DIGITAL MEDIA,CLUBS AND SOCIETIES,TECH & MEDIA CLUB
CHIJ PRIMARY (TOA PAYOH),PRIMARY,ENGLISH DRAMA,VISUAL AND PERFORMING ARTS,THEATRE ACADEMY
CHIJ PRIMARY (TOA PAYOH),PRIMARY,ENVIRONMENTAL SCIENCE,CLUBS AND SOCIETIES,GREEN PIXEL CLUB
CHIJ PRIMARY (TOA PAYOH),PRIMARY,GIRL GUIDES (BROWNIES),UNIFORMED GROUPS,
CHIJ PRIMARY (TOA PAYOH),PRIMARY,HANDBELL ENSEMBLE,VISUAL AND PERFORMING ARTS,
CHIJ PRIMARY (TOA PAYOH),PRIMARY,HEALTH AND FITNESS,PHYSICAL SPORTS,DIVING
CHIJ PRIMARY (TOA PAYOH),PRIMARY,INTERNATIONAL CHESS,CLUBS AND SOCIETIES,
CHIJ PRIMARY (TOA PAYOH),PRIMARY,MODERN DANCE,VISUAL AND PERFORMING ARTS,
CHIJ PRIMARY (TOA PAYOH),PRIMARY,NETBALL,PHYSICAL SPORTS,
CHIJ PRIMARY (TOA PAYOH),PRIMARY,RHYTHMIC GYMNASTICS,PHYSICAL SPORTS,
CHIJ PRIMARY (TOA PAYOH),PRIMARY,SWIMMING,PHYSICAL SPORTS,
CHIJ PRIMARY (TOA PAYOH),PRIMARY,TENNIS,PHYSICAL SPORTS,
CHIJ PRIMARY (TOA PAYOH),PRIMARY,TRACK AND FIELD,PHYSICAL SPORTS,
CHIJ PRIMARY (TOA PAYOH),PRIMARY,WUSHU,PHYSICAL SPORTS,
CHIJ SECONDARY (TOA PAYOH),SECONDARY (S1-S5),ART AND CRAFTS,CLUBS AND SOCIETIES,ARTS ALIVE!
CHIJ SECONDARY (TOA PAYOH),SECONDARY (S1-S5),ARTISTIC GYMNASTICS,PHYSICAL SPORTS,
CHIJ SECONDARY (TOA PAYOH),SECONDARY (S1-S5),BADMINTON,PHYSICAL SPORTS,
CHIJ SECONDARY (TOA PAYOH),SECONDARY (S1-S5),BASKETBALL,PHYSICAL SPORTS,
CHIJ SECONDARY (TOA PAYOH),SECONDARY (S1-S5),BOWLING,PHYSICAL SPORTS,
CHIJ SECONDARY (TOA PAYOH),SECONDARY (S1-S5),CHINESE CULTURE AND LANGUAGE,CLUBS AND SOCIETIES,CHINESE CULTURAL SOCIETY
CHIJ SECONDARY (TOA PAYOH),SECONDARY (S1-S5),CHOIR,VISUAL AND PERFORMING ARTS,
CHIJ SECONDARY (TOA PAYOH),SECONDARY (S1-S5),COMMUNITY SERVICE,CLUBS AND SOCIETIES,IJ YOUTH MISSION
CHIJ SECONDARY (TOA PAYOH),SECONDARY (S1-S5),CONCERT BAND,VISUAL AND PERFORMING ARTS,
CHIJ SECONDARY (TOA PAYOH),SECONDARY (S1-S5),DEBATING AND PUBLIC SPEAKING,CLUBS AND SOCIETIES,DEBATING AND ORATORY SOCIETY
CHIJ SECONDARY (TOA PAYOH),SECONDARY (S1-S5),ENGLISH DRAMA,VISUAL AND PERFORMING ARTS,IJ Theatre
CHIJ SECONDARY (TOA PAYOH),SECONDARY (S1-S5),ENVIRONMENTAL SCIENCE,CLUBS AND SOCIETIES,IGROW@IJ
CHIJ SECONDARY (TOA PAYOH),SECONDARY (S1-S5),FAITH-BASED CCA,CLUBS AND SOCIETIES,LEGION OF MARY
CHIJ SECONDARY (TOA PAYOH),SECONDARY (S1-S5),GIRL GUIDES,UNIFORMED GROUPS,
CHIJ SECONDARY (TOA PAYOH),SECONDARY (S1-S5),GOLF,PHYSICAL SPORTS,
CHIJ SECONDARY (TOA PAYOH),SECONDARY (S1-S5),GUITAR ENSEMBLE,VISUAL AND PERFORMING ARTS,
CHIJ SECONDARY (TOA PAYOH),SECONDARY (S1-S5),INFOCOMM TECHNOLOGY (MEDIA PRODUCTION),CLUBS AND SOCIETIES,IJ MEDIA CLUB
CHIJ SECONDARY (TOA PAYOH),SECONDARY (S1-S5),INTERNATIONAL CHESS,CLUBS AND SOCIETIES,
CHIJ SECONDARY (TOA PAYOH),SECONDARY (S1-S5),MODERN DANCE,VISUAL AND PERFORMING ARTS,IJ DANCE ENSEMBLE
CHIJ SECONDARY (TOA PAYOH),SECONDARY (S1-S5),NATIONAL CADET CORPS (SEA),UNIFORMED GROUPS,
CHIJ SECONDARY (TOA PAYOH),SECONDARY (S1-S5),NETBALL,PHYSICAL SPORTS,
CHIJ SECONDARY (TOA PAYOH),SECONDARY (S1-S5),RED CROSS YOUTH,UNIFORMED GROUPS,
CHIJ SECONDARY (TOA PAYOH),SECONDARY (S1-S5),RHYTHMIC GYMNASTICS,PHYSICAL SPORTS,
CHIJ SECONDARY (TOA PAYOH),SECONDARY (S1-S5),ROBOTICS,CLUBS AND SOCIETIES,AUTOMATION AND ROBOTICS CLUB
CHIJ SECONDARY (TOA PAYOH),SECONDARY (S1-S5),SAILING,PHYSICAL SPORTS,
CHIJ SECONDARY (TOA PAYOH),SECONDARY (S1-S5),SHOOTING,PHYSICAL SPORTS,
CHIJ SECONDARY (TOA PAYOH),SECONDARY (S1-S5),SINGAPORE NATIONAL YOUTH ORCHESTRA,VISUAL AND PERFORMING ARTS,
CHIJ SECONDARY (TOA PAYOH),SECONDARY (S1-S5),TENNIS,PHYSICAL SPORTS,
CHIJ SECONDARY (TOA PAYOH),SECONDARY (S1-S5),TRACK AND FIELD,PHYSICAL SPORTS,
CHIJ ST. JOSEPH'S CONVENT,SECONDARY (S1-S5),ANGKLUNG/KULINTANG ENSEMBLE,VISUAL AND PERFORMING ARTS,
CHIJ ST. JOSEPH'S CONVENT,SECONDARY (S1-S5),BADMINTON,PHYSICAL SPORTS,
CHIJ ST. JOSEPH'S CONVENT,SECONDARY (S1-S5),CHOIR,VISUAL AND PERFORMING ARTS,
CHIJ ST. JOSEPH'S CONVENT,SECONDARY (S1-S5),COMMUNITY SERVICE,CLUBS AND SOCIETIES,IJ YOUTH MISSION
CHIJ ST. JOSEPH'S CONVENT,SECONDARY (S1-S5),CONCERT BAND,VISUAL AND PERFORMING ARTS,
CHIJ ST. JOSEPH'S CONVENT,SECONDARY (S1-S5),DEBATING AND PUBLIC SPEAKING,CLUBS AND SOCIETIES,THE VOX COLLECTIVE
CHIJ ST. JOSEPH'S CONVENT,SECONDARY (S1-S5),FOOD AND CONSUMER EDUCATION,CLUBS AND SOCIETIES,CULINARY ARTS
CHIJ ST. JOSEPH'S CONVENT,SECONDARY (S1-S5),GIRL GUIDES,UNIFORMED GROUPS,
CHIJ ST. JOSEPH'S CONVENT,SECONDARY (S1-S5),GUITAR ENSEMBLE,VISUAL AND PERFORMING ARTS,
CHIJ ST. JOSEPH'S CONVENT,SECONDARY (S1-S5),HANDBELL ENSEMBLE,VISUAL AND PERFORMING ARTS,
CHIJ ST. JOSEPH'S CONVENT,SECONDARY (S1-S5),INFOCOMM TECHNOLOGY (MEDIA PRODUCTION),CLUBS AND SOCIETIES,PIXEL PLAYHOUSE
CHIJ ST. JOSEPH'S CONVENT,SECONDARY (S1-S5),MODERN DANCE,VISUAL AND PERFORMING ARTS,
CHIJ ST. JOSEPH'S CONVENT,SECONDARY (S1-S5),MODULAR CCA (SPORTS),PHYSICAL SPORTS,SPORTS CLUB
CHIJ ST. JOSEPH'S CONVENT,SECONDARY (S1-S5),NATIONAL POLICE CADET CORPS,UNIFORMED GROUPS,
CHIJ ST. JOSEPH'S CONVENT,SECONDARY (S1-S5),NETBALL,PHYSICAL SPORTS,
CHIJ ST. JOSEPH'S CONVENT,SECONDARY (S1-S5),SHOOTING,PHYSICAL SPORTS,
CHIJ ST. JOSEPH'S CONVENT,SECONDARY (S1-S5),SP-CCA (ATHLETICS),PHYSICAL SPORTS,
CHIJ ST. JOSEPH'S CONVENT,SECONDARY (S1-S5),SP-CCA (CANOEING),PHYSICAL SPORTS,
CHIJ ST. JOSEPH'S CONVENT,SECONDARY (S1-S5),SP-CCA (HOCKEY),PHYSICAL SPORTS,
CHIJ ST. JOSEPH'S CONVENT,SECONDARY (S1-S5),SP-CCA (WATER POLO),PHYSICAL SPORTS,
CHIJ ST. JOSEPH'S CONVENT,SECONDARY (S1-S5),SPEECH AND DRAMA,CLUBS AND SOCIETIES,CENTRE STAGE
CHIJ ST. JOSEPH'S CONVENT,SECONDARY (S1-S5),ST JOHN BRIGADE,UNIFORMED GROUPS,
CHIJ ST. JOSEPH'S CONVENT,SECONDARY (S1-S5),TABLE TENNIS,PHYSICAL SPORTS,
CHIJ ST. JOSEPH'S CONVENT,SECONDARY (S1-S5),VOLLEYBALL,PHYSICAL SPORTS,
CHIJ ST. NICHOLAS GIRLS' SCHOOL,MIXED LEVEL (P1-S4),ART AND CRAFTS,CLUBS AND SOCIETIES,
CHIJ ST. NICHOLAS GIRLS' SCHOOL,MIXED LEVEL (P1-S4),ARTISTIC GYMNASTICS,PHYSICAL SPORTS,
CHIJ ST. NICHOLAS GIRLS' SCHOOL,MIXED LEVEL (P1-S4),AUDIO VISUAL AID,CLUBS AND SOCIETIES,MEDIA CLUB
CHIJ ST. NICHOLAS GIRLS' SCHOOL,MIXED LEVEL (P1-S4),BADMINTON,PHYSICAL SPORTS,
CHIJ ST. NICHOLAS GIRLS' SCHOOL,MIXED LEVEL (P1-S4),CHINESE CULTURE AND LANGUAGE,CLUBS AND SOCIETIES,CHINESE CULTURAL SOCIETY
CHIJ ST. NICHOLAS GIRLS' SCHOOL,MIXED LEVEL (P1-S4),CHINESE DANCE,VISUAL AND PERFORMING ARTS,DANCE SOCIETY
CHIJ ST. NICHOLAS GIRLS' SCHOOL,MIXED LEVEL (P1-S4),CHINESE DRAMA,VISUAL AND PERFORMING ARTS,CHINESE DRAMA SOCIETY
CHIJ ST. NICHOLAS GIRLS' SCHOOL,MIXED LEVEL (P1-S4),CHINESE ORCHESTRA,VISUAL AND PERFORMING ARTS,
CHIJ ST. NICHOLAS GIRLS' SCHOOL,MIXED LEVEL (P1-S4),CHOIR,VISUAL AND PERFORMING ARTS,
CHIJ ST. NICHOLAS GIRLS' SCHOOL,MIXED LEVEL (P1-S4),COMMUNITY SERVICE,CLUBS AND SOCIETIES,IJ YOUTH MISSION
CHIJ ST. NICHOLAS GIRLS' SCHOOL,MIXED LEVEL (P1-S4),CONCERT BAND,VISUAL AND PERFORMING ARTS,SYMPHONIC BAND
CHIJ ST. NICHOLAS GIRLS' SCHOOL,MIXED LEVEL (P1-S4),DEBATING AND PUBLIC SPEAKING,CLUBS AND SOCIETIES,DEBATE SOCIETY
CHIJ ST. NICHOLAS GIRLS' SCHOOL,MIXED LEVEL (P1-S4),DESIGN AND INNOVATION,CLUBS AND SOCIETIES,MAKERS CLUB
CHIJ ST. NICHOLAS GIRLS' SCHOOL,MIXED LEVEL (P1-S4),ENGLISH DRAMA,VISUAL AND PERFORMING ARTS,LITERARY DRAMA SOCIETY
CHIJ ST. NICHOLAS GIRLS' SCHOOL,MIXED LEVEL (P1-S4),ENVIRONMENTAL SCIENCE,CLUBS AND SOCIETIES,GREEN CLUB
CHIJ ST. NICHOLAS GIRLS' SCHOOL,MIXED LEVEL (P1-S4),GIRL GUIDES,UNIFORMED GROUPS,
CHIJ ST. NICHOLAS GIRLS' SCHOOL,MIXED LEVEL (P1-S4),GIRL GUIDES (BROWNIES),UNIFORMED GROUPS,
CHIJ ST. NICHOLAS GIRLS' SCHOOL,MIXED LEVEL (P1-S4),GUZHENG ENSEMBLE,VISUAL AND PERFORMING ARTS,
CHIJ ST. NICHOLAS GIRLS' SCHOOL,MIXED LEVEL (P1-S4),HOCKEY,PHYSICAL SPORTS,
CHIJ ST. NICHOLAS GIRLS' SCHOOL,MIXED LEVEL (P1-S4),INFOCOMM TECHNOLOGY (COMPUTING),CLUBS AND SOCIETIES,INFOCOMM CLUB
CHIJ ST. NICHOLAS GIRLS' SCHOOL,MIXED LEVEL (P1-S4),MEDIA RESOURCE LIBRARY,CLUBS AND SOCIETIES,LIBRARY SOCIETY
CHIJ ST. NICHOLAS GIRLS' SCHOOL,MIXED LEVEL (P1-S4),NATIONAL POLICE CADET CORPS,UNIFORMED GROUPS,
CHIJ ST. NICHOLAS GIRLS' SCHOOL,MIXED LEVEL (P1-S4),NETBALL,PHYSICAL SPORTS,
CHIJ ST. NICHOLAS GIRLS' SCHOOL,MIXED LEVEL (P1-S4),PUBLICATION,CLUBS AND SOCIETIES,
CHIJ ST. NICHOLAS GIRLS' SCHOOL,MIXED LEVEL (P1-S4),RHYTHMIC GYMNASTICS,PHYSICAL SPORTS,
CHIJ ST. NICHOLAS GIRLS' SCHOOL,MIXED LEVEL (P1-S4),SINGAPORE NATIONAL YOUTH CHINESE ORCHESTRA,VISUAL AND PERFORMING ARTS,
CHIJ ST. NICHOLAS GIRLS' SCHOOL,MIXED LEVEL (P1-S4),SINGAPORE NATIONAL YOUTH ORCHESTRA,VISUAL AND PERFORMING ARTS,
CHIJ ST. NICHOLAS GIRLS' SCHOOL,MIXED LEVEL (P1-S4),ST JOHN BRIGADE,UNIFORMED GROUPS,
CHIJ ST. NICHOLAS GIRLS' SCHOOL,MIXED LEVEL (P1-S4),STRING ENSEMBLE,VISUAL AND PERFORMING ARTS,STRING ORCHESTRA
CHIJ ST. NICHOLAS GIRLS' SCHOOL,MIXED LEVEL (P1-S4),TABLE TENNIS,PHYSICAL SPORTS,
CHIJ ST. NICHOLAS GIRLS' SCHOOL,MIXED LEVEL (P1-S4),TRACK AND FIELD,PHYSICAL SPORTS,
CHIJ ST. NICHOLAS GIRLS' SCHOOL,MIXED LEVEL (P1-S4),TRAMPOLINE,PHYSICAL SPORTS,
CHIJ ST. THERESA'S CONVENT,SECONDARY (S1-S5),ANGKLUNG/KULINTANG ENSEMBLE,VISUAL AND PERFORMING ARTS,
CHIJ ST. THERESA'S CONVENT,SECONDARY (S1-S5),BOWLING,PHYSICAL SPORTS,
CHIJ ST. THERESA'S CONVENT,SECONDARY (S1-S5),CHOIR,VISUAL AND PERFORMING ARTS,
CHIJ ST. THERESA'S CONVENT,SECONDARY (S1-S5),COMMUNITY SERVICE,CLUBS AND SOCIETIES,
CHIJ ST. THERESA'S CONVENT,SECONDARY (S1-S5),CONCERT BAND,VISUAL AND PERFORMING ARTS,
CHIJ ST. THERESA'S CONVENT,SECONDARY (S1-S5),DEBATING AND PUBLIC SPEAKING,CLUBS AND SOCIETIES,
CHIJ ST. THERESA'S CONVENT,SECONDARY (S1-S5),ENGLISH DRAMA,VISUAL AND PERFORMING ARTS,
CHIJ ST. THERESA'S CONVENT,SECONDARY (S1-S5),ENTREPRENEURSHIP,CLUBS AND SOCIETIES,
CHIJ ST. THERESA'S CONVENT,SECONDARY (S1-S5),FENCING,PHYSICAL SPORTS,
CHIJ ST. THERESA'S CONVENT,SECONDARY (S1-S5),FLOORBALL,PHYSICAL SPORTS,
CHIJ ST. THERESA'S CONVENT,SECONDARY (S1-S5),GIRL GUIDES,UNIFORMED GROUPS,
CHIJ ST. THERESA'S CONVENT,SECONDARY (S1-S5),GOLF,PHYSICAL SPORTS,
CHIJ ST. THERESA'S CONVENT,SECONDARY (S1-S5),GUITAR ENSEMBLE,VISUAL AND PERFORMING ARTS,
CHIJ ST. THERESA'S CONVENT,SECONDARY (S1-S5),HOCKEY,PHYSICAL SPORTS,
CHIJ ST. THERESA'S CONVENT,SECONDARY (S1-S5),INFOCOMM TECHNOLOGY (MEDIA PRODUCTION),CLUBS AND SOCIETIES,
CHIJ ST. THERESA'S CONVENT,SECONDARY (S1-S5),MODERN DANCE,VISUAL AND PERFORMING ARTS,
CHIJ ST. THERESA'S CONVENT,SECONDARY (S1-S5),NATIONAL POLICE CADET CORPS,UNIFORMED GROUPS,
CHIJ ST. THERESA'S CONVENT,SECONDARY (S1-S5),NETBALL,PHYSICAL SPORTS,
CHIJ ST. THERESA'S CONVENT,SECONDARY (S1-S5),PROJECT CABIN,CLUBS AND SOCIETIES,
CHIJ ST. THERESA'S CONVENT,SECONDARY (S1-S5),ROCKWALL CLIMBING,PHYSICAL SPORTS,
CHIJ ST. THERESA'S CONVENT,SECONDARY (S1-S5),SOFTBALL,PHYSICAL SPORTS,
CHIJ ST. THERESA'S CONVENT,SECONDARY (S1-S5),SP-CCA (WATER POLO),PHYSICAL SPORTS,
CHIJ ST. THERESA'S CONVENT,SECONDARY (S1-S5),TENNIS,PHYSICAL SPORTS,
CHIJ ST. THERESA'S CONVENT,SECONDARY (S1-S5),TRACK AND FIELD,PHYSICAL SPORTS,
CHONGFU SCHOOL,PRIMARY,ART AND CRAFTS,CLUBS AND SOCIETIES,
CHONGFU SCHOOL,PRIMARY,CHINESE CULTURE AND LANGUAGE,CLUBS AND SOCIETIES,
CHONGFU SCHOOL,PRIMARY,CHINESE DRUMS,VISUAL AND PERFORMING ARTS,
CHONGFU SCHOOL,PRIMARY,CHINESE ORCHESTRA,VISUAL AND PERFORMING ARTS,
CHONGFU SCHOOL,PRIMARY,ENGLISH CULTURE AND LANGUAGE,CLUBS AND SOCIETIES,
CHONGFU SCHOOL,PRIMARY,ENVIRONMENTAL SCIENCE,CLUBS AND SOCIETIES,
CHONGFU SCHOOL,PRIMARY,FLOORBALL,PHYSICAL SPORTS,
CHONGFU SCHOOL,PRIMARY,FOOTBALL,PHYSICAL SPORTS,
CHONGFU SCHOOL,PRIMARY,GIRL GUIDES (BROWNIES),UNIFORMED GROUPS,
CHONGFU SCHOOL,PRIMARY,GUZHENG ENSEMBLE,VISUAL AND PERFORMING ARTS,
CHONGFU SCHOOL,PRIMARY,HEALTH AND FITNESS,PHYSICAL SPORTS,
CHONGFU SCHOOL,PRIMARY,INFOCOMM TECHNOLOGY (COMPUTING),CLUBS AND SOCIETIES,
CHONGFU SCHOOL,PRIMARY,MALAY DANCE,VISUAL AND PERFORMING ARTS,
CHONGFU SCHOOL,PRIMARY,MODERN DANCE,VISUAL AND PERFORMING ARTS,
CHONGFU SCHOOL,PRIMARY,RED CROSS YOUTH,UNIFORMED GROUPS,
CHONGFU SCHOOL,PRIMARY,SCOUTS,UNIFORMED GROUPS,
CHONGFU SCHOOL,PRIMARY,TABLE TENNIS,PHYSICAL SPORTS,
CHONGFU SCHOOL,PRIMARY,TRACK AND FIELD,PHYSICAL SPORTS,
CHONGFU SCHOOL,PRIMARY,WUSHU,PHYSICAL SPORTS,
CHONGZHENG PRIMARY SCHOOL,PRIMARY,ART AND CRAFTS,CLUBS AND SOCIETIES,
CHONGZHENG PRIMARY SCHOOL,PRIMARY,CHOIR,VISUAL AND PERFORMING ARTS,
CHONGZHENG PRIMARY SCHOOL,PRIMARY,DESIGN AND INNOVATION,CLUBS AND SOCIETIES,
CHONGZHENG PRIMARY SCHOOL,PRIMARY,DIGITAL MEDIA,CLUBS AND SOCIETIES,
CHONGZHENG PRIMARY SCHOOL,PRIMARY,ENVIRONMENTAL SCIENCE,CLUBS AND SOCIETIES,
CHONGZHENG PRIMARY SCHOOL,PRIMARY,GIRL GUIDES (BROWNIES),UNIFORMED GROUPS,
CHONGZHENG PRIMARY SCHOOL,PRIMARY,HOCKEY,PHYSICAL SPORTS,
CHONGZHENG PRIMARY SCHOOL,PRIMARY,MALAY DANCE,VISUAL AND PERFORMING ARTS,
CHONGZHENG PRIMARY SCHOOL,PRIMARY,MODERN DANCE,VISUAL AND PERFORMING ARTS,
CHONGZHENG PRIMARY SCHOOL,PRIMARY,MODULAR CCA (SPORTS),PHYSICAL SPORTS,
CHONGZHENG PRIMARY SCHOOL,PRIMARY,RUGBY,PHYSICAL SPORTS,
CHONGZHENG PRIMARY SCHOOL,PRIMARY,SCOUTS,UNIFORMED GROUPS,
CHONGZHENG PRIMARY SCHOOL,PRIMARY,SPEECH AND DRAMA,CLUBS AND SOCIETIES,
CHONGZHENG PRIMARY SCHOOL,PRIMARY,WUSHU,PHYSICAL SPORTS,
CHRIST CHURCH SECONDARY SCHOOL,SECONDARY (S1-S5),BADMINTON,PHYSICAL SPORTS,
CHRIST CHURCH SECONDARY SCHOOL,SECONDARY (S1-S5),BASKETBALL,PHYSICAL SPORTS,
CHRIST CHURCH SECONDARY SCHOOL,SECONDARY (S1-S5),BOYS' BRIGADE,UNIFORMED GROUPS,THE BOYS' BRIGADE
CHRIST CHURCH SECONDARY SCHOOL,SECONDARY (S1-S5),CHINESE ORCHESTRA,VISUAL AND PERFORMING ARTS,
CHRIST CHURCH SECONDARY SCHOOL,SECONDARY (S1-S5),CHOIR,VISUAL AND PERFORMING ARTS,
CHRIST CHURCH SECONDARY SCHOOL,SECONDARY (S1-S5),CONCERT BAND,VISUAL AND PERFORMING ARTS,
CHRIST CHURCH SECONDARY SCHOOL,SECONDARY (S1-S5),ENGLISH DRAMA,VISUAL AND PERFORMING ARTS,
CHRIST CHURCH SECONDARY SCHOOL,SECONDARY (S1-S5),FAITH-BASED CCA,CLUBS AND SOCIETIES,CHRISTIAN FELLOWSHIP
CHRIST CHURCH SECONDARY SCHOOL,SECONDARY (S1-S5),FOOTBALL,PHYSICAL SPORTS,
CHRIST CHURCH SECONDARY SCHOOL,SECONDARY (S1-S5),GIRLS' BRIGADE,UNIFORMED GROUPS,THE GIRLS' BRIGADE
CHRIST CHURCH SECONDARY SCHOOL,SECONDARY (S1-S5),INFOCOMM TECHNOLOGY (MEDIA PRODUCTION),CLUBS AND SOCIETIES,INFOCOMM CLUB
CHRIST CHURCH SECONDARY SCHOOL,SECONDARY (S1-S5),MODERN DANCE,VISUAL AND PERFORMING ARTS,
CHRIST CHURCH SECONDARY SCHOOL,SECONDARY (S1-S5),NATIONAL CADET CORPS (LAND),UNIFORMED GROUPS,
CHRIST CHURCH SECONDARY SCHOOL,SECONDARY (S1-S5),NATIONAL CIVIL DEFENCE CADET CORPS,UNIFORMED GROUPS,
CHRIST CHURCH SECONDARY SCHOOL,SECONDARY (S1-S5),NATIONAL POLICE CADET CORPS,UNIFORMED GROUPS,
CHRIST CHURCH SECONDARY SCHOOL,SECONDARY (S1-S5),NETBALL,PHYSICAL SPORTS,
CHRIST CHURCH SECONDARY SCHOOL,SECONDARY (S1-S5),OUTDOOR ADVENTURE,PHYSICAL SPORTS,
CHRIST CHURCH SECONDARY SCHOOL,SECONDARY (S1-S5),SP-CCA (WATER POLO),PHYSICAL SPORTS,
CHRIST CHURCH SECONDARY SCHOOL,SECONDARY (S1-S5),WUSHU,PHYSICAL SPORTS,
CHUA CHU KANG PRIMARY SCHOOL,PRIMARY,ART AND CRAFTS,CLUBS AND SOCIETIES,
CHUA CHU KANG PRIMARY SCHOOL,PRIMARY,BADMINTON,PHYSICAL SPORTS,
CHUA CHU KANG PRIMARY SCHOOL,PRIMARY,BASKETBALL,PHYSICAL SPORTS,
CHUA CHU KANG PRIMARY SCHOOL,PRIMARY,CHINESE DANCE,VISUAL AND PERFORMING ARTS,
CHUA CHU KANG PRIMARY SCHOOL,PRIMARY,CHOIR,VISUAL AND PERFORMING ARTS,
CHUA CHU KANG PRIMARY SCHOOL,PRIMARY,ENGLISH DRAMA,VISUAL AND PERFORMING ARTS,
CHUA CHU KANG PRIMARY SCHOOL,PRIMARY,ENVIRONMENTAL SCIENCE,CLUBS AND SOCIETIES,
CHUA CHU KANG PRIMARY SCHOOL,PRIMARY,FLOORBALL,PHYSICAL SPORTS,
CHUA CHU KANG PRIMARY SCHOOL,PRIMARY,FOOTBALL,PHYSICAL SPORTS,
CHUA CHU KANG PRIMARY SCHOOL,PRIMARY,MALAY DANCE,VISUAL AND PERFORMING ARTS,
CHUA CHU KANG PRIMARY SCHOOL,PRIMARY,MODERN DANCE,VISUAL AND PERFORMING ARTS,
CHUA CHU KANG PRIMARY SCHOOL,PRIMARY,PERCUSSION ENSEMBLE,VISUAL AND PERFORMING ARTS,
CHUA CHU KANG PRIMARY SCHOOL,PRIMARY,ROBOTICS,CLUBS AND SOCIETIES,
CHUA CHU KANG PRIMARY SCHOOL,PRIMARY,SCOUTS,UNIFORMED GROUPS,
CHUA CHU KANG SECONDARY SCHOOL,SECONDARY (S1-S5),ART AND CRAFTS,CLUBS AND SOCIETIES,
CHUA CHU KANG SECONDARY SCHOOL,SECONDARY (S1-S5),BADMINTON,PHYSICAL SPORTS,
CHUA CHU KANG SECONDARY SCHOOL,SECONDARY (S1-S5),BASKETBALL,PHYSICAL SPORTS,
CHUA CHU KANG SECONDARY SCHOOL,SECONDARY (S1-S5),BOYS' BRIGADE,UNIFORMED GROUPS,
CHUA CHU KANG SECONDARY SCHOOL,SECONDARY (S1-S5),CONCERT BAND,VISUAL AND PERFORMING ARTS,
CHUA CHU KANG SECONDARY SCHOOL,SECONDARY (S1-S5),ENGLISH DRAMA,VISUAL AND PERFORMING ARTS,
CHUA CHU KANG SECONDARY SCHOOL,SECONDARY (S1-S5),ENVIRONMENTAL SCIENCE,CLUBS AND SOCIETIES,
CHUA CHU KANG SECONDARY SCHOOL,SECONDARY (S1-S5),FLOORBALL,PHYSICAL SPORTS,
CHUA CHU KANG SECONDARY SCHOOL,SECONDARY (S1-S5),FOOTBALL,PHYSICAL SPORTS,
CHUA CHU KANG SECONDARY SCHOOL,SECONDARY (S1-S5),GIRL GUIDES,UNIFORMED GROUPS,
CHUA CHU KANG SECONDARY SCHOOL,SECONDARY (S1-S5),GUITAR ENSEMBLE,VISUAL AND PERFORMING ARTS,
CHUA CHU KANG SECONDARY SCHOOL,SECONDARY (S1-S5),HOCKEY,PHYSICAL SPORTS,
CHUA CHU KANG SECONDARY SCHOOL,SECONDARY (S1-S5),INFOCOMM TECHNOLOGY (MEDIA PRODUCTION),CLUBS AND SOCIETIES,
CHUA CHU KANG SECONDARY SCHOOL,SECONDARY (S1-S5),MODERN DANCE,VISUAL AND PERFORMING ARTS,
CHUA CHU KANG SECONDARY SCHOOL,SECONDARY (S1-S5),NATIONAL CADET CORPS (LAND),UNIFORMED GROUPS,
CHUA CHU KANG SECONDARY SCHOOL,SECONDARY (S1-S5),NATIONAL CADET CORPS (SEA),UNIFORMED GROUPS,
CHUA CHU KANG SECONDARY SCHOOL,SECONDARY (S1-S5),NATIONAL POLICE CADET CORPS,UNIFORMED GROUPS,
CHUA CHU KANG SECONDARY SCHOOL,SECONDARY (S1-S5),NETBALL,PHYSICAL SPORTS,
CHUA CHU KANG SECONDARY SCHOOL,SECONDARY (S1-S5),ROBOTICS,CLUBS AND SOCIETIES,
CHUA CHU KANG SECONDARY SCHOOL,SECONDARY (S1-S5),SCOUTS,UNIFORMED GROUPS,
CHUA CHU KANG SECONDARY SCHOOL,SECONDARY (S1-S5),SINGAPORE YOUTH FLYING CLUB,CLUBS AND SOCIETIES,
CHUA CHU KANG SECONDARY SCHOOL,SECONDARY (S1-S5),SP-CCA (ATHLETICS),PHYSICAL SPORTS,
CHUA CHU KANG SECONDARY SCHOOL,SECONDARY (S1-S5),SP-CCA (CANOEING),PHYSICAL SPORTS,
CHUA CHU KANG SECONDARY SCHOOL,SECONDARY (S1-S5),SP-CCA (WATER POLO),PHYSICAL SPORTS,
CHUA CHU KANG SECONDARY SCHOOL,SECONDARY (S1-S5),SWIMMING,PHYSICAL SPORTS,
CHUA CHU KANG SECONDARY SCHOOL,SECONDARY (S1-S5),TAEKWONDO,PHYSICAL SPORTS,
CHUA CHU KANG SECONDARY SCHOOL,SECONDARY (S1-S5),TCHOUKBALL,PHYSICAL SPORTS,
CHUA CHU KANG SECONDARY SCHOOL,SECONDARY (S1-S5),WUSHU,PHYSICAL SPORTS,
CHUNG CHENG HIGH SCHOOL (MAIN),SECONDARY (S1-S4),ART AND CRAFTS,CLUBS AND SOCIETIES,
CHUNG CHENG HIGH SCHOOL (MAIN),SECONDARY (S1-S4),BADMINTON,PHYSICAL SPORTS,
CHUNG CHENG HIGH SCHOOL (MAIN),SECONDARY (S1-S4),BASKETBALL,PHYSICAL SPORTS,
CHUNG CHENG HIGH SCHOOL (MAIN),SECONDARY (S1-S4),CHINESE CALLIGRAPHY AND BRUSH PAINTING,CLUBS AND SOCIETIES,
CHUNG CHENG HIGH SCHOOL (MAIN),SECONDARY (S1-S4),CHINESE CHESS,CLUBS AND SOCIETIES,
CHUNG CHENG HIGH SCHOOL (MAIN),SECONDARY (S1-S4),CHINESE DRAMA,VISUAL AND PERFORMING ARTS,
CHUNG CHENG HIGH SCHOOL (MAIN),SECONDARY (S1-S4),CHINESE ORCHESTRA,VISUAL AND PERFORMING ARTS,
CHUNG CHENG HIGH SCHOOL (MAIN),SECONDARY (S1-S4),CHOIR,VISUAL AND PERFORMING ARTS,
CHUNG CHENG HIGH SCHOOL (MAIN),SECONDARY (S1-S4),CONCERT BAND,VISUAL AND PERFORMING ARTS,
CHUNG CHENG HIGH SCHOOL (MAIN),SECONDARY (S1-S4),DIGITAL MEDIA,CLUBS AND SOCIETIES,
CHUNG CHENG HIGH SCHOOL (MAIN),SECONDARY (S1-S4),ENGLISH DRAMA,VISUAL AND PERFORMING ARTS,
CHUNG CHENG HIGH SCHOOL (MAIN),SECONDARY (S1-S4),GIRL GUIDES,UNIFORMED GROUPS,
CHUNG CHENG HIGH SCHOOL (MAIN),SECONDARY (S1-S4),LION AND DRAGON DANCE,CLUBS AND SOCIETIES,
CHUNG CHENG HIGH SCHOOL (MAIN),SECONDARY (S1-S4),MODERN DANCE,VISUAL AND PERFORMING ARTS,
CHUNG CHENG HIGH SCHOOL (MAIN),SECONDARY (S1-S4),NATIONAL CADET CORPS (LAND),UNIFORMED GROUPS,
CHUNG CHENG HIGH SCHOOL (MAIN),SECONDARY (S1-S4),NATIONAL POLICE CADET CORPS,UNIFORMED GROUPS,
CHUNG CHENG HIGH SCHOOL (MAIN),SECONDARY (S1-S4),NETBALL,PHYSICAL SPORTS,
CHUNG CHENG HIGH SCHOOL (MAIN),SECONDARY (S1-S4),SCOUTS,UNIFORMED GROUPS,
CHUNG CHENG HIGH SCHOOL (MAIN),SECONDARY (S1-S4),SINGAPORE NATIONAL YOUTH CHINESE ORCHESTRA,VISUAL AND PERFORMING ARTS,
CHUNG CHENG HIGH SCHOOL (MAIN),SECONDARY (S1-S4),SINGAPORE NATIONAL YOUTH ORCHESTRA,VISUAL AND PERFORMING ARTS,
CHUNG CHENG HIGH SCHOOL (MAIN),SECONDARY (S1-S4),SINGAPORE YOUTH FLYING CLUB,CLUBS AND SOCIETIES,
CHUNG CHENG HIGH SCHOOL (MAIN),SECONDARY (S1-S4),SP-CCA (ATHLETICS),PHYSICAL SPORTS,
CHUNG CHENG HIGH SCHOOL (MAIN),SECONDARY (S1-S4),ST JOHN BRIGADE,UNIFORMED GROUPS,
CHUNG CHENG HIGH SCHOOL (MAIN),SECONDARY (S1-S4),STUDENT LEADERSHIP (COUNCIL),OTHERS,
CHUNG CHENG HIGH SCHOOL (MAIN),SECONDARY (S1-S4),STUDENT LEADERSHIP (PEER SUPPORT),OTHERS,
CHUNG CHENG HIGH SCHOOL (MAIN),SECONDARY (S1-S4),TABLE TENNIS,PHYSICAL SPORTS,
CHUNG CHENG HIGH SCHOOL (MAIN),SECONDARY (S1-S4),TAEKWONDO,PHYSICAL SPORTS,
CHUNG CHENG HIGH SCHOOL (MAIN),SECONDARY (S1-S4),VOLLEYBALL,PHYSICAL SPORTS,
CHUNG CHENG HIGH SCHOOL (MAIN),SECONDARY (S1-S4),WATER POLO,PHYSICAL SPORTS,
CHUNG CHENG HIGH SCHOOL (MAIN),SECONDARY (S1-S4),WUSHU,PHYSICAL SPORTS,
CHUNG CHENG HIGH SCHOOL (YISHUN),SECONDARY (S1-S5),AUDIO VISUAL AID,CLUBS AND SOCIETIES,MULTIMEDIA CLUB
CHUNG CHENG HIGH SCHOOL (YISHUN),SECONDARY (S1-S5),BASKETBALL,PHYSICAL SPORTS,
CHUNG CHENG HIGH SCHOOL (YISHUN),SECONDARY (S1-S5),CHINESE DANCE,VISUAL AND PERFORMING ARTS,
CHUNG CHENG HIGH SCHOOL (YISHUN),SECONDARY (S1-S5),CHINESE DRAMA,VISUAL AND PERFORMING ARTS,
CHUNG CHENG HIGH SCHOOL (YISHUN),SECONDARY (S1-S5),CHINESE DRUMS,VISUAL AND PERFORMING ARTS,FESTIVAL DRUMS
CHUNG CHENG HIGH SCHOOL (YISHUN),SECONDARY (S1-S5),CHINESE ORCHESTRA,VISUAL AND PERFORMING ARTS,
CHUNG CHENG HIGH SCHOOL (YISHUN),SECONDARY (S1-S5),CHOIR,VISUAL AND PERFORMING ARTS,
CHUNG CHENG HIGH SCHOOL (YISHUN),SECONDARY (S1-S5),CONCERT BAND,VISUAL AND PERFORMING ARTS,SYMPHONIC BAND
CHUNG CHENG HIGH SCHOOL (YISHUN),SECONDARY (S1-S5),ENTREPRENEURSHIP,CLUBS AND SOCIETIES,ENTREPRENEUR CLUB
CHUNG CHENG HIGH SCHOOL (YISHUN),SECONDARY (S1-S5),ENVIRONMENTAL SCIENCE,CLUBS AND SOCIETIES,GREEN CLUB
CHUNG CHENG HIGH SCHOOL (YISHUN),SECONDARY (S1-S5),FENCING,PHYSICAL SPORTS,
CHUNG CHENG HIGH SCHOOL (YISHUN),SECONDARY (S1-S5),FOOTBALL,PHYSICAL SPORTS,
CHUNG CHENG HIGH SCHOOL (YISHUN),SECONDARY (S1-S5),GUZHENG ENSEMBLE,VISUAL AND PERFORMING ARTS,
CHUNG CHENG HIGH SCHOOL (YISHUN),SECONDARY (S1-S5),INFOCOMM TECHNOLOGY (COMPUTING),CLUBS AND SOCIETIES,INFOCOMM & ROBOTICS CLUB
CHUNG CHENG HIGH SCHOOL (YISHUN),SECONDARY (S1-S5),JOURNALISM,CLUBS AND SOCIETIES,JOURNALISM CLUB
CHUNG CHENG HIGH SCHOOL (YISHUN),SECONDARY (S1-S5),MODERN DANCE,VISUAL AND PERFORMING ARTS,DANCE ENSEMBLE
CHUNG CHENG HIGH SCHOOL (YISHUN),SECONDARY (S1-S5),MODULAR CCA (SPORTS),PHYSICAL SPORTS,
CHUNG CHENG HIGH SCHOOL (YISHUN),SECONDARY (S1-S5),NATIONAL CADET CORPS (AIR),UNIFORMED GROUPS,
CHUNG CHENG HIGH SCHOOL (YISHUN),SECONDARY (S1-S5),NATIONAL POLICE CADET CORPS,UNIFORMED GROUPS,
CHUNG CHENG HIGH SCHOOL (YISHUN),SECONDARY (S1-S5),OUTDOOR ADVENTURE,PHYSICAL SPORTS,ODAC
CHUNG CHENG HIGH SCHOOL (YISHUN),SECONDARY (S1-S5),SCOUTS,UNIFORMED GROUPS,
CHUNG CHENG HIGH SCHOOL (YISHUN),SECONDARY (S1-S5),SINGAPORE NATIONAL YOUTH ORCHESTRA,VISUAL AND PERFORMING ARTS,
CHUNG CHENG HIGH SCHOOL (YISHUN),SECONDARY (S1-S5),ST JOHN BRIGADE,UNIFORMED GROUPS,
CHUNG CHENG HIGH SCHOOL (YISHUN),SECONDARY (S1-S5),VOLLEYBALL,PHYSICAL SPORTS,
CHUNG CHENG HIGH SCHOOL (YISHUN),SECONDARY (S1-S5),WATER POLO,PHYSICAL SPORTS,
CHUNG CHENG HIGH SCHOOL (YISHUN),SECONDARY (S1-S5),WUSHU,PHYSICAL SPORTS,
CLEMENTI PRIMARY SCHOOL,PRIMARY,ART AND CRAFTS,CLUBS AND SOCIETIES,
CLEMENTI PRIMARY SCHOOL,PRIMARY,BADMINTON,PHYSICAL SPORTS,
CLEMENTI PRIMARY SCHOOL,PRIMARY,BASKETBALL,PHYSICAL SPORTS,
CLEMENTI PRIMARY SCHOOL,PRIMARY,BRASS BAND,VISUAL AND PERFORMING ARTS,
CLEMENTI PRIMARY SCHOOL,PRIMARY,CHINESE DANCE,VISUAL AND PERFORMING ARTS,
CLEMENTI PRIMARY SCHOOL,PRIMARY,CHOIR,VISUAL AND PERFORMING ARTS,
CLEMENTI PRIMARY SCHOOL,PRIMARY,"ENGLISH LANGUAGE, DRAMA AND DEBATING",CLUBS AND SOCIETIES,
CLEMENTI PRIMARY SCHOOL,PRIMARY,ENVIRONMENTAL SCIENCE,CLUBS AND SOCIETIES,
CLEMENTI PRIMARY SCHOOL,PRIMARY,FLOORBALL,PHYSICAL SPORTS,
CLEMENTI PRIMARY SCHOOL,PRIMARY,FOOTBALL,PHYSICAL SPORTS,
CLEMENTI PRIMARY SCHOOL,PRIMARY,GIRL GUIDES (BROWNIES),UNIFORMED GROUPS,
CLEMENTI PRIMARY SCHOOL,PRIMARY,INFOCOMM TECHNOLOGY (MEDIA PRODUCTION),CLUBS AND SOCIETIES,
CLEMENTI PRIMARY SCHOOL,PRIMARY,INTERNATIONAL CHESS,CLUBS AND SOCIETIES,
CLEMENTI PRIMARY SCHOOL,PRIMARY,MALAY DANCE,VISUAL AND PERFORMING ARTS,
CLEMENTI PRIMARY SCHOOL,PRIMARY,MODERN DANCE,VISUAL AND PERFORMING ARTS,
CLEMENTI PRIMARY SCHOOL,PRIMARY,NATIONAL EDUCATION,CLUBS AND SOCIETIES,
CLEMENTI PRIMARY SCHOOL,PRIMARY,ROBOTICS,CLUBS AND SOCIETIES,
CLEMENTI PRIMARY SCHOOL,PRIMARY,ROPE SKIPPING,PHYSICAL SPORTS,
CLEMENTI PRIMARY SCHOOL,PRIMARY,STUDENT LEADERSHIP (PEER SUPPORT),OTHERS,
CLEMENTI PRIMARY SCHOOL,PRIMARY,STUDENT LEADERSHIP (PREFECT),OTHERS,
CLEMENTI PRIMARY SCHOOL,PRIMARY,TAEKWONDO,PHYSICAL SPORTS,
CLEMENTI TOWN SECONDARY SCHOOL,SECONDARY (S1-S5),ART AND CRAFTS,CLUBS AND SOCIETIES,
CLEMENTI TOWN SECONDARY SCHOOL,SECONDARY (S1-S5),BADMINTON,PHYSICAL SPORTS,
CLEMENTI TOWN SECONDARY SCHOOL,SECONDARY (S1-S5),BASKETBALL,PHYSICAL SPORTS,
CLEMENTI TOWN SECONDARY SCHOOL,SECONDARY (S1-S5),CHINESE DANCE,VISUAL AND PERFORMING ARTS,
CLEMENTI TOWN SECONDARY SCHOOL,SECONDARY (S1-S5),CONCERT BAND,VISUAL AND PERFORMING ARTS,
CLEMENTI TOWN SECONDARY SCHOOL,SECONDARY (S1-S5),ENGLISH DRAMA,VISUAL AND PERFORMING ARTS,
CLEMENTI TOWN SECONDARY SCHOOL,SECONDARY (S1-S5),FOOTBALL,PHYSICAL SPORTS,
CLEMENTI TOWN SECONDARY SCHOOL,SECONDARY (S1-S5),GIRL GUIDES,UNIFORMED GROUPS,
CLEMENTI TOWN SECONDARY SCHOOL,SECONDARY (S1-S5),GUZHENG ENSEMBLE,VISUAL AND PERFORMING ARTS,
CLEMENTI TOWN SECONDARY SCHOOL,SECONDARY (S1-S5),INDIAN DANCE,VISUAL AND PERFORMING ARTS,
CLEMENTI TOWN SECONDARY SCHOOL,SECONDARY (S1-S5),INFOCOMM TECHNOLOGY (MEDIA PRODUCTION),CLUBS AND SOCIETIES,INFOCOMM TECHNOLOGY
CLEMENTI TOWN SECONDARY SCHOOL,SECONDARY (S1-S5),MALAY DANCE,VISUAL AND PERFORMING ARTS,
CLEMENTI TOWN SECONDARY SCHOOL,SECONDARY (S1-S5),MODERN DANCE,VISUAL AND PERFORMING ARTS,
CLEMENTI TOWN SECONDARY SCHOOL,SECONDARY (S1-S5),NATIONAL CADET CORPS (LAND),UNIFORMED GROUPS,
CLEMENTI TOWN SECONDARY SCHOOL,SECONDARY (S1-S5),NATIONAL CIVIL DEFENCE CADET CORPS,UNIFORMED GROUPS,
CLEMENTI TOWN SECONDARY SCHOOL,SECONDARY (S1-S5),NATIONAL POLICE CADET CORPS,UNIFORMED GROUPS,
CLEMENTI TOWN SECONDARY SCHOOL,SECONDARY (S1-S5),NETBALL,PHYSICAL SPORTS,
CLEMENTI TOWN SECONDARY SCHOOL,SECONDARY (S1-S5),OUTDOOR ADVENTURE,PHYSICAL SPORTS,
CLEMENTI TOWN SECONDARY SCHOOL,SECONDARY (S1-S5),SCOUTS,UNIFORMED GROUPS,
CLEMENTI TOWN SECONDARY SCHOOL,SECONDARY (S1-S5),SINGAPORE NATIONAL YOUTH ORCHESTRA,VISUAL AND PERFORMING ARTS,
CLEMENTI TOWN SECONDARY SCHOOL,SECONDARY (S1-S5),SINGAPORE YOUTH FLYING CLUB,CLUBS AND SOCIETIES,
CLEMENTI TOWN SECONDARY SCHOOL,SECONDARY (S1-S5),SP-CCA (ATHLETICS),PHYSICAL SPORTS,
CLEMENTI TOWN SECONDARY SCHOOL,SECONDARY (S1-S5),STUDENT LEADERSHIP (COUNCIL),OTHERS,
CLEMENTI TOWN SECONDARY SCHOOL,SECONDARY (S1-S5),VOLLEYBALL,PHYSICAL SPORTS,
CLEMENTI TOWN SECONDARY SCHOOL,SECONDARY (S1-S5),WUSHU,PHYSICAL SPORTS,
COMMONWEALTH SECONDARY SCHOOL,SECONDARY (S1-S5),BADMINTON,PHYSICAL SPORTS,
COMMONWEALTH SECONDARY SCHOOL,SECONDARY (S1-S5),BASKETBALL,PHYSICAL SPORTS,
COMMONWEALTH SECONDARY SCHOOL,SECONDARY (S1-S5),BROADCASTING,CLUBS AND SOCIETIES,CWSS LIVE!
COMMONWEALTH SECONDARY SCHOOL,SECONDARY (S1-S5),CHOIR,VISUAL AND PERFORMING ARTS,
COMMONWEALTH SECONDARY SCHOOL,SECONDARY (S1-S5),CONCERT BAND,VISUAL AND PERFORMING ARTS,
COMMONWEALTH SECONDARY SCHOOL,SECONDARY (S1-S5),CROSS COUNTRY,PHYSICAL SPORTS,
COMMONWEALTH SECONDARY SCHOOL,SECONDARY (S1-S5),DRAGON BOAT,PHYSICAL SPORTS,
COMMONWEALTH SECONDARY SCHOOL,SECONDARY (S1-S5),ENGLISH DRAMA,VISUAL AND PERFORMING ARTS,
COMMONWEALTH SECONDARY SCHOOL,SECONDARY (S1-S5),ENVIRONMENTAL SCIENCE,CLUBS AND SOCIETIES,ECO CLUB
COMMONWEALTH SECONDARY SCHOOL,SECONDARY (S1-S5),FOOTBALL,PHYSICAL SPORTS,
COMMONWEALTH SECONDARY SCHOOL,SECONDARY (S1-S5),GIRL GUIDES,UNIFORMED GROUPS,
COMMONWEALTH SECONDARY SCHOOL,SECONDARY (S1-S5),INDIAN DANCE,VISUAL AND PERFORMING ARTS,
COMMONWEALTH SECONDARY SCHOOL,SECONDARY (S1-S5),INFOCOMM TECHNOLOGY (MEDIA PRODUCTION),CLUBS AND SOCIETIES,NEW MEDIA CLUB
COMMONWEALTH SECONDARY SCHOOL,SECONDARY (S1-S5),MODERN DANCE,VISUAL AND PERFORMING ARTS,INTERNATIONAL DANCE
COMMONWEALTH SECONDARY SCHOOL,SECONDARY (S1-S5),NATIONAL CADET CORPS (LAND),UNIFORMED GROUPS,
COMMONWEALTH SECONDARY SCHOOL,SECONDARY (S1-S5),NATIONAL POLICE CADET CORPS,UNIFORMED GROUPS,
COMMONWEALTH SECONDARY SCHOOL,SECONDARY (S1-S5),NETBALL,PHYSICAL SPORTS,
COMMONWEALTH SECONDARY SCHOOL,SECONDARY (S1-S5),PERCUSSION ENSEMBLE,VISUAL AND PERFORMING ARTS,
COMMONWEALTH SECONDARY SCHOOL,SECONDARY (S1-S5),RED CROSS YOUTH,UNIFORMED GROUPS,
COMMONWEALTH SECONDARY SCHOOL,SECONDARY (S1-S5),ROBOTICS,CLUBS AND SOCIETIES,BITS & ATOM
COMPASSVALE PRIMARY SCHOOL,PRIMARY,ART AND CRAFTS,CLUBS AND SOCIETIES,
COMPASSVALE PRIMARY SCHOOL,PRIMARY,BASKETBALL,PHYSICAL SPORTS,
COMPASSVALE PRIMARY SCHOOL,PRIMARY,BRASS BAND,VISUAL AND PERFORMING ARTS,
COMPASSVALE PRIMARY SCHOOL,PRIMARY,CHINESE DANCE,VISUAL AND PERFORMING ARTS,
COMPASSVALE PRIMARY SCHOOL,PRIMARY,"ENGLISH LANGUAGE, DRAMA AND DEBATING",CLUBS AND SOCIETIES,
COMPASSVALE PRIMARY SCHOOL,PRIMARY,FOOTBALL,PHYSICAL SPORTS,
COMPASSVALE PRIMARY SCHOOL,PRIMARY,HARMONICA ENSEMBLE,VISUAL AND PERFORMING ARTS,
COMPASSVALE PRIMARY SCHOOL,PRIMARY,INDIAN DANCE,VISUAL AND PERFORMING ARTS,
COMPASSVALE PRIMARY SCHOOL,PRIMARY,MALAY DANCE,VISUAL AND PERFORMING ARTS,
COMPASSVALE PRIMARY SCHOOL,PRIMARY,NETBALL,PHYSICAL SPORTS,
COMPASSVALE PRIMARY SCHOOL,PRIMARY,PHYSICAL SCIENCE,CLUBS AND SOCIETIES,
COMPASSVALE PRIMARY SCHOOL,PRIMARY,RED CROSS YOUTH,UNIFORMED GROUPS,
COMPASSVALE PRIMARY SCHOOL,PRIMARY,ROBOTICS,CLUBS AND SOCIETIES,
COMPASSVALE PRIMARY SCHOOL,PRIMARY,TRACK AND FIELD,PHYSICAL SPORTS,
COMPASSVALE PRIMARY SCHOOL,PRIMARY,WUSHU,PHYSICAL SPORTS,
COMPASSVALE SECONDARY SCHOOL,SECONDARY (S1-S5),AERO-MODELLING,CLUBS AND SOCIETIES,
COMPASSVALE SECONDARY SCHOOL,SECONDARY (S1-S5),ART AND CRAFTS,CLUBS AND SOCIETIES,
COMPASSVALE SECONDARY SCHOOL,SECONDARY (S1-S5),AUDIO VISUAL AID,CLUBS AND SOCIETIES,
COMPASSVALE SECONDARY SCHOOL,SECONDARY (S1-S5),BADMINTON,PHYSICAL SPORTS,
COMPASSVALE SECONDARY SCHOOL,SECONDARY (S1-S5),BASKETBALL,PHYSICAL SPORTS,
COMPASSVALE SECONDARY SCHOOL,SECONDARY (S1-S5),BOYS' BRIGADE,UNIFORMED GROUPS,
COMPASSVALE SECONDARY SCHOOL,SECONDARY (S1-S5),CHINESE CULTURE AND LANGUAGE,CLUBS AND SOCIETIES,
COMPASSVALE SECONDARY SCHOOL,SECONDARY (S1-S5),CHOIR,VISUAL AND PERFORMING ARTS,
COMPASSVALE SECONDARY SCHOOL,SECONDARY (S1-S5),COMMUNITY SERVICE,CLUBS AND SOCIETIES,
COMPASSVALE SECONDARY SCHOOL,SECONDARY (S1-S5),CONCERT BAND,VISUAL AND PERFORMING ARTS,CVSS Wind Symphony Band
COMPASSVALE SECONDARY SCHOOL,SECONDARY (S1-S5),DESIGN AND INNOVATION,CLUBS AND SOCIETIES,
COMPASSVALE SECONDARY SCHOOL,SECONDARY (S1-S5),ENGLISH CULTURE AND LANGUAGE,CLUBS AND SOCIETIES,
COMPASSVALE SECONDARY SCHOOL,SECONDARY (S1-S5),ENGLISH DRAMA,VISUAL AND PERFORMING ARTS,
COMPASSVALE SECONDARY SCHOOL,SECONDARY (S1-S5),ENVIRONMENTAL SCIENCE,CLUBS AND SOCIETIES,ECo.  Environment and Community Club
COMPASSVALE SECONDARY SCHOOL,SECONDARY (S1-S5),FLOORBALL,PHYSICAL SPORTS,
COMPASSVALE SECONDARY SCHOOL,SECONDARY (S1-S5),GIRL GUIDES,UNIFORMED GROUPS,
COMPASSVALE SECONDARY SCHOOL,SECONDARY (S1-S5),HEALTH AND FITNESS,PHYSICAL SPORTS,
COMPASSVALE SECONDARY SCHOOL,SECONDARY (S1-S5),HOME ECONOMICS,CLUBS AND SOCIETIES,
COMPASSVALE SECONDARY SCHOOL,SECONDARY (S1-S5),INFOCOMM TECHNOLOGY (MEDIA PRODUCTION),CLUBS AND SOCIETIES,
COMPASSVALE SECONDARY SCHOOL,SECONDARY (S1-S5),MATHEMATICS,CLUBS AND SOCIETIES,
COMPASSVALE SECONDARY SCHOOL,SECONDARY (S1-S5),MEDIA RESOURCE LIBRARY,CLUBS AND SOCIETIES,School Library Club
COMPASSVALE SECONDARY SCHOOL,SECONDARY (S1-S5),MODERN DANCE,VISUAL AND PERFORMING ARTS,
COMPASSVALE SECONDARY SCHOOL,SECONDARY (S1-S5),MODULAR CCA (C&S),CLUBS AND SOCIETIES,
COMPASSVALE SECONDARY SCHOOL,SECONDARY (S1-S5),NATIONAL CADET CORPS (AIR),UNIFORMED GROUPS,
COMPASSVALE SECONDARY SCHOOL,SECONDARY (S1-S5),NATIONAL EDUCATION,CLUBS AND SOCIETIES,
COMPASSVALE SECONDARY SCHOOL,SECONDARY (S1-S5),NATIONAL POLICE CADET CORPS,UNIFORMED GROUPS,
COMPASSVALE SECONDARY SCHOOL,SECONDARY (S1-S5),NETBALL,PHYSICAL SPORTS,
COMPASSVALE SECONDARY SCHOOL,SECONDARY (S1-S5),PHYSICAL SCIENCE,CLUBS AND SOCIETIES,
COMPASSVALE SECONDARY SCHOOL,SECONDARY (S1-S5),RED CROSS YOUTH,UNIFORMED GROUPS,
COMPASSVALE SECONDARY SCHOOL,SECONDARY (S1-S5),ROBOTICS,CLUBS AND SOCIETIES,
COMPASSVALE SECONDARY SCHOOL,SECONDARY (S1-S5),SOFTBALL,PHYSICAL SPORTS,
CONCORD PRIMARY SCHOOL,PRIMARY,ART AND CRAFTS,CLUBS AND SOCIETIES,
CONCORD PRIMARY SCHOOL,PRIMARY,BASKETBALL,PHYSICAL SPORTS,
CONCORD PRIMARY SCHOOL,PRIMARY,BRASS BAND,VISUAL AND PERFORMING ARTS,
CONCORD PRIMARY SCHOOL,PRIMARY,CHOIR,VISUAL AND PERFORMING ARTS,
CONCORD PRIMARY SCHOOL,PRIMARY,ENVIRONMENTAL SCIENCE,CLUBS AND SOCIETIES,Environmental Club
CONCORD PRIMARY SCHOOL,PRIMARY,FLOORBALL,PHYSICAL SPORTS,
CONCORD PRIMARY SCHOOL,PRIMARY,INDIAN DANCE,VISUAL AND PERFORMING ARTS,
CONCORD PRIMARY SCHOOL,PRIMARY,INFOCOMM TECHNOLOGY (COMPUTING),CLUBS AND SOCIETIES,Infocomm Club
CONCORD PRIMARY SCHOOL,PRIMARY,INFOCOMM TECHNOLOGY (MEDIA PRODUCTION),CLUBS AND SOCIETIES,Media & Communications
CONCORD PRIMARY SCHOOL,PRIMARY,MODERN DANCE,VISUAL AND PERFORMING ARTS,
CONCORD PRIMARY SCHOOL,PRIMARY,SCOUTS,UNIFORMED GROUPS,
CONCORD PRIMARY SCHOOL,PRIMARY,SEPAKTAKRAW,PHYSICAL SPORTS,
CONCORD PRIMARY SCHOOL,PRIMARY,VOLLEYBALL,PHYSICAL SPORTS,
CORPORATION PRIMARY SCHOOL,PRIMARY,ART AND CRAFTS,CLUBS AND SOCIETIES,
CORPORATION PRIMARY SCHOOL,PRIMARY,BASKETBALL,PHYSICAL SPORTS,
CORPORATION PRIMARY SCHOOL,PRIMARY,CHINESE CHESS,CLUBS AND SOCIETIES,
CORPORATION PRIMARY SCHOOL,PRIMARY,CHINESE DANCE,VISUAL AND PERFORMING ARTS,
CORPORATION PRIMARY SCHOOL,PRIMARY,CHOIR,VISUAL AND PERFORMING ARTS,
CORPORATION PRIMARY SCHOOL,PRIMARY,ENVIRONMENTAL SCIENCE,CLUBS AND SOCIETIES,
CORPORATION PRIMARY SCHOOL,PRIMARY,FOOTBALL,PHYSICAL SPORTS,
CORPORATION PRIMARY SCHOOL,PRIMARY,GIRL GUIDES (BROWNIES),UNIFORMED GROUPS,
CORPORATION PRIMARY SCHOOL,PRIMARY,INFOCOMM TECHNOLOGY (MEDIA PRODUCTION),CLUBS AND SOCIETIES,
CORPORATION PRIMARY SCHOOL,PRIMARY,MALAY DANCE,VISUAL AND PERFORMING ARTS,
CORPORATION PRIMARY SCHOOL,PRIMARY,MODERN DANCE,VISUAL AND PERFORMING ARTS,
CORPORATION PRIMARY SCHOOL,PRIMARY,NETBALL,PHYSICAL SPORTS,
CORPORATION PRIMARY SCHOOL,PRIMARY,PERCUSSION ENSEMBLE,VISUAL AND PERFORMING ARTS,
CORPORATION PRIMARY SCHOOL,PRIMARY,RED CROSS YOUTH,UNIFORMED GROUPS,
CORPORATION PRIMARY SCHOOL,PRIMARY,STUDENT LEADERSHIP (PREFECT),OTHERS,
CORPORATION PRIMARY SCHOOL,PRIMARY,VOLLEYBALL,PHYSICAL SPORTS,
CRESCENT GIRLS' SCHOOL,SECONDARY (S1-S4),ANGKLUNG/KULINTANG ENSEMBLE,VISUAL AND PERFORMING ARTS,
CRESCENT GIRLS' SCHOOL,SECONDARY (S1-S4),AUDIO VISUAL AID,CLUBS AND SOCIETIES,
CRESCENT GIRLS' SCHOOL,SECONDARY (S1-S4),BADMINTON,PHYSICAL SPORTS,
CRESCENT GIRLS' SCHOOL,SECONDARY (S1-S4),CANOEING,PHYSICAL SPORTS,
CRESCENT GIRLS' SCHOOL,SECONDARY (S1-S4),CHINESE DANCE,VISUAL AND PERFORMING ARTS,CHINESE AND MODERN DANCE
CRESCENT GIRLS' SCHOOL,SECONDARY (S1-S4),CHOIR,VISUAL AND PERFORMING ARTS,
CRESCENT GIRLS' SCHOOL,SECONDARY (S1-S4),CONCERT BAND,VISUAL AND PERFORMING ARTS,
CRESCENT GIRLS' SCHOOL,SECONDARY (S1-S4),ENGLISH DRAMA,VISUAL AND PERFORMING ARTS,
CRESCENT GIRLS' SCHOOL,SECONDARY (S1-S4),ENTREPRENEURSHIP,CLUBS AND SOCIETIES,INNOVATION AND ENTERPRISE
CRESCENT GIRLS' SCHOOL,SECONDARY (S1-S4),GIRL GUIDES,UNIFORMED GROUPS,
CRESCENT GIRLS' SCHOOL,SECONDARY (S1-S4),HOCKEY,PHYSICAL SPORTS,
CRESCENT GIRLS' SCHOOL,SECONDARY (S1-S4),INFOCOMM TECHNOLOGY (COMPUTING),CLUBS AND SOCIETIES,
CRESCENT GIRLS' SCHOOL,SECONDARY (S1-S4),INTERNATIONAL CHESS,CLUBS AND SOCIETIES,
CRESCENT GIRLS' SCHOOL,SECONDARY (S1-S4),NATIONAL CADET CORPS (LAND),UNIFORMED GROUPS,
CRESCENT GIRLS' SCHOOL,SECONDARY (S1-S4),NETBALL,PHYSICAL SPORTS,
CRESCENT GIRLS' SCHOOL,SECONDARY (S1-S4),PHOTOGRAPHY,CLUBS AND SOCIETIES,DIGITAL ART & PHOTOGRAPHY CLUB
CRESCENT GIRLS' SCHOOL,SECONDARY (S1-S4),RED CROSS YOUTH,UNIFORMED GROUPS,
CRESCENT GIRLS' SCHOOL,SECONDARY (S1-S4),SINGAPORE NATIONAL YOUTH ORCHESTRA,VISUAL AND PERFORMING ARTS,
CRESCENT GIRLS' SCHOOL,SECONDARY (S1-S4),SOFTBALL,PHYSICAL SPORTS,
CRESCENT GIRLS' SCHOOL,SECONDARY (S1-S4),SP-CCA (WATER POLO),PHYSICAL SPORTS,
CRESCENT GIRLS' SCHOOL,SECONDARY (S1-S4),TRACK AND FIELD,PHYSICAL SPORTS,
CREST SECONDARY SCHOOL,SECONDARY (S1-S4),AIKIDO,PHYSICAL SPORTS,
CREST SECONDARY SCHOOL,SECONDARY (S1-S4),ART AND CRAFTS,CLUBS AND SOCIETIES,VISUAL ARTS CLUB
CREST SECONDARY SCHOOL,SECONDARY (S1-S4),BADMINTON,PHYSICAL SPORTS,
CREST SECONDARY SCHOOL,SECONDARY (S1-S4),BASKETBALL,PHYSICAL SPORTS,
CREST SECONDARY SCHOOL,SECONDARY (S1-S4),CONCERT BAND,VISUAL AND PERFORMING ARTS,POP BAND
CREST SECONDARY SCHOOL,SECONDARY (S1-S4),DESIGN AND INNOVATION,CLUBS AND SOCIETIES,INNOVATION CLUB
CREST SECONDARY SCHOOL,SECONDARY (S1-S4),DIABOLO,CLUBS AND SOCIETIES,CIRCUS ARTS
CREST SECONDARY SCHOOL,SECONDARY (S1-S4),ENTREPRENEURSHIP,CLUBS AND SOCIETIES,
CREST SECONDARY SCHOOL,SECONDARY (S1-S4),FLOORBALL,PHYSICAL SPORTS,
CREST SECONDARY SCHOOL,SECONDARY (S1-S4),FOOTBALL,PHYSICAL SPORTS,
CREST SECONDARY SCHOOL,SECONDARY (S1-S4),INFOCOMM TECHNOLOGY (MEDIA PRODUCTION),CLUBS AND SOCIETIES,NEW MEDIA CLUB
CREST SECONDARY SCHOOL,SECONDARY (S1-S4),MODERN DANCE,VISUAL AND PERFORMING ARTS,DANCE
CREST SECONDARY SCHOOL,SECONDARY (S1-S4),SCOUTS,UNIFORMED GROUPS,
CREST SECONDARY SCHOOL,SECONDARY (S1-S4),TRACK AND FIELD,PHYSICAL SPORTS,ATHLETICS
DAMAI PRIMARY SCHOOL,PRIMARY,ART AND CRAFTS,CLUBS AND SOCIETIES,
DAMAI PRIMARY SCHOOL,PRIMARY,CHINESE DANCE,VISUAL AND PERFORMING ARTS,
DAMAI PRIMARY SCHOOL,PRIMARY,ENVIRONMENTAL SCIENCE,CLUBS AND SOCIETIES,
DAMAI PRIMARY SCHOOL,PRIMARY,FLOORBALL,PHYSICAL SPORTS,
DAMAI PRIMARY SCHOOL,PRIMARY,GIRL GUIDES (BROWNIES),UNIFORMED GROUPS,
DAMAI PRIMARY SCHOOL,PRIMARY,MALAY DANCE,VISUAL AND PERFORMING ARTS,
DAMAI PRIMARY SCHOOL,PRIMARY,MODERN DANCE,VISUAL AND PERFORMING ARTS,
DAMAI PRIMARY SCHOOL,PRIMARY,PHOTOGRAPHY,CLUBS AND SOCIETIES,
DAMAI PRIMARY SCHOOL,PRIMARY,RED CROSS YOUTH,UNIFORMED GROUPS,
DAMAI PRIMARY SCHOOL,PRIMARY,ROBOTICS,CLUBS AND SOCIETIES,
DAMAI PRIMARY SCHOOL,PRIMARY,RUGBY,PHYSICAL SPORTS,
DAMAI PRIMARY SCHOOL,PRIMARY,SINGAPORE NATIONAL YOUTH ORCHESTRA,VISUAL AND PERFORMING ARTS,
DAMAI PRIMARY SCHOOL,PRIMARY,WUSHU,PHYSICAL SPORTS,
DAMAI SECONDARY SCHOOL,SECONDARY (S1-S5),ART AND CRAFTS,CLUBS AND SOCIETIES,
DAMAI SECONDARY SCHOOL,SECONDARY (S1-S5),CANOEING,PHYSICAL SPORTS,
DAMAI SECONDARY SCHOOL,SECONDARY (S1-S5),CHOIR,VISUAL AND PERFORMING ARTS,
DAMAI SECONDARY SCHOOL,SECONDARY (S1-S5),CONCERT BAND,VISUAL AND PERFORMING ARTS,
DAMAI SECONDARY SCHOOL,SECONDARY (S1-S5),DRAGON BOAT,PHYSICAL SPORTS,
DAMAI SECONDARY SCHOOL,SECONDARY (S1-S5),ENGLISH DRAMA,VISUAL AND PERFORMING ARTS,
DAMAI SECONDARY SCHOOL,SECONDARY (S1-S5),GIRL GUIDES,UNIFORMED GROUPS,
DAMAI SECONDARY SCHOOL,SECONDARY (S1-S5),GUZHENG ENSEMBLE,VISUAL AND PERFORMING ARTS,
DAMAI SECONDARY SCHOOL,SECONDARY (S1-S5),INFOCOMM TECHNOLOGY (MEDIA PRODUCTION),CLUBS AND SOCIETIES,
DAMAI SECONDARY SCHOOL,SECONDARY (S1-S5),MALAY DANCE,VISUAL AND PERFORMING ARTS,
DAMAI SECONDARY SCHOOL,SECONDARY (S1-S5),MODERN DANCE,VISUAL AND PERFORMING ARTS,
DAMAI SECONDARY SCHOOL,SECONDARY (S1-S5),NATIONAL CADET CORPS (LAND),UNIFORMED GROUPS,
DAMAI SECONDARY SCHOOL,SECONDARY (S1-S5),NATIONAL POLICE CADET CORPS,UNIFORMED GROUPS,
DAMAI SECONDARY SCHOOL,SECONDARY (S1-S5),NETBALL,PHYSICAL SPORTS,
DAMAI SECONDARY SCHOOL,SECONDARY (S1-S5),RUGBY,PHYSICAL SPORTS,
DAZHONG PRIMARY SCHOOL,PRIMARY,ART AND CRAFTS,CLUBS AND SOCIETIES,ART CLUB
DAZHONG PRIMARY SCHOOL,PRIMARY,BADMINTON,PHYSICAL SPORTS,
DAZHONG PRIMARY SCHOOL,PRIMARY,BASKETBALL,PHYSICAL SPORTS,
DAZHONG PRIMARY SCHOOL,PRIMARY,CHOIR,VISUAL AND PERFORMING ARTS,
DAZHONG PRIMARY SCHOOL,PRIMARY,FOOTBALL,PHYSICAL SPORTS,
DAZHONG PRIMARY SCHOOL,PRIMARY,GIRL GUIDES (BROWNIES),UNIFORMED GROUPS,BROWNIES
DAZHONG PRIMARY SCHOOL,PRIMARY,MODERN DANCE,VISUAL AND PERFORMING ARTS,
DAZHONG PRIMARY SCHOOL,PRIMARY,NETBALL,PHYSICAL SPORTS,
DAZHONG PRIMARY SCHOOL,PRIMARY,SCOUTS,UNIFORMED GROUPS,
DAZHONG PRIMARY SCHOOL,PRIMARY,TCHOUKBALL,PHYSICAL SPORTS,
DAZHONG PRIMARY SCHOOL,PRIMARY,TRACK AND FIELD,PHYSICAL SPORTS,
DAZHONG PRIMARY SCHOOL,PRIMARY,WESTERN ORCHESTRA,VISUAL AND PERFORMING ARTS,JUNIOR ORCHESTRA
DAZHONG PRIMARY SCHOOL,PRIMARY,WUSHU,PHYSICAL SPORTS,
DE LA SALLE SCHOOL,PRIMARY,ART AND CRAFTS,CLUBS AND SOCIETIES,MCNALLY CLUB
DE LA SALLE SCHOOL,PRIMARY,BASKETBALL,PHYSICAL SPORTS,
DE LA SALLE SCHOOL,PRIMARY,CHOIR,VISUAL AND PERFORMING ARTS,
DE LA SALLE SCHOOL,PRIMARY,"ENGLISH LANGUAGE, DRAMA AND DEBATING",CLUBS AND SOCIETIES,TALKING TITANS
DE LA SALLE SCHOOL,PRIMARY,ENVIRONMENTAL SCIENCE,CLUBS AND SOCIETIES,MAKERS CLUB
DE LA SALLE SCHOOL,PRIMARY,GIRL GUIDES (BROWNIES),UNIFORMED GROUPS,BROWNIES
DE LA SALLE SCHOOL,PRIMARY,HOCKEY,PHYSICAL SPORTS,
DE LA SALLE SCHOOL,PRIMARY,INTERNATIONAL CHESS,CLUBS AND SOCIETIES,CHESS CLUB
DE LA SALLE SCHOOL,PRIMARY,MODERN DANCE,VISUAL AND PERFORMING ARTS,
DE LA SALLE SCHOOL,PRIMARY,NETBALL,PHYSICAL SPORTS,
DE LA SALLE SCHOOL,PRIMARY,PERCUSSION ENSEMBLE,VISUAL AND PERFORMING ARTS,
DE LA SALLE SCHOOL,PRIMARY,PHOTOGRAPHY,CLUBS AND SOCIETIES,MEDIA CLUB
DE LA SALLE SCHOOL,PRIMARY,ROBOTICS,CLUBS AND SOCIETIES,
DE LA SALLE SCHOOL,PRIMARY,RUGBY,PHYSICAL SPORTS,
DE LA SALLE SCHOOL,PRIMARY,SCOUTS,UNIFORMED GROUPS,
DE LA SALLE SCHOOL,PRIMARY,WUSHU,PHYSICAL SPORTS,
DEYI SECONDARY SCHOOL,SECONDARY (S1-S5),ART AND CRAFTS,CLUBS AND SOCIETIES,
DEYI SECONDARY SCHOOL,SECONDARY (S1-S5),BADMINTON,PHYSICAL SPORTS,
DEYI SECONDARY SCHOOL,SECONDARY (S1-S5),BASKETBALL,PHYSICAL SPORTS,
DEYI SECONDARY SCHOOL,SECONDARY (S1-S5),CHOIR,VISUAL AND PERFORMING ARTS,
DEYI SECONDARY SCHOOL,SECONDARY (S1-S5),ENGLISH DRAMA,VISUAL AND PERFORMING ARTS,
DEYI SECONDARY SCHOOL,SECONDARY (S1-S5),ENVIRONMENTAL SCIENCE,CLUBS AND SOCIETIES,
DEYI SECONDARY SCHOOL,SECONDARY (S1-S5),FENCING,PHYSICAL SPORTS,
DEYI SECONDARY SCHOOL,SECONDARY (S1-S5),FOOTBALL,PHYSICAL SPORTS,
DEYI SECONDARY SCHOOL,SECONDARY (S1-S5),HANDBALL,PHYSICAL SPORTS,
DEYI SECONDARY SCHOOL,SECONDARY (S1-S5),INFOCOMM TECHNOLOGY (COMPUTING),CLUBS AND SOCIETIES,
DEYI SECONDARY SCHOOL,SECONDARY (S1-S5),INFOCOMM TECHNOLOGY (MEDIA PRODUCTION),CLUBS AND SOCIETIES,
DEYI SECONDARY SCHOOL,SECONDARY (S1-S5),JOURNALISM,CLUBS AND SOCIETIES,
DEYI SECONDARY SCHOOL,SECONDARY (S1-S5),MARCHING BAND,VISUAL AND PERFORMING ARTS,
DEYI SECONDARY SCHOOL,SECONDARY (S1-S5),MODERN DANCE,VISUAL AND PERFORMING ARTS,
DEYI SECONDARY SCHOOL,SECONDARY (S1-S5),NATIONAL CADET CORPS (LAND),UNIFORMED GROUPS,
DEYI SECONDARY SCHOOL,SECONDARY (S1-S5),NATIONAL POLICE CADET CORPS,UNIFORMED GROUPS,
DEYI SECONDARY SCHOOL,SECONDARY (S1-S5),OUTDOOR ADVENTURE,PHYSICAL SPORTS,
DEYI SECONDARY SCHOOL,SECONDARY (S1-S5),ROBOTICS,CLUBS AND SOCIETIES,
DEYI SECONDARY SCHOOL,SECONDARY (S1-S5),ST JOHN BRIGADE,UNIFORMED GROUPS,
DEYI SECONDARY SCHOOL,SECONDARY (S1-S5),STUDENT LEADERSHIP (COUNCIL),OTHERS,
DEYI SECONDARY SCHOOL,SECONDARY (S1-S5),STUDENT LEADERSHIP (PEER SUPPORT),OTHERS,
DEYI SECONDARY SCHOOL,SECONDARY (S1-S5),SWIMMING,PHYSICAL SPORTS,
DEYI SECONDARY SCHOOL,SECONDARY (S1-S5),TABLE TENNIS,PHYSICAL SPORTS,
DEYI SECONDARY SCHOOL,SECONDARY (S1-S5),TAEKWONDO,PHYSICAL SPORTS,
DEYI SECONDARY SCHOOL,SECONDARY (S1-S5),TRACK AND FIELD,PHYSICAL SPORTS,
DEYI SECONDARY SCHOOL,SECONDARY (S1-S5),VOLLEYBALL,PHYSICAL SPORTS,
DEYI SECONDARY SCHOOL,SECONDARY (S1-S5),WUSHU,PHYSICAL SPORTS,
DUNEARN SECONDARY SCHOOL,SECONDARY (S1-S5),BASKETBALL,PHYSICAL SPORTS,BASKETBALL
DUNEARN SECONDARY SCHOOL,SECONDARY (S1-S5),CHOIR,VISUAL AND PERFORMING ARTS,
DUNEARN SECONDARY SCHOOL,SECONDARY (S1-S5),CONCERT BAND,VISUAL AND PERFORMING ARTS,
DUNEARN SECONDARY SCHOOL,SECONDARY (S1-S5),ENGLISH DRAMA,VISUAL AND PERFORMING ARTS,
DUNEARN SECONDARY SCHOOL,SECONDARY (S1-S5),ENTREPRENEURSHIP,CLUBS AND SOCIETIES,
DUNEARN SECONDARY SCHOOL,SECONDARY (S1-S5),FLOORBALL,PHYSICAL SPORTS,
DUNEARN SECONDARY SCHOOL,SECONDARY (S1-S5),FOOTBALL,PHYSICAL SPORTS,
DUNEARN SECONDARY SCHOOL,SECONDARY (S1-S5),INFOCOMM TECHNOLOGY (MEDIA PRODUCTION),CLUBS AND SOCIETIES,NEW MEDIA CLUB
DUNEARN SECONDARY SCHOOL,SECONDARY (S1-S5),MEDIA RESOURCE LIBRARY,CLUBS AND SOCIETIES,
DUNEARN SECONDARY SCHOOL,SECONDARY (S1-S5),MODERN DANCE,VISUAL AND PERFORMING ARTS,INTERNATIONAL DANCE
DUNEARN SECONDARY SCHOOL,SECONDARY (S1-S5),NATIONAL CADET CORPS (LAND),UNIFORMED GROUPS,
DUNEARN SECONDARY SCHOOL,SECONDARY (S1-S5),NATIONAL POLICE CADET CORPS,UNIFORMED GROUPS,
DUNEARN SECONDARY SCHOOL,SECONDARY (S1-S5),SCOUTS,UNIFORMED GROUPS,
DUNEARN SECONDARY SCHOOL,SECONDARY (S1-S5),SINGAPORE NATIONAL YOUTH ORCHESTRA,VISUAL AND PERFORMING ARTS,
DUNEARN SECONDARY SCHOOL,SECONDARY (S1-S5),SOFTBALL,PHYSICAL SPORTS,
DUNEARN SECONDARY SCHOOL,SECONDARY (S1-S5),SP-CCA (ATHLETICS),PHYSICAL SPORTS,
DUNEARN SECONDARY SCHOOL,SECONDARY (S1-S5),SP-CCA (WATER POLO),PHYSICAL SPORTS,
DUNEARN SECONDARY SCHOOL,SECONDARY (S1-S5),ST JOHN BRIGADE,UNIFORMED GROUPS,
DUNEARN SECONDARY SCHOOL,SECONDARY (S1-S5),TABLE TENNIS,PHYSICAL SPORTS,
DUNMAN HIGH SCHOOL,MIXED LEVEL (S1-JC2),ART AND CRAFTS,CLUBS AND SOCIETIES,ART CLUB
DUNMAN HIGH SCHOOL,MIXED LEVEL (S1-JC2),BADMINTON,PHYSICAL SPORTS,
DUNMAN HIGH SCHOOL,MIXED LEVEL (S1-JC2),BASKETBALL,PHYSICAL SPORTS,
DUNMAN HIGH SCHOOL,MIXED LEVEL (S1-JC2),BIOLOGICAL SCIENCE,CLUBS AND SOCIETIES,MEDICAL SOCIETY
DUNMAN HIGH SCHOOL,MIXED LEVEL (S1-JC2),BOWLING,PHYSICAL SPORTS,
DUNMAN HIGH SCHOOL,MIXED LEVEL (S1-JC2),CHINESE CALLIGRAPHY AND BRUSH PAINTING,CLUBS AND SOCIETIES,
DUNMAN HIGH SCHOOL,MIXED LEVEL (S1-JC2),CHINESE DANCE,VISUAL AND PERFORMING ARTS,
DUNMAN HIGH SCHOOL,MIXED LEVEL (S1-JC2),CHINESE DRAMA,VISUAL AND PERFORMING ARTS,CHINESE SOCIETY (DRAMA)
DUNMAN HIGH SCHOOL,MIXED LEVEL (S1-JC2),"CHINESE LANGUAGE, DRAMA AND DEBATING",CLUBS AND SOCIETIES,
DUNMAN HIGH SCHOOL,MIXED LEVEL (S1-JC2),CHINESE ORCHESTRA,VISUAL AND PERFORMING ARTS,
DUNMAN HIGH SCHOOL,MIXED LEVEL (S1-JC2),CHINESE WEIQI,CLUBS AND SOCIETIES,INTERNATIONAL CHESS
DUNMAN HIGH SCHOOL,MIXED LEVEL (S1-JC2),CHINESE WEIQI,CLUBS AND SOCIETIES,MIND SPORTS CLUB
DUNMAN HIGH SCHOOL,MIXED LEVEL (S1-JC2),CHOIR,VISUAL AND PERFORMING ARTS,
DUNMAN HIGH SCHOOL,MIXED LEVEL (S1-JC2),CIVIL DEFENCE,CLUBS AND SOCIETIES,UNIFORMED GROUP COUNCIL
DUNMAN HIGH SCHOOL,MIXED LEVEL (S1-JC2),COMMUNITY SERVICE,CLUBS AND SOCIETIES,COMMUNITY COUNCIL
DUNMAN HIGH SCHOOL,MIXED LEVEL (S1-JC2),CONCERT BAND,VISUAL AND PERFORMING ARTS,SYMPHONIC BAND
DUNMAN HIGH SCHOOL,MIXED LEVEL (S1-JC2),CROSS COUNTRY,PHYSICAL SPORTS,
DUNMAN HIGH SCHOOL,MIXED LEVEL (S1-JC2),DEBATING AND PUBLIC SPEAKING,CLUBS AND SOCIETIES,DEBATING AND PUBLIC SPEAKING
DUNMAN HIGH SCHOOL,MIXED LEVEL (S1-JC2),DEBATING AND PUBLIC SPEAKING,CLUBS AND SOCIETIES,ORATORICAL SOCIETY (DEBATE)
DUNMAN HIGH SCHOOL,MIXED LEVEL (S1-JC2),ENGLISH CULTURE AND LANGUAGE,CLUBS AND SOCIETIES,
DUNMAN HIGH SCHOOL,MIXED LEVEL (S1-JC2),ENGLISH DRAMA,VISUAL AND PERFORMING ARTS,ENGLISH DRAMA SOCIETY
DUNMAN HIGH SCHOOL,MIXED LEVEL (S1-JC2),ENGLISH DRAMA,VISUAL AND PERFORMING ARTS,THEATRE ARTS
DUNMAN HIGH SCHOOL,MIXED LEVEL (S1-JC2),ENTREPRENEURSHIP,CLUBS AND SOCIETIES,YOUTH CLUB
DUNMAN HIGH SCHOOL,MIXED LEVEL (S1-JC2),FOOD AND CONSUMER EDUCATION,CLUBS AND SOCIETIES,FOOD AND FASHION
DUNMAN HIGH SCHOOL,MIXED LEVEL (S1-JC2),FOOTBALL,PHYSICAL SPORTS,
DUNMAN HIGH SCHOOL,MIXED LEVEL (S1-JC2),FOREIGN CULTURE AND LANGUAGE,CLUBS AND SOCIETIES,YUKATA JAPANESE CULTURAL CLUB
DUNMAN HIGH SCHOOL,MIXED LEVEL (S1-JC2),FRISBEE,PHYSICAL SPORTS,
DUNMAN HIGH SCHOOL,MIXED LEVEL (S1-JC2),GIRL GUIDES,UNIFORMED GROUPS,
DUNMAN HIGH SCHOOL,MIXED LEVEL (S1-JC2),GOLF,PHYSICAL SPORTS,GOLF
DUNMAN HIGH SCHOOL,MIXED LEVEL (S1-JC2),GUITAR ENSEMBLE,VISUAL AND PERFORMING ARTS,
DUNMAN HIGH SCHOOL,MIXED LEVEL (S1-JC2),GUZHENG ENSEMBLE,VISUAL AND PERFORMING ARTS,
DUNMAN HIGH SCHOOL,MIXED LEVEL (S1-JC2),HISTORY,CLUBS AND SOCIETIES,
DUNMAN HIGH SCHOOL,MIXED LEVEL (S1-JC2),INDIAN CULTURE AND LANGUAGE,CLUBS AND SOCIETIES,
DUNMAN HIGH SCHOOL,MIXED LEVEL (S1-JC2),INFOCOMM TECHNOLOGY (COMPUTING),CLUBS AND SOCIETIES,STEAM COLLECTIVE (INFOCOMM CHAPTER)
DUNMAN HIGH SCHOOL,MIXED LEVEL (S1-JC2),INFOCOMM TECHNOLOGY (MEDIA PRODUCTION),CLUBS AND SOCIETIES,MASS COMMUNICATIONS SOCIETY
DUNMAN HIGH SCHOOL,MIXED LEVEL (S1-JC2),INTERNATIONAL AND GLOBAL STUDIES,CLUBS AND SOCIETIES,INTERNATIONAL AND STRATEGIC AFFAIRS COUNCIL
DUNMAN HIGH SCHOOL,MIXED LEVEL (S1-JC2),LION AND DRAGON DANCE,CLUBS AND SOCIETIES,LION DANCE
DUNMAN HIGH SCHOOL,MIXED LEVEL (S1-JC2),LION AND DRAGON DANCE,CLUBS AND SOCIETIES,LION DANCE(BOYS)
DUNMAN HIGH SCHOOL,MIXED LEVEL (S1-JC2),MALAY CULTURE AND LANGUAGE,CLUBS AND SOCIETIES,MALAY CULTURAL CLUB
DUNMAN HIGH SCHOOL,MIXED LEVEL (S1-JC2),MATHEMATICS,CLUBS AND SOCIETIES,STEAM COLLECTIVE (MATHEMATICS CHAPTER)
DUNMAN HIGH SCHOOL,MIXED LEVEL (S1-JC2),MEDIA RESOURCE LIBRARY,CLUBS AND SOCIETIES,LIBRARY SOCIETY
DUNMAN HIGH SCHOOL,MIXED LEVEL (S1-JC2),MODERN DANCE,VISUAL AND PERFORMING ARTS,DANCE SOCIETY
DUNMAN HIGH SCHOOL,MIXED LEVEL (S1-JC2),MODERN DANCE,VISUAL AND PERFORMING ARTS,MODERN DANCE(GIRLS)
DUNMAN HIGH SCHOOL,MIXED LEVEL (S1-JC2),MODULAR CCA (C&S),CLUBS AND SOCIETIES,STEAM COLLECTIVE
DUNMAN HIGH SCHOOL,MIXED LEVEL (S1-JC2),NATIONAL EDUCATION,CLUBS AND SOCIETIES,
DUNMAN HIGH SCHOOL,MIXED LEVEL (S1-JC2),NATIONAL POLICE CADET CORPS,UNIFORMED GROUPS,
DUNMAN HIGH SCHOOL,MIXED LEVEL (S1-JC2),NETBALL,PHYSICAL SPORTS,
DUNMAN HIGH SCHOOL,MIXED LEVEL (S1-JC2),OPERA/OPERATTA,VISUAL AND PERFORMING ARTS,BEIJING OPERA
DUNMAN HIGH SCHOOL,MIXED LEVEL (S1-JC2),OUTDOOR ADVENTURE,PHYSICAL SPORTS,OUTDOOR ADVENTURE CLUB
DUNMAN HIGH SCHOOL,MIXED LEVEL (S1-JC2),PHOTOGRAPHY,CLUBS AND SOCIETIES,PHOTOGRAPHY SOCIETY
DUNMAN HIGH SCHOOL,MIXED LEVEL (S1-JC2),PHYSICAL SCIENCE,CLUBS AND SOCIETIES,STEAM COLLECTIVE (SCIENCE CHAPTER)
DUNMAN HIGH SCHOOL,MIXED LEVEL (S1-JC2),PUBLICATION,CLUBS AND SOCIETIES,
DUNMAN HIGH SCHOOL,MIXED LEVEL (S1-JC2),READING AND WRITING,CLUBS AND SOCIETIES,LAW SOCIETY
DUNMAN HIGH SCHOOL,MIXED LEVEL (S1-JC2),ROBOTICS,CLUBS AND SOCIETIES,STEAM COLLECTIVE (ROBOTICS CHAPTER)
DUNMAN HIGH SCHOOL,MIXED LEVEL (S1-JC2),SAILING,PHYSICAL SPORTS,
DUNMAN HIGH SCHOOL,MIXED LEVEL (S1-JC2),SCOUTS,UNIFORMED GROUPS,SCOUTS(BOYS)
DUNMAN HIGH SCHOOL,MIXED LEVEL (S1-JC2),SCOUTS,UNIFORMED GROUPS,VENTURES AND ROVERS
DUNMAN HIGH SCHOOL,MIXED LEVEL (S1-JC2),SHOOTING,PHYSICAL SPORTS,AIR WEAPON CLUB
DUNMAN HIGH SCHOOL,MIXED LEVEL (S1-JC2),SINGAPORE NATIONAL YOUTH CHINESE ORCHESTRA,VISUAL AND PERFORMING ARTS,
DUNMAN HIGH SCHOOL,MIXED LEVEL (S1-JC2),SINGAPORE NATIONAL YOUTH ORCHESTRA,VISUAL AND PERFORMING ARTS,
DUNMAN HIGH SCHOOL,MIXED LEVEL (S1-JC2),SINGAPORE YOUTH FLYING CLUB,CLUBS AND SOCIETIES,
DUNMAN HIGH SCHOOL,MIXED LEVEL (S1-JC2),SOFTBALL,PHYSICAL SPORTS,
DUNMAN HIGH SCHOOL,MIXED LEVEL (S1-JC2),SP-CCA (CANOEING),PHYSICAL SPORTS,SP-CCA (CANOEING)
DUNMAN HIGH SCHOOL,MIXED LEVEL (S1-JC2),SP-CCA (ETHNIC DANCE),VISUAL AND PERFORMING ARTS,
DUNMAN HIGH SCHOOL,MIXED LEVEL (S1-JC2),ST JOHN BRIGADE,UNIFORMED GROUPS,ST JOHN BRIGADE
DUNMAN HIGH SCHOOL,MIXED LEVEL (S1-JC2),STRING ENSEMBLE,VISUAL AND PERFORMING ARTS,
DUNMAN HIGH SCHOOL,MIXED LEVEL (S1-JC2),STUDENT INITIATED ACTIVITIES (CLUBS & SOCIETIES),OTHERS,
DUNMAN HIGH SCHOOL,MIXED LEVEL (S1-JC2),STUDENT LEADERSHIP (COUNCIL),OTHERS,
DUNMAN HIGH SCHOOL,MIXED LEVEL (S1-JC2),SWIMMING,PHYSICAL SPORTS,
DUNMAN HIGH SCHOOL,MIXED LEVEL (S1-JC2),TABLE TENNIS,PHYSICAL SPORTS,
DUNMAN HIGH SCHOOL,MIXED LEVEL (S1-JC2),TAEKWONDO,PHYSICAL SPORTS,
DUNMAN HIGH SCHOOL,MIXED LEVEL (S1-JC2),TENNIS,PHYSICAL SPORTS,
DUNMAN HIGH SCHOOL,MIXED LEVEL (S1-JC2),TOUCH RUGBY,PHYSICAL SPORTS,
DUNMAN HIGH SCHOOL,MIXED LEVEL (S1-JC2),TRACK AND FIELD,PHYSICAL SPORTS,
DUNMAN HIGH SCHOOL,MIXED LEVEL (S1-JC2),VOLLEYBALL,PHYSICAL SPORTS,
DUNMAN HIGH SCHOOL,MIXED LEVEL (S1-JC2),WUSHU,PHYSICAL SPORTS,
DUNMAN SECONDARY SCHOOL,SECONDARY (S1-S5),BADMINTON,PHYSICAL SPORTS,
DUNMAN SECONDARY SCHOOL,SECONDARY (S1-S5),BASKETBALL,PHYSICAL SPORTS,
DUNMAN SECONDARY SCHOOL,SECONDARY (S1-S5),CHOIR,VISUAL AND PERFORMING ARTS,
DUNMAN SECONDARY SCHOOL,SECONDARY (S1-S5),CONCERT BAND,VISUAL AND PERFORMING ARTS,
DUNMAN SECONDARY SCHOOL,SECONDARY (S1-S5),DESIGN AND INNOVATION,CLUBS AND SOCIETIES,MAKERS' CLUB
DUNMAN SECONDARY SCHOOL,SECONDARY (S1-S5),ENGLISH DRAMA,VISUAL AND PERFORMING ARTS,STAGEARTS DRAMA
DUNMAN SECONDARY SCHOOL,SECONDARY (S1-S5),ENVIRONMENTAL SCIENCE,CLUBS AND SOCIETIES,GREEN CLUB
DUNMAN SECONDARY SCHOOL,SECONDARY (S1-S5),FOOTBALL,PHYSICAL SPORTS,
DUNMAN SECONDARY SCHOOL,SECONDARY (S1-S5),GOLF,PHYSICAL SPORTS,
DUNMAN SECONDARY SCHOOL,SECONDARY (S1-S5),GUITAR ENSEMBLE,VISUAL AND PERFORMING ARTS,
DUNMAN SECONDARY SCHOOL,SECONDARY (S1-S5),HEALTH AND FITNESS,PHYSICAL SPORTS,
DUNMAN SECONDARY SCHOOL,SECONDARY (S1-S5),INFOCOMM TECHNOLOGY (COMPUTING),CLUBS AND SOCIETIES,INFOCOMM CLUB
DUNMAN SECONDARY SCHOOL,SECONDARY (S1-S5),INFOCOMM TECHNOLOGY (MEDIA PRODUCTION),CLUBS AND SOCIETIES,MEDIA CLUB
DUNMAN SECONDARY SCHOOL,SECONDARY (S1-S5),MODERN DANCE,VISUAL AND PERFORMING ARTS,
DUNMAN SECONDARY SCHOOL,SECONDARY (S1-S5),NATIONAL CADET CORPS (AIR),UNIFORMED GROUPS,
DUNMAN SECONDARY SCHOOL,SECONDARY (S1-S5),NATIONAL POLICE CADET CORPS,UNIFORMED GROUPS,
DUNMAN SECONDARY SCHOOL,SECONDARY (S1-S5),NETBALL,PHYSICAL SPORTS,
DUNMAN SECONDARY SCHOOL,SECONDARY (S1-S5),RED CROSS YOUTH,UNIFORMED GROUPS,
DUNMAN SECONDARY SCHOOL,SECONDARY (S1-S5),SCOUTS,UNIFORMED GROUPS,
DUNMAN SECONDARY SCHOOL,SECONDARY (S1-S5),SINGAPORE NATIONAL YOUTH ORCHESTRA,VISUAL AND PERFORMING ARTS,
DUNMAN SECONDARY SCHOOL,SECONDARY (S1-S5),SWIMMING,PHYSICAL SPORTS,
DUNMAN SECONDARY SCHOOL,SECONDARY (S1-S5),TAEKWONDO,PHYSICAL SPORTS,
DUNMAN SECONDARY SCHOOL,SECONDARY (S1-S5),TRACK AND FIELD,PHYSICAL SPORTS,
DUNMAN SECONDARY SCHOOL,SECONDARY (S1-S5),VOLLEYBALL,PHYSICAL SPORTS,
DUNMAN SECONDARY SCHOOL,SECONDARY (S1-S5),WUSHU,PHYSICAL SPORTS,
EAST SPRING PRIMARY SCHOOL,PRIMARY,ART AND CRAFTS,CLUBS AND SOCIETIES,
EAST SPRING PRIMARY SCHOOL,PRIMARY,FOOTBALL,PHYSICAL SPORTS,
EAST SPRING PRIMARY SCHOOL,PRIMARY,GUZHENG ENSEMBLE,VISUAL AND PERFORMING ARTS,
EAST SPRING PRIMARY SCHOOL,PRIMARY,INDIAN DANCE,VISUAL AND PERFORMING ARTS,
EAST SPRING PRIMARY SCHOOL,PRIMARY,INFOCOMM TECHNOLOGY (MEDIA PRODUCTION),CLUBS AND SOCIETIES,MEDIA CLUB
EAST SPRING PRIMARY SCHOOL,PRIMARY,MALAY DANCE,VISUAL AND PERFORMING ARTS,
EAST SPRING PRIMARY SCHOOL,PRIMARY,MODERN DANCE,VISUAL AND PERFORMING ARTS,FUSION & MODERN DANCE
EAST SPRING PRIMARY SCHOOL,PRIMARY,MODULAR CCA (SPORTS),PHYSICAL SPORTS,SPORTS CLUB
EAST SPRING PRIMARY SCHOOL,PRIMARY,MODULAR CCA (VPA),VISUAL AND PERFORMING ARTS,MUSIC CLUB
EAST SPRING PRIMARY SCHOOL,PRIMARY,PHYSICAL SCIENCE,CLUBS AND SOCIETIES,ENVIRONMENTAL CLUB
EAST SPRING PRIMARY SCHOOL,PRIMARY,SCOUTS,UNIFORMED GROUPS,
EAST SPRING PRIMARY SCHOOL,PRIMARY,VOLLEYBALL,PHYSICAL SPORTS,
EAST SPRING PRIMARY SCHOOL,PRIMARY,WUSHU,PHYSICAL SPORTS,
EAST SPRING SECONDARY SCHOOL,SECONDARY (S1-S5),AUDIO VISUAL AID,CLUBS AND SOCIETIES,
EAST SPRING SECONDARY SCHOOL,SECONDARY (S1-S5),BADMINTON,PHYSICAL SPORTS,
EAST SPRING SECONDARY SCHOOL,SECONDARY (S1-S5),BASKETBALL,PHYSICAL SPORTS,
EAST SPRING SECONDARY SCHOOL,SECONDARY (S1-S5),CHINESE DANCE,VISUAL AND PERFORMING ARTS,
EAST SPRING SECONDARY SCHOOL,SECONDARY (S1-S5),CHOIR,VISUAL AND PERFORMING ARTS,
EAST SPRING SECONDARY SCHOOL,SECONDARY (S1-S5),CONCERT BAND,VISUAL AND PERFORMING ARTS,
EAST SPRING SECONDARY SCHOOL,SECONDARY (S1-S5),DESIGN AND INNOVATION,CLUBS AND SOCIETIES,
EAST SPRING SECONDARY SCHOOL,SECONDARY (S1-S5),ENGLISH DRAMA,VISUAL AND PERFORMING ARTS,
EAST SPRING SECONDARY SCHOOL,SECONDARY (S1-S5),FLOORBALL,PHYSICAL SPORTS,
EAST SPRING SECONDARY SCHOOL,SECONDARY (S1-S5),JOURNALISM,CLUBS AND SOCIETIES,
EAST SPRING SECONDARY SCHOOL,SECONDARY (S1-S5),MALAY DANCE,VISUAL AND PERFORMING ARTS,
EAST SPRING SECONDARY SCHOOL,SECONDARY (S1-S5),NATIONAL CADET CORPS (LAND),UNIFORMED GROUPS,
EAST SPRING SECONDARY SCHOOL,SECONDARY (S1-S5),NATIONAL CIVIL DEFENCE CADET CORPS,UNIFORMED GROUPS,
EAST SPRING SECONDARY SCHOOL,SECONDARY (S1-S5),NATIONAL POLICE CADET CORPS,UNIFORMED GROUPS,
EAST SPRING SECONDARY SCHOOL,SECONDARY (S1-S5),NETBALL,PHYSICAL SPORTS,
EAST SPRING SECONDARY SCHOOL,SECONDARY (S1-S5),RUGBY,PHYSICAL SPORTS,
EAST SPRING SECONDARY SCHOOL,SECONDARY (S1-S5),SCOUTS,UNIFORMED GROUPS,
EAST SPRING SECONDARY SCHOOL,SECONDARY (S1-S5),ST JOHN BRIGADE,UNIFORMED GROUPS,
EDGEFIELD PRIMARY SCHOOL,PRIMARY,ART AND CRAFTS,CLUBS AND SOCIETIES,ART CLUB
EDGEFIELD PRIMARY SCHOOL,PRIMARY,ARTISTIC GYMNASTICS,PHYSICAL SPORTS,GYMNASTICS
EDGEFIELD PRIMARY SCHOOL,PRIMARY,BASKETBALL,PHYSICAL SPORTS,
EDGEFIELD PRIMARY SCHOOL,PRIMARY,CHOIR,VISUAL AND PERFORMING ARTS,
EDGEFIELD PRIMARY SCHOOL,PRIMARY,INFOCOMM TECHNOLOGY (COMPUTING),CLUBS AND SOCIETIES,
EDGEFIELD PRIMARY SCHOOL,PRIMARY,MALAY DANCE,VISUAL AND PERFORMING ARTS,
EDGEFIELD PRIMARY SCHOOL,PRIMARY,MODERN DANCE,VISUAL AND PERFORMING ARTS,DANCESPORTS
EDGEFIELD PRIMARY SCHOOL,PRIMARY,NETBALL,PHYSICAL SPORTS,
EDGEFIELD PRIMARY SCHOOL,PRIMARY,PHYSICAL SCIENCE,CLUBS AND SOCIETIES,SCIENCE AND ENVIRONMENT
EDGEFIELD PRIMARY SCHOOL,PRIMARY,SCOUTS,UNIFORMED GROUPS,
EDGEFIELD PRIMARY SCHOOL,PRIMARY,TRACK AND FIELD,PHYSICAL SPORTS,
EDGEFIELD SECONDARY SCHOOL,SECONDARY (S1-S5),ART AND CRAFTS,CLUBS AND SOCIETIES,ART CLUB
EDGEFIELD SECONDARY SCHOOL,SECONDARY (S1-S5),BADMINTON,PHYSICAL SPORTS,
EDGEFIELD SECONDARY SCHOOL,SECONDARY (S1-S5),BASKETBALL,PHYSICAL SPORTS,
EDGEFIELD SECONDARY SCHOOL,SECONDARY (S1-S5),CHOIR,VISUAL AND PERFORMING ARTS,
EDGEFIELD SECONDARY SCHOOL,SECONDARY (S1-S5),CONCERT BAND,VISUAL AND PERFORMING ARTS,
EDGEFIELD SECONDARY SCHOOL,SECONDARY (S1-S5),ENGLISH DRAMA,VISUAL AND PERFORMING ARTS,
EDGEFIELD SECONDARY SCHOOL,SECONDARY (S1-S5),ENTREPRENEURSHIP,CLUBS AND SOCIETIES,
EDGEFIELD SECONDARY SCHOOL,SECONDARY (S1-S5),GIRL GUIDES,UNIFORMED GROUPS,
EDGEFIELD SECONDARY SCHOOL,SECONDARY (S1-S5),GUZHENG ENSEMBLE,VISUAL AND PERFORMING ARTS,
EDGEFIELD SECONDARY SCHOOL,SECONDARY (S1-S5),HARMONICA ENSEMBLE,VISUAL AND PERFORMING ARTS,
EDGEFIELD SECONDARY SCHOOL,SECONDARY (S1-S5),INFOCOMM TECHNOLOGY (MEDIA PRODUCTION),CLUBS AND SOCIETIES,NEW MEDIA CLUB
EDGEFIELD SECONDARY SCHOOL,SECONDARY (S1-S5),MODERN DANCE,VISUAL AND PERFORMING ARTS,
EDGEFIELD SECONDARY SCHOOL,SECONDARY (S1-S5),NATIONAL CIVIL DEFENCE CADET CORPS,UNIFORMED GROUPS,
EDGEFIELD SECONDARY SCHOOL,SECONDARY (S1-S5),NATIONAL POLICE CADET CORPS (SEA),UNIFORMED GROUPS,
EDGEFIELD SECONDARY SCHOOL,SECONDARY (S1-S5),PERCUSSION ENSEMBLE,VISUAL AND PERFORMING ARTS,FESTIVE DRUMS
EDGEFIELD SECONDARY SCHOOL,SECONDARY (S1-S5),ROBOTICS,CLUBS AND SOCIETIES,
EDGEFIELD SECONDARY SCHOOL,SECONDARY (S1-S5),SCOUTS,UNIFORMED GROUPS,
EDGEFIELD SECONDARY SCHOOL,SECONDARY (S1-S5),SHOOTING,PHYSICAL SPORTS,
EDGEFIELD SECONDARY SCHOOL,SECONDARY (S1-S5),SINGAPORE NATIONAL YOUTH CHINESE ORCHESTRA,VISUAL AND PERFORMING ARTS,
EDGEFIELD SECONDARY SCHOOL,SECONDARY (S1-S5),SINGAPORE NATIONAL YOUTH ORCHESTRA,VISUAL AND PERFORMING ARTS,
EDGEFIELD SECONDARY SCHOOL,SECONDARY (S1-S5),SINGAPORE YOUTH FLYING CLUB,CLUBS AND SOCIETIES,
EDGEFIELD SECONDARY SCHOOL,SECONDARY (S1-S5),SOFTBALL,PHYSICAL SPORTS,
EDGEFIELD SECONDARY SCHOOL,SECONDARY (S1-S5),SP-CCA (ATHLETICS),PHYSICAL SPORTS,
EDGEFIELD SECONDARY SCHOOL,SECONDARY (S1-S5),TAEKWONDO,PHYSICAL SPORTS,
EDGEFIELD SECONDARY SCHOOL,SECONDARY (S1-S5),VOLLEYBALL,PHYSICAL SPORTS,
EDGEFIELD SECONDARY SCHOOL,SECONDARY (S1-S5),WUSHU,PHYSICAL SPORTS,
ELIAS PARK PRIMARY SCHOOL,PRIMARY,ART AND CRAFTS,CLUBS AND SOCIETIES,
ELIAS PARK PRIMARY SCHOOL,PRIMARY,BASKETBALL,PHYSICAL SPORTS,
ELIAS PARK PRIMARY SCHOOL,PRIMARY,CHINESE ORCHESTRA,VISUAL AND PERFORMING ARTS,
ELIAS PARK PRIMARY SCHOOL,PRIMARY,CHOIR,VISUAL AND PERFORMING ARTS,
ELIAS PARK PRIMARY SCHOOL,PRIMARY,INFOCOMM TECHNOLOGY (COMPUTING),CLUBS AND SOCIETIES,
ELIAS PARK PRIMARY SCHOOL,PRIMARY,MODERN DANCE,VISUAL AND PERFORMING ARTS,
ELIAS PARK PRIMARY SCHOOL,PRIMARY,PHYSICAL SCIENCE,CLUBS AND SOCIETIES,STEM
ELIAS PARK PRIMARY SCHOOL,PRIMARY,SCOUTS,UNIFORMED GROUPS,
ELIAS PARK PRIMARY SCHOOL,PRIMARY,TABLE TENNIS,PHYSICAL SPORTS,
ELIAS PARK PRIMARY SCHOOL,PRIMARY,TRACK AND FIELD,PHYSICAL SPORTS,SWIFT STRIDERS
ELIAS PARK PRIMARY SCHOOL,PRIMARY,VOLLEYBALL,PHYSICAL SPORTS,
ENDEAVOUR PRIMARY SCHOOL,PRIMARY,ART AND CRAFTS,CLUBS AND SOCIETIES,
ENDEAVOUR PRIMARY SCHOOL,PRIMARY,BADMINTON,PHYSICAL SPORTS,
ENDEAVOUR PRIMARY SCHOOL,PRIMARY,BASKETBALL,PHYSICAL SPORTS,
ENDEAVOUR PRIMARY SCHOOL,PRIMARY,CHINESE DANCE,VISUAL AND PERFORMING ARTS,
ENDEAVOUR PRIMARY SCHOOL,PRIMARY,CHOIR,VISUAL AND PERFORMING ARTS,
ENDEAVOUR PRIMARY SCHOOL,PRIMARY,ENGLISH DRAMA,VISUAL AND PERFORMING ARTS,
ENDEAVOUR PRIMARY SCHOOL,PRIMARY,FLOORBALL,PHYSICAL SPORTS,
ENDEAVOUR PRIMARY SCHOOL,PRIMARY,GIRL GUIDES (BROWNIES),UNIFORMED GROUPS,
ENDEAVOUR PRIMARY SCHOOL,PRIMARY,GUZHENG ENSEMBLE,VISUAL AND PERFORMING ARTS,
ENDEAVOUR PRIMARY SCHOOL,PRIMARY,INFOCOMM TECHNOLOGY (COMPUTING),CLUBS AND SOCIETIES,
ENDEAVOUR PRIMARY SCHOOL,PRIMARY,MALAY DANCE,VISUAL AND PERFORMING ARTS,
ENDEAVOUR PRIMARY SCHOOL,PRIMARY,PHYSICAL SCIENCE,CLUBS AND SOCIETIES,
ENDEAVOUR PRIMARY SCHOOL,PRIMARY,RUGBY,PHYSICAL SPORTS,
ENDEAVOUR PRIMARY SCHOOL,PRIMARY,SAILING,PHYSICAL SPORTS,
ENDEAVOUR PRIMARY SCHOOL,PRIMARY,SCOUTS,UNIFORMED GROUPS,
ENDEAVOUR PRIMARY SCHOOL,PRIMARY,STUDENT LEADERSHIP (PREFECT),OTHERS,
ENDEAVOUR PRIMARY SCHOOL,PRIMARY,TABLE TENNIS,PHYSICAL SPORTS,
ENDEAVOUR PRIMARY SCHOOL,PRIMARY,VOLLEYBALL,PHYSICAL SPORTS,
ENDEAVOUR PRIMARY SCHOOL,PRIMARY,WUSHU,PHYSICAL SPORTS,
EUNOIA JUNIOR COLLEGE,JUNIOR COLLEGE,ART AND CRAFTS,CLUBS AND SOCIETIES,EJ VISUAL ART CLUB
EUNOIA JUNIOR COLLEGE,JUNIOR COLLEGE,ARTISTIC GYMNASTICS,PHYSICAL SPORTS,
EUNOIA JUNIOR COLLEGE,JUNIOR COLLEGE,BADMINTON,PHYSICAL SPORTS,
EUNOIA JUNIOR COLLEGE,JUNIOR COLLEGE,BASKETBALL,PHYSICAL SPORTS,
EUNOIA JUNIOR COLLEGE,JUNIOR COLLEGE,BOWLING,PHYSICAL SPORTS,
EUNOIA JUNIOR COLLEGE,JUNIOR COLLEGE,BOYS' BRIGADE,UNIFORMED GROUPS,
EUNOIA JUNIOR COLLEGE,JUNIOR COLLEGE,CANOEING,PHYSICAL SPORTS,
EUNOIA JUNIOR COLLEGE,JUNIOR COLLEGE,CHEERLEADING,CLUBS AND SOCIETIES,
EUNOIA JUNIOR COLLEGE,JUNIOR COLLEGE,CHINESE ORCHESTRA,VISUAL AND PERFORMING ARTS,
EUNOIA JUNIOR COLLEGE,JUNIOR COLLEGE,CHOIR,VISUAL AND PERFORMING ARTS,
EUNOIA JUNIOR COLLEGE,JUNIOR COLLEGE,COMMUNITY SERVICE,CLUBS AND SOCIETIES,SERVICE LEARNING CLUB
EUNOIA JUNIOR COLLEGE,JUNIOR COLLEGE,CONCERT BAND,VISUAL AND PERFORMING ARTS,SYMPHONIC BAND
EUNOIA JUNIOR COLLEGE,JUNIOR COLLEGE,DEBATING AND PUBLIC SPEAKING,CLUBS AND SOCIETIES,DEBATE SOCIETY
EUNOIA JUNIOR COLLEGE,JUNIOR COLLEGE,DIGITAL MEDIA,CLUBS AND SOCIETIES,
EUNOIA JUNIOR COLLEGE,JUNIOR COLLEGE,ENGLISH DRAMA,VISUAL AND PERFORMING ARTS,
EUNOIA JUNIOR COLLEGE,JUNIOR COLLEGE,ENVIRONMENTAL SCIENCE,CLUBS AND SOCIETIES,ENVIRONMENT CLUB
EUNOIA JUNIOR COLLEGE,JUNIOR COLLEGE,FLOORBALL,PHYSICAL SPORTS,
EUNOIA JUNIOR COLLEGE,JUNIOR COLLEGE,FRISBEE,PHYSICAL SPORTS,
EUNOIA JUNIOR COLLEGE,JUNIOR COLLEGE,GIRLS' BRIGADE,UNIFORMED GROUPS,
EUNOIA JUNIOR COLLEGE,JUNIOR COLLEGE,GOLF,PHYSICAL SPORTS,
EUNOIA JUNIOR COLLEGE,JUNIOR COLLEGE,HEALTH AND FITNESS,PHYSICAL SPORTS,HEALTH AND FITNESS CLUB
EUNOIA JUNIOR COLLEGE,JUNIOR COLLEGE,HOCKEY,PHYSICAL SPORTS,
EUNOIA JUNIOR COLLEGE,JUNIOR COLLEGE,INFOCOMM TECHNOLOGY (MEDIA PRODUCTION),CLUBS AND SOCIETIES,EJC MEDIA CLUB
EUNOIA JUNIOR COLLEGE,JUNIOR COLLEGE,MEDIA RESOURCE LIBRARY,CLUBS AND SOCIETIES,LIBRARY CLUB
EUNOIA JUNIOR COLLEGE,JUNIOR COLLEGE,MODERN DANCE,VISUAL AND PERFORMING ARTS,
EUNOIA JUNIOR COLLEGE,JUNIOR COLLEGE,MODULAR CCA (SPORTS),PHYSICAL SPORTS,
EUNOIA JUNIOR COLLEGE,JUNIOR COLLEGE,NATIONAL CADET CORPS (LAND),UNIFORMED GROUPS,
EUNOIA JUNIOR COLLEGE,JUNIOR COLLEGE,NATIONAL POLICE CADET CORPS,UNIFORMED GROUPS,
EUNOIA JUNIOR COLLEGE,JUNIOR COLLEGE,NETBALL,PHYSICAL SPORTS,
EUNOIA JUNIOR COLLEGE,JUNIOR COLLEGE,OUTDOOR ADVENTURE,PHYSICAL SPORTS,
EUNOIA JUNIOR COLLEGE,JUNIOR COLLEGE,POP AND JAZZ,VISUAL AND PERFORMING ARTS,STREET DANCE
EUNOIA JUNIOR COLLEGE,JUNIOR COLLEGE,PUBLICATION,CLUBS AND SOCIETIES,PRESS
EUNOIA JUNIOR COLLEGE,JUNIOR COLLEGE,RED CROSS YOUTH,UNIFORMED GROUPS,
EUNOIA JUNIOR COLLEGE,JUNIOR COLLEGE,RHYTHMIC GYMNASTICS,PHYSICAL SPORTS,
EUNOIA JUNIOR COLLEGE,JUNIOR COLLEGE,ROBOTICS,CLUBS AND SOCIETIES,COMPUTING & ROBOTICS CLUB
EUNOIA JUNIOR COLLEGE,JUNIOR COLLEGE,SCOUTS,UNIFORMED GROUPS,
EUNOIA JUNIOR COLLEGE,JUNIOR COLLEGE,SHOOTING,PHYSICAL SPORTS,
EUNOIA JUNIOR COLLEGE,JUNIOR COLLEGE,SINGAPORE NATIONAL YOUTH CHINESE ORCHESTRA,VISUAL AND PERFORMING ARTS,
EUNOIA JUNIOR COLLEGE,JUNIOR COLLEGE,SINGAPORE NATIONAL YOUTH ORCHESTRA,VISUAL AND PERFORMING ARTS,
EUNOIA JUNIOR COLLEGE,JUNIOR COLLEGE,SINGAPORE YOUTH FLYING CLUB,CLUBS AND SOCIETIES,
EUNOIA JUNIOR COLLEGE,JUNIOR COLLEGE,SOFTBALL,PHYSICAL SPORTS,
EUNOIA JUNIOR COLLEGE,JUNIOR COLLEGE,SQUASH,PHYSICAL SPORTS,
EUNOIA JUNIOR COLLEGE,JUNIOR COLLEGE,ST JOHN BRIGADE,UNIFORMED GROUPS,
EUNOIA JUNIOR COLLEGE,JUNIOR COLLEGE,STRATEGY GAMES,CLUBS AND SOCIETIES,MIND SPORTS CLUB
EUNOIA JUNIOR COLLEGE,JUNIOR COLLEGE,STRING ENSEMBLE,VISUAL AND PERFORMING ARTS,CHAMBER STRINGS
EUNOIA JUNIOR COLLEGE,JUNIOR COLLEGE,STUDENT INITIATED ACTIVITIES (PHYSICAL SPORTS AND OUTDOORS),OTHERS,
EUNOIA JUNIOR COLLEGE,JUNIOR COLLEGE,STUDENT INITIATED ACTIVITIES (VISUAL & PERFORMING ARTS),OTHERS,
EUNOIA JUNIOR COLLEGE,JUNIOR COLLEGE,STUDENT LEADERSHIP (COUNCIL),OTHERS,
EUNOIA JUNIOR COLLEGE,JUNIOR COLLEGE,STUDENT LEADERSHIP (HOUSE),OTHERS,
EUNOIA JUNIOR COLLEGE,JUNIOR COLLEGE,STUDENT LEADERSHIP (PEER SUPPORT),OTHERS,
EUNOIA JUNIOR COLLEGE,JUNIOR COLLEGE,SWIMMING,PHYSICAL SPORTS,
EUNOIA JUNIOR COLLEGE,JUNIOR COLLEGE,TABLE TENNIS,PHYSICAL SPORTS,
EUNOIA JUNIOR COLLEGE,JUNIOR COLLEGE,TAEKWONDO,PHYSICAL SPORTS,
EUNOIA JUNIOR COLLEGE,JUNIOR COLLEGE,TENNIS,PHYSICAL SPORTS,
EUNOIA JUNIOR COLLEGE,JUNIOR COLLEGE,TRACK AND FIELD,PHYSICAL SPORTS,
EUNOIA JUNIOR COLLEGE,JUNIOR COLLEGE,TRAMPOLINE,PHYSICAL SPORTS,
EUNOIA JUNIOR COLLEGE,JUNIOR COLLEGE,VOLLEYBALL,PHYSICAL SPORTS,
EUNOIA JUNIOR COLLEGE,JUNIOR COLLEGE,WESTERN ORCHESTRA,VISUAL AND PERFORMING ARTS,ROCK BAND
EUNOIA JUNIOR COLLEGE,JUNIOR COLLEGE,WUSHU,PHYSICAL SPORTS,
EVERGREEN PRIMARY SCHOOL,PRIMARY,ART AND CRAFTS,CLUBS AND SOCIETIES,
EVERGREEN PRIMARY SCHOOL,PRIMARY,BADMINTON,PHYSICAL SPORTS,
EVERGREEN PRIMARY SCHOOL,PRIMARY,BASKETBALL,PHYSICAL SPORTS,
EVERGREEN PRIMARY SCHOOL,PRIMARY,CHINESE DANCE,VISUAL AND PERFORMING ARTS,
EVERGREEN PRIMARY SCHOOL,PRIMARY,CHOIR,VISUAL AND PERFORMING ARTS,
EVERGREEN PRIMARY SCHOOL,PRIMARY,ENVIRONMENTAL SCIENCE,CLUBS AND SOCIETIES,
EVERGREEN PRIMARY SCHOOL,PRIMARY,FOOTBALL,PHYSICAL SPORTS,
EVERGREEN PRIMARY SCHOOL,PRIMARY,INDIAN DANCE,VISUAL AND PERFORMING ARTS,
EVERGREEN PRIMARY SCHOOL,PRIMARY,INFOCOMM TECHNOLOGY (MEDIA PRODUCTION),CLUBS AND SOCIETIES,
EVERGREEN PRIMARY SCHOOL,PRIMARY,MALAY DANCE,VISUAL AND PERFORMING ARTS,
EVERGREEN PRIMARY SCHOOL,PRIMARY,NETBALL,PHYSICAL SPORTS,
EVERGREEN PRIMARY SCHOOL,PRIMARY,PERCUSSION ENSEMBLE,VISUAL AND PERFORMING ARTS,
EVERGREEN PRIMARY SCHOOL,PRIMARY,SCOUTS,UNIFORMED GROUPS,
EVERGREEN PRIMARY SCHOOL,PRIMARY,STUDENT LEADERSHIP (PEER SUPPORT),OTHERS,STUDENT LEADERSHIP (PEER SUPPORT LEADER)
EVERGREEN PRIMARY SCHOOL,PRIMARY,STUDENT LEADERSHIP (PREFECT),OTHERS,STUDENT LEADERSHIP (PREFECT)
EVERGREEN PRIMARY SCHOOL,PRIMARY,TAEKWONDO,PHYSICAL SPORTS,
EVERGREEN SECONDARY SCHOOL,SECONDARY (S1-S5),ART AND CRAFTS,CLUBS AND SOCIETIES,AESTHETICS DEPT
EVERGREEN SECONDARY SCHOOL,SECONDARY (S1-S5),AUDIO VISUAL AID,CLUBS AND SOCIETIES,
EVERGREEN SECONDARY SCHOOL,SECONDARY (S1-S5),BADMINTON,PHYSICAL SPORTS,
EVERGREEN SECONDARY SCHOOL,SECONDARY (S1-S5),CHINESE CULTURE AND LANGUAGE,CLUBS AND SOCIETIES,CHINESE LANGUAGE DEPT
EVERGREEN SECONDARY SCHOOL,SECONDARY (S1-S5),CHINESE DANCE,VISUAL AND PERFORMING ARTS,
EVERGREEN SECONDARY SCHOOL,SECONDARY (S1-S5),CHINESE ORCHESTRA,VISUAL AND PERFORMING ARTS,
EVERGREEN SECONDARY SCHOOL,SECONDARY (S1-S5),COMMUNITY SERVICE (ROTARY-SPONSORED),CLUBS AND SOCIETIES,INTERACT CLUB
EVERGREEN SECONDARY SCHOOL,SECONDARY (S1-S5),CROSS COUNTRY,PHYSICAL SPORTS,
EVERGREEN SECONDARY SCHOOL,SECONDARY (S1-S5),ENGLISH CULTURE AND LANGUAGE,CLUBS AND SOCIETIES,ENGLISH DEPT
EVERGREEN SECONDARY SCHOOL,SECONDARY (S1-S5),"ENGLISH LANGUAGE, DRAMA AND DEBATING",CLUBS AND SOCIETIES,ELDDS
EVERGREEN SECONDARY SCHOOL,SECONDARY (S1-S5),GAMELAN ENSEMBLE,VISUAL AND PERFORMING ARTS,
EVERGREEN SECONDARY SCHOOL,SECONDARY (S1-S5),GUITAR ENSEMBLE,VISUAL AND PERFORMING ARTS,
EVERGREEN SECONDARY SCHOOL,SECONDARY (S1-S5),HEALTH AND FITNESS,PHYSICAL SPORTS,
EVERGREEN SECONDARY SCHOOL,SECONDARY (S1-S5),INFOCOMM TECHNOLOGY (COMPUTING),CLUBS AND SOCIETIES,DIGITAL MEDIA CLUB
EVERGREEN SECONDARY SCHOOL,SECONDARY (S1-S5),MALAY CULTURE AND LANGUAGE,CLUBS AND SOCIETIES,MALAY LANGUAGE DEPT
EVERGREEN SECONDARY SCHOOL,SECONDARY (S1-S5),MALAY DANCE,VISUAL AND PERFORMING ARTS,
EVERGREEN SECONDARY SCHOOL,SECONDARY (S1-S5),MATHEMATICS,CLUBS AND SOCIETIES,MATHEMATICS DEPT
EVERGREEN SECONDARY SCHOOL,SECONDARY (S1-S5),NATIONAL CADET CORPS (LAND),UNIFORMED GROUPS,
EVERGREEN SECONDARY SCHOOL,SECONDARY (S1-S5),NATIONAL CIVIL DEFENCE CADET CORPS,UNIFORMED GROUPS,NCDCC
EVERGREEN SECONDARY SCHOOL,SECONDARY (S1-S5),NATIONAL POLICE CADET CORPS,UNIFORMED GROUPS,
EVERGREEN SECONDARY SCHOOL,SECONDARY (S1-S5),NETBALL,PHYSICAL SPORTS,
EVERGREEN SECONDARY SCHOOL,SECONDARY (S1-S5),PHYSICAL SCIENCE,CLUBS AND SOCIETIES,SCIENCE DEPT
EVERGREEN SECONDARY SCHOOL,SECONDARY (S1-S5),RED CROSS YOUTH,UNIFORMED GROUPS,
EVERGREEN SECONDARY SCHOOL,SECONDARY (S1-S5),ROPE SKIPPING,PHYSICAL SPORTS,
EVERGREEN SECONDARY SCHOOL,SECONDARY (S1-S5),RUGBY,PHYSICAL SPORTS,
EVERGREEN SECONDARY SCHOOL,SECONDARY (S1-S5),SCOUTS,UNIFORMED GROUPS,
EVERGREEN SECONDARY SCHOOL,SECONDARY (S1-S5),SINGAPORE NATIONAL YOUTH ORCHESTRA,VISUAL AND PERFORMING ARTS,
EVERGREEN SECONDARY SCHOOL,SECONDARY (S1-S5),SINGAPORE YOUTH FLYING CLUB,CLUBS AND SOCIETIES,
EVERGREEN SECONDARY SCHOOL,SECONDARY (S1-S5),STUDENT LEADERSHIP (COUNCIL),OTHERS,CCA EXCO
EVERGREEN SECONDARY SCHOOL,SECONDARY (S1-S5),STUDENT LEADERSHIP (HOUSE),OTHERS,
EVERGREEN SECONDARY SCHOOL,SECONDARY (S1-S5),STUDENT LEADERSHIP (PREFECT),OTHERS,
EVERGREEN SECONDARY SCHOOL,SECONDARY (S1-S5),TABLE TENNIS,PHYSICAL SPORTS,
EVERGREEN SECONDARY SCHOOL,SECONDARY (S1-S5),TAEKWONDO,PHYSICAL SPORTS,
EVERGREEN SECONDARY SCHOOL,SECONDARY (S1-S5),VOLLEYBALL,PHYSICAL SPORTS,
FAIRFIELD METHODIST SCHOOL (PRIMARY),PRIMARY,ART AND CRAFTS,CLUBS AND SOCIETIES,
FAIRFIELD METHODIST SCHOOL (PRIMARY),PRIMARY,BADMINTON,PHYSICAL SPORTS,
FAIRFIELD METHODIST SCHOOL (PRIMARY),PRIMARY,BASKETBALL,PHYSICAL SPORTS,
FAIRFIELD METHODIST SCHOOL (PRIMARY),PRIMARY,BOYS' BRIGADE,UNIFORMED GROUPS,
FAIRFIELD METHODIST SCHOOL (PRIMARY),PRIMARY,CHINESE DANCE,VISUAL AND PERFORMING ARTS,
FAIRFIELD METHODIST SCHOOL (PRIMARY),PRIMARY,CHOIR,VISUAL AND PERFORMING ARTS,
FAIRFIELD METHODIST SCHOOL (PRIMARY),PRIMARY,CONCERT BAND,VISUAL AND PERFORMING ARTS,
FAIRFIELD METHODIST SCHOOL (PRIMARY),PRIMARY,DIGITAL MEDIA,CLUBS AND SOCIETIES,STEM CLUB
FAIRFIELD METHODIST SCHOOL (PRIMARY),PRIMARY,FAITH-BASED CCA,CLUBS AND SOCIETIES,
FAIRFIELD METHODIST SCHOOL (PRIMARY),PRIMARY,FOOTBALL,PHYSICAL SPORTS,
FAIRFIELD METHODIST SCHOOL (PRIMARY),PRIMARY,GIRLS' BRIGADE,UNIFORMED GROUPS,
FAIRFIELD METHODIST SCHOOL (PRIMARY),PRIMARY,HANDBELL ENSEMBLE,VISUAL AND PERFORMING ARTS,
FAIRFIELD METHODIST SCHOOL (PRIMARY),PRIMARY,MODULAR CCA (C&S),CLUBS AND SOCIETIES,
FAIRFIELD METHODIST SCHOOL (PRIMARY),PRIMARY,MODULAR CCA (SPORTS),PHYSICAL SPORTS,
FAIRFIELD METHODIST SCHOOL (PRIMARY),PRIMARY,VOLLEYBALL,PHYSICAL SPORTS,
FAIRFIELD METHODIST SCHOOL (SECONDARY),SECONDARY (S1-S5),BADMINTON,PHYSICAL SPORTS,
FAIRFIELD METHODIST SCHOOL (SECONDARY),SECONDARY (S1-S5),BASKETBALL,PHYSICAL SPORTS,
FAIRFIELD METHODIST SCHOOL (SECONDARY),SECONDARY (S1-S5),BOYS' BRIGADE,UNIFORMED GROUPS,
FAIRFIELD METHODIST SCHOOL (SECONDARY),SECONDARY (S1-S5),CHOIR,VISUAL AND PERFORMING ARTS,
FAIRFIELD METHODIST SCHOOL (SECONDARY),SECONDARY (S1-S5),CONCERT BAND,VISUAL AND PERFORMING ARTS,
FAIRFIELD METHODIST SCHOOL (SECONDARY),SECONDARY (S1-S5),ENGLISH DRAMA,VISUAL AND PERFORMING ARTS,
FAIRFIELD METHODIST SCHOOL (SECONDARY),SECONDARY (S1-S5),FOOTBALL,PHYSICAL SPORTS,
FAIRFIELD METHODIST SCHOOL (SECONDARY),SECONDARY (S1-S5),GIRLS' BRIGADE,UNIFORMED GROUPS,
FAIRFIELD METHODIST SCHOOL (SECONDARY),SECONDARY (S1-S5),GUITAR ENSEMBLE,VISUAL AND PERFORMING ARTS,
FAIRFIELD METHODIST SCHOOL (SECONDARY),SECONDARY (S1-S5),INFOCOMM TECHNOLOGY (MEDIA PRODUCTION),CLUBS AND SOCIETIES,
FAIRFIELD METHODIST SCHOOL (SECONDARY),SECONDARY (S1-S5),JOURNALISM,CLUBS AND SOCIETIES,
FAIRFIELD METHODIST SCHOOL (SECONDARY),SECONDARY (S1-S5),MODERN DANCE,VISUAL AND PERFORMING ARTS,
FAIRFIELD METHODIST SCHOOL (SECONDARY),SECONDARY (S1-S5),NATIONAL CADET CORPS (LAND),UNIFORMED GROUPS,
FAIRFIELD METHODIST SCHOOL (SECONDARY),SECONDARY (S1-S5),NATIONAL CADET CORPS (SEA),UNIFORMED GROUPS,
FAIRFIELD METHODIST SCHOOL (SECONDARY),SECONDARY (S1-S5),NETBALL,PHYSICAL SPORTS,
FAIRFIELD METHODIST SCHOOL (SECONDARY),SECONDARY (S1-S5),RED CROSS YOUTH,UNIFORMED GROUPS,
FAIRFIELD METHODIST SCHOOL (SECONDARY),SECONDARY (S1-S5),ROBOTICS,CLUBS AND SOCIETIES,
FAIRFIELD METHODIST SCHOOL (SECONDARY),SECONDARY (S1-S5),SINGAPORE NATIONAL YOUTH ORCHESTRA,VISUAL AND PERFORMING ARTS,
FAIRFIELD METHODIST SCHOOL (SECONDARY),SECONDARY (S1-S5),SINGAPORE YOUTH FLYING CLUB,CLUBS AND SOCIETIES,
FAIRFIELD METHODIST SCHOOL (SECONDARY),SECONDARY (S1-S5),SP-CCA (ATHLETICS),PHYSICAL SPORTS,
FAIRFIELD METHODIST SCHOOL (SECONDARY),SECONDARY (S1-S5),SP-CCA (WATER POLO),PHYSICAL SPORTS,
FAIRFIELD METHODIST SCHOOL (SECONDARY),SECONDARY (S1-S5),STUDENT LEADERSHIP (COUNCIL),OTHERS,
FAIRFIELD METHODIST SCHOOL (SECONDARY),SECONDARY (S1-S5),VOLLEYBALL,PHYSICAL SPORTS,
FARRER PARK PRIMARY SCHOOL,PRIMARY,ART AND CRAFTS,CLUBS AND SOCIETIES,
FARRER PARK PRIMARY SCHOOL,PRIMARY,BADMINTON,PHYSICAL SPORTS,
FARRER PARK PRIMARY SCHOOL,PRIMARY,BASKETBALL,PHYSICAL SPORTS,
FARRER PARK PRIMARY SCHOOL,PRIMARY,BOYS' BRIGADE,UNIFORMED GROUPS,
FARRER PARK PRIMARY SCHOOL,PRIMARY,CHINESE INSTRUMENTAL ENSEMBLE,VISUAL AND PERFORMING ARTS,PERCUSSION ENSEMBLE
FARRER PARK PRIMARY SCHOOL,PRIMARY,ENGLISH DRAMA,VISUAL AND PERFORMING ARTS,
FARRER PARK PRIMARY SCHOOL,PRIMARY,ENVIRONMENTAL SCIENCE,CLUBS AND SOCIETIES,
FARRER PARK PRIMARY SCHOOL,PRIMARY,FLOORBALL,PHYSICAL SPORTS,
FARRER PARK PRIMARY SCHOOL,PRIMARY,FOOTBALL,PHYSICAL SPORTS,
FARRER PARK PRIMARY SCHOOL,PRIMARY,GUITAR ENSEMBLE,VISUAL AND PERFORMING ARTS,
FARRER PARK PRIMARY SCHOOL,PRIMARY,INFOCOMM TECHNOLOGY (COMPUTING),CLUBS AND SOCIETIES,
FARRER PARK PRIMARY SCHOOL,PRIMARY,MATHEMATICS,CLUBS AND SOCIETIES,DARWINIAN CLUB (MA)
FARRER PARK PRIMARY SCHOOL,PRIMARY,MODERN DANCE,VISUAL AND PERFORMING ARTS,
FARRER PARK PRIMARY SCHOOL,PRIMARY,PHYSICAL SCIENCE,CLUBS AND SOCIETIES,DARWINIAN CLUB (SCI)
FARRER PARK PRIMARY SCHOOL,PRIMARY,SCOUTS,UNIFORMED GROUPS,
FARRER PARK PRIMARY SCHOOL,PRIMARY,TENNIS,PHYSICAL SPORTS,
FENGSHAN PRIMARY SCHOOL,PRIMARY,ART AND CRAFTS,CLUBS AND SOCIETIES,
FENGSHAN PRIMARY SCHOOL,PRIMARY,BASKETBALL,PHYSICAL SPORTS,
FENGSHAN PRIMARY SCHOOL,PRIMARY,BOYS' BRIGADE,UNIFORMED GROUPS,
FENGSHAN PRIMARY SCHOOL,PRIMARY,CHOIR,VISUAL AND PERFORMING ARTS,
FENGSHAN PRIMARY SCHOOL,PRIMARY,CONCERT BAND,VISUAL AND PERFORMING ARTS,
FENGSHAN PRIMARY SCHOOL,PRIMARY,ENVIRONMENTAL SCIENCE,CLUBS AND SOCIETIES,
FENGSHAN PRIMARY SCHOOL,PRIMARY,FOOTBALL,PHYSICAL SPORTS,
FENGSHAN PRIMARY SCHOOL,PRIMARY,HEALTH AND FITNESS,PHYSICAL SPORTS,MULTI SPORTS CLUB
FENGSHAN PRIMARY SCHOOL,PRIMARY,MODERN DANCE,VISUAL AND PERFORMING ARTS,
FENGSHAN PRIMARY SCHOOL,PRIMARY,NETBALL,PHYSICAL SPORTS,
FENGSHAN PRIMARY SCHOOL,PRIMARY,SCOUTS,UNIFORMED GROUPS,
FENGSHAN PRIMARY SCHOOL,PRIMARY,WUSHU,PHYSICAL SPORTS,
FERN GREEN PRIMARY SCHOOL,PRIMARY,ART AND CRAFTS,CLUBS AND SOCIETIES,
FERN GREEN PRIMARY SCHOOL,PRIMARY,BASKETBALL,PHYSICAL SPORTS,
FERN GREEN PRIMARY SCHOOL,PRIMARY,CHOIR,VISUAL AND PERFORMING ARTS,
FERN GREEN PRIMARY SCHOOL,PRIMARY,DEBATING AND PUBLIC SPEAKING,CLUBS AND SOCIETIES,
FERN GREEN PRIMARY SCHOOL,PRIMARY,DESIGN AND INNOVATION,CLUBS AND SOCIETIES,
FERN GREEN PRIMARY SCHOOL,PRIMARY,ENGLISH DRAMA,VISUAL AND PERFORMING ARTS,
FERN GREEN PRIMARY SCHOOL,PRIMARY,FLOORBALL,PHYSICAL SPORTS,
FERN GREEN PRIMARY SCHOOL,PRIMARY,FOOTBALL,PHYSICAL SPORTS,
FERN GREEN PRIMARY SCHOOL,PRIMARY,GUITAR ENSEMBLE,VISUAL AND PERFORMING ARTS,
FERN GREEN PRIMARY SCHOOL,PRIMARY,HARMONICA ENSEMBLE,VISUAL AND PERFORMING ARTS,
FERN GREEN PRIMARY SCHOOL,PRIMARY,INFOCOMM TECHNOLOGY (MEDIA PRODUCTION),CLUBS AND SOCIETIES,
FERN GREEN PRIMARY SCHOOL,PRIMARY,MODERN DANCE,VISUAL AND PERFORMING ARTS,
FERN GREEN PRIMARY SCHOOL,PRIMARY,OUTDOOR ADVENTURE,PHYSICAL SPORTS,
FERN GREEN PRIMARY SCHOOL,PRIMARY,SCOUTS,UNIFORMED GROUPS,
FERN GREEN PRIMARY SCHOOL,PRIMARY,TCHOUKBALL,PHYSICAL SPORTS,
FERNVALE PRIMARY SCHOOL,PRIMARY,ANGKLUNG/KULINTANG ENSEMBLE,VISUAL AND PERFORMING ARTS,
FERNVALE PRIMARY SCHOOL,PRIMARY,ART AND CRAFTS,CLUBS AND SOCIETIES,
FERNVALE PRIMARY SCHOOL,PRIMARY,BADMINTON,PHYSICAL SPORTS,
FERNVALE PRIMARY SCHOOL,PRIMARY,BASKETBALL,PHYSICAL SPORTS,
FERNVALE PRIMARY SCHOOL,PRIMARY,ENVIRONMENTAL SCIENCE,CLUBS AND SOCIETIES,
FERNVALE PRIMARY SCHOOL,PRIMARY,FLOORBALL,PHYSICAL SPORTS,
FERNVALE PRIMARY SCHOOL,PRIMARY,GUITAR ENSEMBLE,VISUAL AND PERFORMING ARTS,
FERNVALE PRIMARY SCHOOL,PRIMARY,GUZHENG ENSEMBLE,VISUAL AND PERFORMING ARTS,
FERNVALE PRIMARY SCHOOL,PRIMARY,INDIAN DANCE,VISUAL AND PERFORMING ARTS,
FERNVALE PRIMARY SCHOOL,PRIMARY,INFOCOMM TECHNOLOGY (MEDIA PRODUCTION),CLUBS AND SOCIETIES,
FERNVALE PRIMARY SCHOOL,PRIMARY,PERCUSSION ENSEMBLE,VISUAL AND PERFORMING ARTS,
FERNVALE PRIMARY SCHOOL,PRIMARY,ROBOTICS,CLUBS AND SOCIETIES,
FERNVALE PRIMARY SCHOOL,PRIMARY,SCOUTS,UNIFORMED GROUPS,
FERNVALE PRIMARY SCHOOL,PRIMARY,WUSHU,PHYSICAL SPORTS,
FIRST TOA PAYOH PRIMARY SCHOOL,PRIMARY,ART AND CRAFTS,CLUBS AND SOCIETIES,
FIRST TOA PAYOH PRIMARY SCHOOL,PRIMARY,BASKETBALL,PHYSICAL SPORTS,
FIRST TOA PAYOH PRIMARY SCHOOL,PRIMARY,BOYS' BRIGADE,UNIFORMED GROUPS,
FIRST TOA PAYOH PRIMARY SCHOOL,PRIMARY,CHOIR,VISUAL AND PERFORMING ARTS,
FIRST TOA PAYOH PRIMARY SCHOOL,PRIMARY,ENVIRONMENTAL SCIENCE,CLUBS AND SOCIETIES,
FIRST TOA PAYOH PRIMARY SCHOOL,PRIMARY,FOOTBALL,PHYSICAL SPORTS,
FIRST TOA PAYOH PRIMARY SCHOOL,PRIMARY,GIRLS' BRIGADE,UNIFORMED GROUPS,
FIRST TOA PAYOH PRIMARY SCHOOL,PRIMARY,MODULAR CCA (VPA),VISUAL AND PERFORMING ARTS,HIP-HOP DANCE
FIRST TOA PAYOH PRIMARY SCHOOL,PRIMARY,PHOTOGRAPHY,CLUBS AND SOCIETIES,
FIRST TOA PAYOH PRIMARY SCHOOL,PRIMARY,ROBOTICS,CLUBS AND SOCIETIES,
FIRST TOA PAYOH PRIMARY SCHOOL,PRIMARY,SCOUTS,UNIFORMED GROUPS,
FIRST TOA PAYOH PRIMARY SCHOOL,PRIMARY,STUDENT LEADERSHIP (PEER SUPPORT),OTHERS,
FIRST TOA PAYOH PRIMARY SCHOOL,PRIMARY,STUDENT LEADERSHIP (PREFECT),OTHERS,
FRONTIER PRIMARY SCHOOL,PRIMARY,ART AND CRAFTS,CLUBS AND SOCIETIES,
FRONTIER PRIMARY SCHOOL,PRIMARY,BADMINTON,PHYSICAL SPORTS,
FRONTIER PRIMARY SCHOOL,PRIMARY,BASKETBALL,PHYSICAL SPORTS,
FRONTIER PRIMARY SCHOOL,PRIMARY,CHINESE DANCE,VISUAL AND PERFORMING ARTS,
FRONTIER PRIMARY SCHOOL,PRIMARY,CHOIR,VISUAL AND PERFORMING ARTS,
FRONTIER PRIMARY SCHOOL,PRIMARY,DESIGN AND INNOVATION,CLUBS AND SOCIETIES,
FRONTIER PRIMARY SCHOOL,PRIMARY,ENVIRONMENTAL SCIENCE,CLUBS AND SOCIETIES,
FRONTIER PRIMARY SCHOOL,PRIMARY,MODERN DANCE,VISUAL AND PERFORMING ARTS,
FRONTIER PRIMARY SCHOOL,PRIMARY,RED CROSS YOUTH,UNIFORMED GROUPS,
FRONTIER PRIMARY SCHOOL,PRIMARY,ROCKWALL CLIMBING,PHYSICAL SPORTS,
FRONTIER PRIMARY SCHOOL,PRIMARY,RUGBY,PHYSICAL SPORTS,
FRONTIER PRIMARY SCHOOL,PRIMARY,SCOUTS,UNIFORMED GROUPS,
FRONTIER PRIMARY SCHOOL,PRIMARY,SOFTBALL,PHYSICAL SPORTS,
FRONTIER PRIMARY SCHOOL,PRIMARY,STRING ENSEMBLE,VISUAL AND PERFORMING ARTS,
FRONTIER PRIMARY SCHOOL,PRIMARY,STUDENT LEADERSHIP (PREFECT),OTHERS,
FUCHUN PRIMARY SCHOOL,PRIMARY,ART AND CRAFTS,CLUBS AND SOCIETIES,
FUCHUN PRIMARY SCHOOL,PRIMARY,BADMINTON,PHYSICAL SPORTS,
FUCHUN PRIMARY SCHOOL,PRIMARY,BASKETBALL,PHYSICAL SPORTS,
FUCHUN PRIMARY SCHOOL,PRIMARY,BRASS BAND,VISUAL AND PERFORMING ARTS,
FUCHUN PRIMARY SCHOOL,PRIMARY,CHOIR,VISUAL AND PERFORMING ARTS,
FUCHUN PRIMARY SCHOOL,PRIMARY,ENVIRONMENTAL SCIENCE,CLUBS AND SOCIETIES,
FUCHUN PRIMARY SCHOOL,PRIMARY,FOOTBALL,PHYSICAL SPORTS,
FUCHUN PRIMARY SCHOOL,PRIMARY,HEALTH AND FITNESS,PHYSICAL SPORTS,
FUCHUN PRIMARY SCHOOL,PRIMARY,INFOCOMM TECHNOLOGY (MEDIA PRODUCTION),CLUBS AND SOCIETIES,
FUCHUN PRIMARY SCHOOL,PRIMARY,JOURNALISM,CLUBS AND SOCIETIES,JUNIOR REPORTERS
FUCHUN PRIMARY SCHOOL,PRIMARY,MODERN DANCE,VISUAL AND PERFORMING ARTS,INTERNATIONAL DANCE
FUCHUN PRIMARY SCHOOL,PRIMARY,SCOUTS,UNIFORMED GROUPS,
FUCHUN PRIMARY SCHOOL,PRIMARY,STRING ENSEMBLE,VISUAL AND PERFORMING ARTS,
FUHUA PRIMARY SCHOOL,PRIMARY,ART AND CRAFTS,CLUBS AND SOCIETIES,
FUHUA PRIMARY SCHOOL,PRIMARY,BADMINTON,PHYSICAL SPORTS,
FUHUA PRIMARY SCHOOL,PRIMARY,BASKETBALL,PHYSICAL SPORTS,
FUHUA PRIMARY SCHOOL,PRIMARY,BOYS' BRIGADE,UNIFORMED GROUPS,
FUHUA PRIMARY SCHOOL,PRIMARY,BRASS BAND,VISUAL AND PERFORMING ARTS,
FUHUA PRIMARY SCHOOL,PRIMARY,CHINESE DANCE,VISUAL AND PERFORMING ARTS,
FUHUA PRIMARY SCHOOL,PRIMARY,CHOIR,VISUAL AND PERFORMING ARTS,
FUHUA PRIMARY SCHOOL,PRIMARY,DESIGN AND INNOVATION,CLUBS AND SOCIETIES,
FUHUA PRIMARY SCHOOL,PRIMARY,ENVIRONMENTAL SCIENCE,CLUBS AND SOCIETIES,
FUHUA PRIMARY SCHOOL,PRIMARY,FLOORBALL,PHYSICAL SPORTS,
FUHUA PRIMARY SCHOOL,PRIMARY,FOOTBALL,PHYSICAL SPORTS,
FUHUA PRIMARY SCHOOL,PRIMARY,GIRLS' BRIGADE,UNIFORMED GROUPS,
FUHUA PRIMARY SCHOOL,PRIMARY,GUZHENG ENSEMBLE,VISUAL AND PERFORMING ARTS,
FUHUA PRIMARY SCHOOL,PRIMARY,INFOCOMM TECHNOLOGY (COMPUTING),CLUBS AND SOCIETIES,
FUHUA PRIMARY SCHOOL,PRIMARY,INFOCOMM TECHNOLOGY (MEDIA PRODUCTION),CLUBS AND SOCIETIES,
FUHUA PRIMARY SCHOOL,PRIMARY,MODERN DANCE,VISUAL AND PERFORMING ARTS,
FUHUA PRIMARY SCHOOL,PRIMARY,NETBALL,PHYSICAL SPORTS,
FUHUA PRIMARY SCHOOL,PRIMARY,RUGBY,PHYSICAL SPORTS,
FUHUA PRIMARY SCHOOL,PRIMARY,SCOUTS,UNIFORMED GROUPS,
FUHUA PRIMARY SCHOOL,PRIMARY,SPEECH AND DRAMA,CLUBS AND SOCIETIES,
FUHUA PRIMARY SCHOOL,PRIMARY,STUDENT LEADERSHIP (HOUSE),OTHERS,
FUHUA PRIMARY SCHOOL,PRIMARY,STUDENT LEADERSHIP (PEER SUPPORT),OTHERS,
FUHUA PRIMARY SCHOOL,PRIMARY,STUDENT LEADERSHIP (PREFECT),OTHERS,
FUHUA SECONDARY SCHOOL,SECONDARY (S1-S5),ART AND CRAFTS,CLUBS AND SOCIETIES,ART CLUB
FUHUA SECONDARY SCHOOL,SECONDARY (S1-S5),BADMINTON,PHYSICAL SPORTS,
FUHUA SECONDARY SCHOOL,SECONDARY (S1-S5),CHINESE DANCE,VISUAL AND PERFORMING ARTS,CHINESE DANCE & WUSHU
FUHUA SECONDARY SCHOOL,SECONDARY (S1-S5),CHINESE ORCHESTRA,VISUAL AND PERFORMING ARTS,
FUHUA SECONDARY SCHOOL,SECONDARY (S1-S5),CHOIR,VISUAL AND PERFORMING ARTS,
FUHUA SECONDARY SCHOOL,SECONDARY (S1-S5),CONCERT BAND,VISUAL AND PERFORMING ARTS,
FUHUA SECONDARY SCHOOL,SECONDARY (S1-S5),"ENGLISH LANGUAGE, DRAMA AND DEBATING",CLUBS AND SOCIETIES,
FUHUA SECONDARY SCHOOL,SECONDARY (S1-S5),ENVIRONMENTAL SCIENCE,CLUBS AND SOCIETIES,ENVIRONMENT CLUB
FUHUA SECONDARY SCHOOL,SECONDARY (S1-S5),INFOCOMM TECHNOLOGY (MEDIA PRODUCTION),CLUBS AND SOCIETIES,INFOCOMM
FUHUA SECONDARY SCHOOL,SECONDARY (S1-S5),MALAY CULTURE AND LANGUAGE,CLUBS AND SOCIETIES,MALAY CULTURAL SOCIETY
FUHUA SECONDARY SCHOOL,SECONDARY (S1-S5),NATIONAL CADET CORPS (LAND),UNIFORMED GROUPS,NATIONAL CADET CORPS
FUHUA SECONDARY SCHOOL,SECONDARY (S1-S5),NATIONAL POLICE CADET CORPS,UNIFORMED GROUPS,
FUHUA SECONDARY SCHOOL,SECONDARY (S1-S5),RED CROSS YOUTH,UNIFORMED GROUPS,
FUHUA SECONDARY SCHOOL,SECONDARY (S1-S5),ROBOTICS,CLUBS AND SOCIETIES,ROBOTICS CLUB
FUHUA SECONDARY SCHOOL,SECONDARY (S1-S5),SCOUTS,UNIFORMED GROUPS,
FUHUA SECONDARY SCHOOL,SECONDARY (S1-S5),SHOOTING,PHYSICAL SPORTS,
FUHUA SECONDARY SCHOOL,SECONDARY (S1-S5),TABLE TENNIS,PHYSICAL SPORTS,
FUHUA SECONDARY SCHOOL,SECONDARY (S1-S5),TCHOUKBALL,PHYSICAL SPORTS,
GAN ENG SENG PRIMARY SCHOOL,PRIMARY,ART AND CRAFTS,CLUBS AND SOCIETIES,ART CLUB
GAN ENG SENG PRIMARY SCHOOL,PRIMARY,BADMINTON,PHYSICAL SPORTS,
GAN ENG SENG PRIMARY SCHOOL,PRIMARY,BASKETBALL,PHYSICAL SPORTS,
GAN ENG SENG PRIMARY SCHOOL,PRIMARY,BOYS' BRIGADE,UNIFORMED GROUPS,
GAN ENG SENG PRIMARY SCHOOL,PRIMARY,BRASS BAND,VISUAL AND PERFORMING ARTS,BAND
GAN ENG SENG PRIMARY SCHOOL,PRIMARY,CHOIR,VISUAL AND PERFORMING ARTS,
GAN ENG SENG PRIMARY SCHOOL,PRIMARY,ENVIRONMENTAL SCIENCE,CLUBS AND SOCIETIES,GREEN EXPLORERS CLUB
GAN ENG SENG PRIMARY SCHOOL,PRIMARY,FLOORBALL,PHYSICAL SPORTS,
GAN ENG SENG PRIMARY SCHOOL,PRIMARY,FOOTBALL,PHYSICAL SPORTS,
GAN ENG SENG PRIMARY SCHOOL,PRIMARY,GIRL GUIDES (BROWNIES),UNIFORMED GROUPS,BROWNIES
GAN ENG SENG PRIMARY SCHOOL,PRIMARY,INFOCOMM TECHNOLOGY (MEDIA PRODUCTION),CLUBS AND SOCIETIES,INFOCOMM & MEDIA CLUB
GAN ENG SENG PRIMARY SCHOOL,PRIMARY,MODERN DANCE,VISUAL AND PERFORMING ARTS,
GAN ENG SENG PRIMARY SCHOOL,PRIMARY,MODULAR CCA (SPORTS),PHYSICAL SPORTS,MODULAR SPORTS
GAN ENG SENG PRIMARY SCHOOL,PRIMARY,SCOUTS,UNIFORMED GROUPS,
GAN ENG SENG SCHOOL,SECONDARY (S1-S5),ARCHERY,PHYSICAL SPORTS,
GAN ENG SENG SCHOOL,SECONDARY (S1-S5),BASKETBALL,PHYSICAL SPORTS,
GAN ENG SENG SCHOOL,SECONDARY (S1-S5),BOYS' BRIGADE,UNIFORMED GROUPS,
GAN ENG SENG SCHOOL,SECONDARY (S1-S5),CANOEING,PHYSICAL SPORTS,
GAN ENG SENG SCHOOL,SECONDARY (S1-S5),CHOIR,VISUAL AND PERFORMING ARTS,
GAN ENG SENG SCHOOL,SECONDARY (S1-S5),CROSS COUNTRY,PHYSICAL SPORTS,
GAN ENG SENG SCHOOL,SECONDARY (S1-S5),ENGLISH DRAMA,VISUAL AND PERFORMING ARTS,
GAN ENG SENG SCHOOL,SECONDARY (S1-S5),ENTREPRENEURSHIP,CLUBS AND SOCIETIES,
GAN ENG SENG SCHOOL,SECONDARY (S1-S5),FENCING,PHYSICAL SPORTS,
GAN ENG SENG SCHOOL,SECONDARY (S1-S5),FOOTBALL,PHYSICAL SPORTS,
GAN ENG SENG SCHOOL,SECONDARY (S1-S5),GIRLS' BRIGADE,UNIFORMED GROUPS,
GAN ENG SENG SCHOOL,SECONDARY (S1-S5),INFOCOMM TECHNOLOGY (MEDIA PRODUCTION),CLUBS AND SOCIETIES,
GAN ENG SENG SCHOOL,SECONDARY (S1-S5),MARCHING BAND,VISUAL AND PERFORMING ARTS,
GAN ENG SENG SCHOOL,SECONDARY (S1-S5),MODERN DANCE,VISUAL AND PERFORMING ARTS,
GAN ENG SENG SCHOOL,SECONDARY (S1-S5),MODULAR CCA (SPORTS),PHYSICAL SPORTS,
GAN ENG SENG SCHOOL,SECONDARY (S1-S5),NATIONAL CADET CORPS (LAND),UNIFORMED GROUPS,
GAN ENG SENG SCHOOL,SECONDARY (S1-S5),NATIONAL POLICE CADET CORPS,UNIFORMED GROUPS,
GAN ENG SENG SCHOOL,SECONDARY (S1-S5),ROCKWALL CLIMBING,PHYSICAL SPORTS,
GAN ENG SENG SCHOOL,SECONDARY (S1-S5),SCOUTS,UNIFORMED GROUPS,
GAN ENG SENG SCHOOL,SECONDARY (S1-S5),SINGAPORE NATIONAL YOUTH ORCHESTRA,VISUAL AND PERFORMING ARTS,
GAN ENG SENG SCHOOL,SECONDARY (S1-S5),SP-CCA (ATHLETICS),PHYSICAL SPORTS,
GAN ENG SENG SCHOOL,SECONDARY (S1-S5),SP-CCA (WATER POLO),PHYSICAL SPORTS,
GAN ENG SENG SCHOOL,SECONDARY (S1-S5),ST JOHN BRIGADE,UNIFORMED GROUPS,
GAN ENG SENG SCHOOL,SECONDARY (S1-S5),STUDENT LEADERSHIP (COUNCIL),OTHERS,
GAN ENG SENG SCHOOL,SECONDARY (S1-S5),SWIMMING,PHYSICAL SPORTS,
GAN ENG SENG SCHOOL,SECONDARY (S1-S5),TABLE TENNIS,PHYSICAL SPORTS,
GAN ENG SENG SCHOOL,SECONDARY (S1-S5),TAEKWONDO,PHYSICAL SPORTS,
GEYLANG METHODIST SCHOOL (PRIMARY),PRIMARY,ANGKLUNG/KULINTANG ENSEMBLE,VISUAL AND PERFORMING ARTS,
GEYLANG METHODIST SCHOOL (PRIMARY),PRIMARY,ART AND CRAFTS,CLUBS AND SOCIETIES,
GEYLANG METHODIST SCHOOL (PRIMARY),PRIMARY,BADMINTON,PHYSICAL SPORTS,
GEYLANG METHODIST SCHOOL (PRIMARY),PRIMARY,BASKETBALL,PHYSICAL SPORTS,
GEYLANG METHODIST SCHOOL (PRIMARY),PRIMARY,BOYS' BRIGADE,UNIFORMED GROUPS,
GEYLANG METHODIST SCHOOL (PRIMARY),PRIMARY,CHOIR,VISUAL AND PERFORMING ARTS,
GEYLANG METHODIST SCHOOL (PRIMARY),PRIMARY,ENGLISH CULTURE AND LANGUAGE,CLUBS AND SOCIETIES,
GEYLANG METHODIST SCHOOL (PRIMARY),PRIMARY,ENVIRONMENTAL SCIENCE,CLUBS AND SOCIETIES,
GEYLANG METHODIST SCHOOL (PRIMARY),PRIMARY,FOOTBALL,PHYSICAL SPORTS,
GEYLANG METHODIST SCHOOL (PRIMARY),PRIMARY,GIRLS' BRIGADE,UNIFORMED GROUPS,
GEYLANG METHODIST SCHOOL (PRIMARY),PRIMARY,GUZHENG ENSEMBLE,VISUAL AND PERFORMING ARTS,
GEYLANG METHODIST SCHOOL (PRIMARY),PRIMARY,HANDBELL ENSEMBLE,VISUAL AND PERFORMING ARTS,
GEYLANG METHODIST SCHOOL (PRIMARY),PRIMARY,INFOCOMM TECHNOLOGY (MEDIA PRODUCTION),CLUBS AND SOCIETIES,
GEYLANG METHODIST SCHOOL (PRIMARY),PRIMARY,INTERNATIONAL CHESS,CLUBS AND SOCIETIES,
GEYLANG METHODIST SCHOOL (PRIMARY),PRIMARY,MODERN DANCE,VISUAL AND PERFORMING ARTS,
GEYLANG METHODIST SCHOOL (PRIMARY),PRIMARY,NETBALL,PHYSICAL SPORTS,
GEYLANG METHODIST SCHOOL (PRIMARY),PRIMARY,ROPE SKIPPING,PHYSICAL SPORTS,
GEYLANG METHODIST SCHOOL (PRIMARY),PRIMARY,TRACK AND FIELD,PHYSICAL SPORTS,
GEYLANG METHODIST SCHOOL (SECONDARY),SECONDARY (S1-S5),BADMINTON,PHYSICAL SPORTS,
GEYLANG METHODIST SCHOOL (SECONDARY),SECONDARY (S1-S5),BASKETBALL,PHYSICAL SPORTS,
GEYLANG METHODIST SCHOOL (SECONDARY),SECONDARY (S1-S5),BOWLING,PHYSICAL SPORTS,
GEYLANG METHODIST SCHOOL (SECONDARY),SECONDARY (S1-S5),BOYS' BRIGADE,UNIFORMED GROUPS,
GEYLANG METHODIST SCHOOL (SECONDARY),SECONDARY (S1-S5),CHINESE DANCE,VISUAL AND PERFORMING ARTS,
GEYLANG METHODIST SCHOOL (SECONDARY),SECONDARY (S1-S5),CHOIR,VISUAL AND PERFORMING ARTS,
GEYLANG METHODIST SCHOOL (SECONDARY),SECONDARY (S1-S5),CONCERT BAND,VISUAL AND PERFORMING ARTS,
GEYLANG METHODIST SCHOOL (SECONDARY),SECONDARY (S1-S5),ENGLISH DRAMA,VISUAL AND PERFORMING ARTS,
GEYLANG METHODIST SCHOOL (SECONDARY),SECONDARY (S1-S5),FOOTBALL,PHYSICAL SPORTS,
GEYLANG METHODIST SCHOOL (SECONDARY),SECONDARY (S1-S5),GIRL GUIDES,UNIFORMED GROUPS,
GEYLANG METHODIST SCHOOL (SECONDARY),SECONDARY (S1-S5),GIRLS' BRIGADE,UNIFORMED GROUPS,
GEYLANG METHODIST SCHOOL (SECONDARY),SECONDARY (S1-S5),INFOCOMM TECHNOLOGY (COMPUTING),CLUBS AND SOCIETIES,
GEYLANG METHODIST SCHOOL (SECONDARY),SECONDARY (S1-S5),INFOCOMM TECHNOLOGY (MEDIA PRODUCTION),CLUBS AND SOCIETIES,MEDIA RESOURCE
GEYLANG METHODIST SCHOOL (SECONDARY),SECONDARY (S1-S5),MODULAR CCA (SPORTS),PHYSICAL SPORTS,
GEYLANG METHODIST SCHOOL (SECONDARY),SECONDARY (S1-S5),NATIONAL POLICE CADET CORPS,UNIFORMED GROUPS,
GEYLANG METHODIST SCHOOL (SECONDARY),SECONDARY (S1-S5),NETBALL,PHYSICAL SPORTS,
GEYLANG METHODIST SCHOOL (SECONDARY),SECONDARY (S1-S5),PHOTOGRAPHY,CLUBS AND SOCIETIES,MEDIA@GM
GEYLANG METHODIST SCHOOL (SECONDARY),SECONDARY (S1-S5),SINGAPORE YOUTH FLYING CLUB,CLUBS AND SOCIETIES,
GEYLANG METHODIST SCHOOL (SECONDARY),SECONDARY (S1-S5),SOFTBALL,PHYSICAL SPORTS,
GEYLANG METHODIST SCHOOL (SECONDARY),SECONDARY (S1-S5),STRATEGY GAMES,CLUBS AND SOCIETIES,BOARD GAMES
GEYLANG METHODIST SCHOOL (SECONDARY),SECONDARY (S1-S5),STUDENT INITIATED ACTIVITIES (CLUBS & SOCIETIES),OTHERS,
GEYLANG METHODIST SCHOOL (SECONDARY),SECONDARY (S1-S5),STUDENT LEADERSHIP (COUNCIL),OTHERS,
GEYLANG METHODIST SCHOOL (SECONDARY),SECONDARY (S1-S5),STUDENT LEADERSHIP (HOUSE),OTHERS,
GEYLANG METHODIST SCHOOL (SECONDARY),SECONDARY (S1-S5),STUDENT LEADERSHIP (PEER SUPPORT),OTHERS,
GEYLANG METHODIST SCHOOL (SECONDARY),SECONDARY (S1-S5),TABLE TENNIS,PHYSICAL SPORTS,
GEYLANG METHODIST SCHOOL (SECONDARY),SECONDARY (S1-S5),TRACK AND FIELD,PHYSICAL SPORTS,ATHLETICS
GEYLANG METHODIST SCHOOL (SECONDARY),SECONDARY (S1-S5),VOLLEYBALL,PHYSICAL SPORTS,
GONGSHANG PRIMARY SCHOOL,PRIMARY,ART AND CRAFTS,CLUBS AND SOCIETIES,
GONGSHANG PRIMARY SCHOOL,PRIMARY,BADMINTON,PHYSICAL SPORTS,
GONGSHANG PRIMARY SCHOOL,PRIMARY,BASKETBALL,PHYSICAL SPORTS,Basketball
GONGSHANG PRIMARY SCHOOL,PRIMARY,ENVIRONMENTAL SCIENCE,CLUBS AND SOCIETIES,
GONGSHANG PRIMARY SCHOOL,PRIMARY,FLOORBALL,PHYSICAL SPORTS,
GONGSHANG PRIMARY SCHOOL,PRIMARY,INFOCOMM TECHNOLOGY (COMPUTING),CLUBS AND SOCIETIES,
GONGSHANG PRIMARY SCHOOL,PRIMARY,INTERNATIONAL CHESS,CLUBS AND SOCIETIES,
GONGSHANG PRIMARY SCHOOL,PRIMARY,MODERN DANCE,VISUAL AND PERFORMING ARTS,
GONGSHANG PRIMARY SCHOOL,PRIMARY,SCOUTS,UNIFORMED GROUPS,
GONGSHANG PRIMARY SCHOOL,PRIMARY,SPEECH AND DRAMA,CLUBS AND SOCIETIES,
GONGSHANG PRIMARY SCHOOL,PRIMARY,STRING ENSEMBLE,VISUAL AND PERFORMING ARTS,
GONGSHANG PRIMARY SCHOOL,PRIMARY,TRACK AND FIELD,PHYSICAL SPORTS,
GONGSHANG PRIMARY SCHOOL,PRIMARY,WUSHU,PHYSICAL SPORTS,
GREENDALE PRIMARY SCHOOL,PRIMARY,ART AND CRAFTS,CLUBS AND SOCIETIES,
GREENDALE PRIMARY SCHOOL,PRIMARY,BADMINTON,PHYSICAL SPORTS,
GREENDALE PRIMARY SCHOOL,PRIMARY,BOYS' BRIGADE,UNIFORMED GROUPS,
GREENDALE PRIMARY SCHOOL,PRIMARY,CHOIR,VISUAL AND PERFORMING ARTS,
GREENDALE PRIMARY SCHOOL,PRIMARY,ENVIRONMENTAL SCIENCE,CLUBS AND SOCIETIES,
GREENDALE PRIMARY SCHOOL,PRIMARY,GIRLS' BRIGADE,UNIFORMED GROUPS,
GREENDALE PRIMARY SCHOOL,PRIMARY,GUITAR ENSEMBLE,VISUAL AND PERFORMING ARTS,
GREENDALE PRIMARY SCHOOL,PRIMARY,INFOCOMM TECHNOLOGY (COMPUTING),CLUBS AND SOCIETIES,
GREENDALE PRIMARY SCHOOL,PRIMARY,INTERNATIONAL CHESS,CLUBS AND SOCIETIES,
GREENDALE PRIMARY SCHOOL,PRIMARY,MODERN DANCE,VISUAL AND PERFORMING ARTS,
GREENDALE PRIMARY SCHOOL,PRIMARY,NETBALL,PHYSICAL SPORTS,
GREENDALE PRIMARY SCHOOL,PRIMARY,RED CROSS YOUTH,UNIFORMED GROUPS,
GREENDALE PRIMARY SCHOOL,PRIMARY,SOFTBALL,PHYSICAL SPORTS,
GREENDALE PRIMARY SCHOOL,PRIMARY,STUDENT LEADERSHIP (PREFECT),OTHERS,
GREENDALE PRIMARY SCHOOL,PRIMARY,TABLE TENNIS,PHYSICAL SPORTS,
GREENDALE PRIMARY SCHOOL,PRIMARY,VOLLEYBALL,PHYSICAL SPORTS,
GREENDALE PRIMARY SCHOOL,PRIMARY,WUSHU,PHYSICAL SPORTS,
GREENDALE SECONDARY SCHOOL,SECONDARY (S1-S5),ANGKLUNG/KULINTANG ENSEMBLE,VISUAL AND PERFORMING ARTS,ANGKLUNG ENSEMBLE
GREENDALE SECONDARY SCHOOL,SECONDARY (S1-S5),ART AND CRAFTS,CLUBS AND SOCIETIES,ART & CULTURE CLUB
GREENDALE SECONDARY SCHOOL,SECONDARY (S1-S5),CANOEING,PHYSICAL SPORTS,
GREENDALE SECONDARY SCHOOL,SECONDARY (S1-S5),CHINESE ORCHESTRA,VISUAL AND PERFORMING ARTS,GREENDALE ORCHESTRA
GREENDALE SECONDARY SCHOOL,SECONDARY (S1-S5),CHOIR,VISUAL AND PERFORMING ARTS,CHORALE
GREENDALE SECONDARY SCHOOL,SECONDARY (S1-S5),DIGITAL MEDIA,CLUBS AND SOCIETIES,GREENDALE BROGADCASTING CLUB
GREENDALE SECONDARY SCHOOL,SECONDARY (S1-S5),ENGLISH DRAMA,VISUAL AND PERFORMING ARTS,THEATRICKS!
GREENDALE SECONDARY SCHOOL,SECONDARY (S1-S5),ENVIRONMENTAL SCIENCE,CLUBS AND SOCIETIES,GREENDALE GREEN CLUB
GREENDALE SECONDARY SCHOOL,SECONDARY (S1-S5),FENCING,PHYSICAL SPORTS,
GREENDALE SECONDARY SCHOOL,SECONDARY (S1-S5),FLOORBALL,PHYSICAL SPORTS,
GREENDALE SECONDARY SCHOOL,SECONDARY (S1-S5),FOOTBALL,PHYSICAL SPORTS,
GREENDALE SECONDARY SCHOOL,SECONDARY (S1-S5),MEDIA RESOURCE LIBRARY,CLUBS AND SOCIETIES,LIBRARY
GREENDALE SECONDARY SCHOOL,SECONDARY (S1-S5),MODERN DANCE,VISUAL AND PERFORMING ARTS,DANCE ENSEMBLE
GREENDALE SECONDARY SCHOOL,SECONDARY (S1-S5),NATIONAL CADET CORPS (LAND),UNIFORMED GROUPS,NATIONAL CADET CORPS (AIR)
GREENDALE SECONDARY SCHOOL,SECONDARY (S1-S5),NATIONAL POLICE CADET CORPS,UNIFORMED GROUPS,
GREENDALE SECONDARY SCHOOL,SECONDARY (S1-S5),OUTDOOR ADVENTURE,PHYSICAL SPORTS,ODAC
GREENDALE SECONDARY SCHOOL,SECONDARY (S1-S5),RED CROSS YOUTH,UNIFORMED GROUPS,
GREENDALE SECONDARY SCHOOL,SECONDARY (S1-S5),ROBOTICS,CLUBS AND SOCIETIES,
GREENDALE SECONDARY SCHOOL,SECONDARY (S1-S5),SINGAPORE YOUTH FLYING CLUB,CLUBS AND SOCIETIES,
GREENDALE SECONDARY SCHOOL,SECONDARY (S1-S5),SOFTBALL,PHYSICAL SPORTS,
GREENDALE SECONDARY SCHOOL,SECONDARY (S1-S5),SP-CCA (ATHLETICS),PHYSICAL SPORTS,
GREENRIDGE PRIMARY SCHOOL,PRIMARY,ART AND CRAFTS,CLUBS AND SOCIETIES,ART EXPRESSION
GREENRIDGE PRIMARY SCHOOL,PRIMARY,BADMINTON,PHYSICAL SPORTS,
GREENRIDGE PRIMARY SCHOOL,PRIMARY,BASKETBALL,PHYSICAL SPORTS,
GREENRIDGE PRIMARY SCHOOL,PRIMARY,BOYS' BRIGADE,UNIFORMED GROUPS,
GREENRIDGE PRIMARY SCHOOL,PRIMARY,BRASS BAND,VISUAL AND PERFORMING ARTS,
GREENRIDGE PRIMARY SCHOOL,PRIMARY,CULTURAL DANCE,VISUAL AND PERFORMING ARTS,INTERNATIONAL DANCE
GREENRIDGE PRIMARY SCHOOL,PRIMARY,ENGLISH DRAMA,VISUAL AND PERFORMING ARTS,DRAMA CLUB
GREENRIDGE PRIMARY SCHOOL,PRIMARY,ENVIRONMENTAL SCIENCE,CLUBS AND SOCIETIES,GREEN & INNOVATION CLUB
GREENRIDGE PRIMARY SCHOOL,PRIMARY,FOOTBALL,PHYSICAL SPORTS,
GREENRIDGE PRIMARY SCHOOL,PRIMARY,GIRLS' BRIGADE,UNIFORMED GROUPS,
GREENRIDGE PRIMARY SCHOOL,PRIMARY,GUZHENG ENSEMBLE,VISUAL AND PERFORMING ARTS,
GREENRIDGE PRIMARY SCHOOL,PRIMARY,HOCKEY,PHYSICAL SPORTS,
GREENRIDGE PRIMARY SCHOOL,PRIMARY,INFOCOMM TECHNOLOGY (MEDIA PRODUCTION),CLUBS AND SOCIETIES,
GREENRIDGE PRIMARY SCHOOL,PRIMARY,MEDIA RESOURCE LIBRARY,CLUBS AND SOCIETIES,LIBRARY
GREENRIDGE PRIMARY SCHOOL,PRIMARY,NETBALL,PHYSICAL SPORTS,
GREENRIDGE PRIMARY SCHOOL,PRIMARY,ROBOTICS,CLUBS AND SOCIETIES,
GREENRIDGE PRIMARY SCHOOL,PRIMARY,ROCKWALL CLIMBING,PHYSICAL SPORTS,SPORT CLIMBING
GREENRIDGE PRIMARY SCHOOL,PRIMARY,SCOUTS,UNIFORMED GROUPS,
GREENRIDGE PRIMARY SCHOOL,PRIMARY,STUDENT LEADERSHIP (PREFECT),OTHERS,
GREENRIDGE PRIMARY SCHOOL,PRIMARY,WUSHU,PHYSICAL SPORTS,
GREENRIDGE SECONDARY SCHOOL,SECONDARY (S1-S5),BADMINTON,PHYSICAL SPORTS,
GREENRIDGE SECONDARY SCHOOL,SECONDARY (S1-S5),CONCERT BAND,VISUAL AND PERFORMING ARTS,
GREENRIDGE SECONDARY SCHOOL,SECONDARY (S1-S5),ENGLISH DRAMA,VISUAL AND PERFORMING ARTS,
GREENRIDGE SECONDARY SCHOOL,SECONDARY (S1-S5),FOOTBALL,PHYSICAL SPORTS,
GREENRIDGE SECONDARY SCHOOL,SECONDARY (S1-S5),GIRLS' BRIGADE,UNIFORMED GROUPS,
GREENRIDGE SECONDARY SCHOOL,SECONDARY (S1-S5),INFOCOMM TECHNOLOGY (MEDIA PRODUCTION),CLUBS AND SOCIETIES,
GREENRIDGE SECONDARY SCHOOL,SECONDARY (S1-S5),MODERN DANCE,VISUAL AND PERFORMING ARTS,
GREENRIDGE SECONDARY SCHOOL,SECONDARY (S1-S5),NATIONAL CADET CORPS (LAND),UNIFORMED GROUPS,
GREENRIDGE SECONDARY SCHOOL,SECONDARY (S1-S5),NATIONAL CIVIL DEFENCE CADET CORPS,UNIFORMED GROUPS,
GREENRIDGE SECONDARY SCHOOL,SECONDARY (S1-S5),NATIONAL POLICE CADET CORPS,UNIFORMED GROUPS,
GREENRIDGE SECONDARY SCHOOL,SECONDARY (S1-S5),NETBALL,PHYSICAL SPORTS,
GREENRIDGE SECONDARY SCHOOL,SECONDARY (S1-S5),ROBOTICS,CLUBS AND SOCIETIES,
GREENRIDGE SECONDARY SCHOOL,SECONDARY (S1-S5),RUGBY,PHYSICAL SPORTS,
GREENRIDGE SECONDARY SCHOOL,SECONDARY (S1-S5),SCOUTS,UNIFORMED GROUPS,
GREENRIDGE SECONDARY SCHOOL,SECONDARY (S1-S5),SINGAPORE YOUTH FLYING CLUB,CLUBS AND SOCIETIES,
GREENRIDGE SECONDARY SCHOOL,SECONDARY (S1-S5),STUDENT LEADERSHIP (COUNCIL),OTHERS,
GREENRIDGE SECONDARY SCHOOL,SECONDARY (S1-S5),STUDENT LEADERSHIP (PEER SUPPORT),OTHERS,
GREENRIDGE SECONDARY SCHOOL,SECONDARY (S1-S5),TCHOUKBALL,PHYSICAL SPORTS,
GREENRIDGE SECONDARY SCHOOL,SECONDARY (S1-S5),VOLLEYBALL,PHYSICAL SPORTS,
GREENWOOD PRIMARY SCHOOL,PRIMARY,ANGKLUNG/KULINTANG ENSEMBLE,VISUAL AND PERFORMING ARTS,
GREENWOOD PRIMARY SCHOOL,PRIMARY,ART AND CRAFTS,CLUBS AND SOCIETIES,
GREENWOOD PRIMARY SCHOOL,PRIMARY,BADMINTON,PHYSICAL SPORTS,
GREENWOOD PRIMARY SCHOOL,PRIMARY,BASKETBALL,PHYSICAL SPORTS,
GREENWOOD PRIMARY SCHOOL,PRIMARY,CHINESE DANCE,VISUAL AND PERFORMING ARTS,
GREENWOOD PRIMARY SCHOOL,PRIMARY,CHOIR,VISUAL AND PERFORMING ARTS,
GREENWOOD PRIMARY SCHOOL,PRIMARY,"ENGLISH LANGUAGE, DRAMA AND DEBATING",CLUBS AND SOCIETIES,
GREENWOOD PRIMARY SCHOOL,PRIMARY,ENVIRONMENTAL SCIENCE,CLUBS AND SOCIETIES,
GREENWOOD PRIMARY SCHOOL,PRIMARY,FLOORBALL,PHYSICAL SPORTS,
GREENWOOD PRIMARY SCHOOL,PRIMARY,INDIAN DANCE,VISUAL AND PERFORMING ARTS,
GREENWOOD PRIMARY SCHOOL,PRIMARY,INFOCOMM TECHNOLOGY (MEDIA PRODUCTION),CLUBS AND SOCIETIES,
GREENWOOD PRIMARY SCHOOL,PRIMARY,MALAY DANCE,VISUAL AND PERFORMING ARTS,
GREENWOOD PRIMARY SCHOOL,PRIMARY,RUGBY,PHYSICAL SPORTS,
GREENWOOD PRIMARY SCHOOL,PRIMARY,SCOUTS,UNIFORMED GROUPS,
GREENWOOD PRIMARY SCHOOL,PRIMARY,STRING ENSEMBLE,VISUAL AND PERFORMING ARTS,
GUANGYANG SECONDARY SCHOOL,SECONDARY (S1-S5),BADMINTON,PHYSICAL SPORTS,
GUANGYANG SECONDARY SCHOOL,SECONDARY (S1-S5),BASKETBALL,PHYSICAL SPORTS,
GUANGYANG SECONDARY SCHOOL,SECONDARY (S1-S5),CHOIR,VISUAL AND PERFORMING ARTS,
GUANGYANG SECONDARY SCHOOL,SECONDARY (S1-S5),CONCERT BAND,VISUAL AND PERFORMING ARTS,
GUANGYANG SECONDARY SCHOOL,SECONDARY (S1-S5),CROSS COUNTRY,PHYSICAL SPORTS,
GUANGYANG SECONDARY SCHOOL,SECONDARY (S1-S5),ENGLISH DRAMA,VISUAL AND PERFORMING ARTS,
GUANGYANG SECONDARY SCHOOL,SECONDARY (S1-S5),ENVIRONMENTAL SCIENCE,CLUBS AND SOCIETIES,
GUANGYANG SECONDARY SCHOOL,SECONDARY (S1-S5),FOOTBALL,PHYSICAL SPORTS,
GUANGYANG SECONDARY SCHOOL,SECONDARY (S1-S5),GIRLS' BRIGADE,UNIFORMED GROUPS,
GUANGYANG SECONDARY SCHOOL,SECONDARY (S1-S5),INFOCOMM TECHNOLOGY (MEDIA PRODUCTION),CLUBS AND SOCIETIES,
GUANGYANG SECONDARY SCHOOL,SECONDARY (S1-S5),MODULAR CCA (VPA),VISUAL AND PERFORMING ARTS,INTERNATIONAL DANCE
GUANGYANG SECONDARY SCHOOL,SECONDARY (S1-S5),NATIONAL CADET CORPS (LAND),UNIFORMED GROUPS,
GUANGYANG SECONDARY SCHOOL,SECONDARY (S1-S5),NATIONAL POLICE CADET CORPS,UNIFORMED GROUPS,
GUANGYANG SECONDARY SCHOOL,SECONDARY (S1-S5),RED CROSS YOUTH,UNIFORMED GROUPS,
GUANGYANG SECONDARY SCHOOL,SECONDARY (S1-S5),RHYTHMIC GYMNASTICS,PHYSICAL SPORTS,
GUANGYANG SECONDARY SCHOOL,SECONDARY (S1-S5),ROCKWALL CLIMBING,PHYSICAL SPORTS,
GUANGYANG SECONDARY SCHOOL,SECONDARY (S1-S5),SINGAPORE NATIONAL YOUTH CHINESE ORCHESTRA,VISUAL AND PERFORMING ARTS,
GUANGYANG SECONDARY SCHOOL,SECONDARY (S1-S5),SINGAPORE YOUTH FLYING CLUB,CLUBS AND SOCIETIES,
GUANGYANG SECONDARY SCHOOL,SECONDARY (S1-S5),SP-CCA (ATHLETICS),PHYSICAL SPORTS,
GUANGYANG SECONDARY SCHOOL,SECONDARY (S1-S5),SP-CCA (ETHNIC DANCE),VISUAL AND PERFORMING ARTS,
GUANGYANG SECONDARY SCHOOL,SECONDARY (S1-S5),SP-CCA (WATER POLO),PHYSICAL SPORTS,
HAI SING CATHOLIC SCHOOL,SECONDARY (S1-S5),BADMINTON,PHYSICAL SPORTS,
HAI SING CATHOLIC SCHOOL,SECONDARY (S1-S5),BOWLING,PHYSICAL SPORTS,
HAI SING CATHOLIC SCHOOL,SECONDARY (S1-S5),CHOIR,VISUAL AND PERFORMING ARTS,
HAI SING CATHOLIC SCHOOL,SECONDARY (S1-S5),CONCERT BAND,VISUAL AND PERFORMING ARTS,
HAI SING CATHOLIC SCHOOL,SECONDARY (S1-S5),CROSS COUNTRY,PHYSICAL SPORTS,ATHLETICS
HAI SING CATHOLIC SCHOOL,SECONDARY (S1-S5),ENGLISH DRAMA,VISUAL AND PERFORMING ARTS,
HAI SING CATHOLIC SCHOOL,SECONDARY (S1-S5),FENCING,PHYSICAL SPORTS,
HAI SING CATHOLIC SCHOOL,SECONDARY (S1-S5),FLOORBALL,PHYSICAL SPORTS,
HAI SING CATHOLIC SCHOOL,SECONDARY (S1-S5),FOOTBALL,PHYSICAL SPORTS,
HAI SING CATHOLIC SCHOOL,SECONDARY (S1-S5),INFOCOMM TECHNOLOGY (MEDIA PRODUCTION),CLUBS AND SOCIETIES,
HAI SING CATHOLIC SCHOOL,SECONDARY (S1-S5),MODERN DANCE,VISUAL AND PERFORMING ARTS,
HAI SING CATHOLIC SCHOOL,SECONDARY (S1-S5),NATIONAL CADET CORPS (LAND),UNIFORMED GROUPS,
HAI SING CATHOLIC SCHOOL,SECONDARY (S1-S5),NATIONAL POLICE CADET CORPS,UNIFORMED GROUPS,
HAI SING CATHOLIC SCHOOL,SECONDARY (S1-S5),ROBOTICS,CLUBS AND SOCIETIES,
HAI SING CATHOLIC SCHOOL,SECONDARY (S1-S5),SINGAPORE NATIONAL YOUTH ORCHESTRA,VISUAL AND PERFORMING ARTS,
HAI SING CATHOLIC SCHOOL,SECONDARY (S1-S5),SINGAPORE YOUTH FLYING CLUB,CLUBS AND SOCIETIES,
HAI SING CATHOLIC SCHOOL,SECONDARY (S1-S5),SP-CCA (ETHNIC DANCE),VISUAL AND PERFORMING ARTS,
HAI SING CATHOLIC SCHOOL,SECONDARY (S1-S5),ST JOHN BRIGADE,UNIFORMED GROUPS,
HAI SING CATHOLIC SCHOOL,SECONDARY (S1-S5),STUDENT LEADERSHIP (COUNCIL),OTHERS,
HAI SING CATHOLIC SCHOOL,SECONDARY (S1-S5),VOLLEYBALL,PHYSICAL SPORTS,
HAIG GIRLS' SCHOOL,PRIMARY,ART AND CRAFTS,CLUBS AND SOCIETIES,
HAIG GIRLS' SCHOOL,PRIMARY,BADMINTON,PHYSICAL SPORTS,
HAIG GIRLS' SCHOOL,PRIMARY,BOWLING,PHYSICAL SPORTS,
HAIG GIRLS' SCHOOL,PRIMARY,CHINESE DANCE,VISUAL AND PERFORMING ARTS,
HAIG GIRLS' SCHOOL,PRIMARY,CHOIR,VISUAL AND PERFORMING ARTS,
HAIG GIRLS' SCHOOL,PRIMARY,"ENGLISH LANGUAGE, DRAMA AND DEBATING",CLUBS AND SOCIETIES,
HAIG GIRLS' SCHOOL,PRIMARY,FOOTBALL,PHYSICAL SPORTS,
HAIG GIRLS' SCHOOL,PRIMARY,GAMELAN ENSEMBLE,VISUAL AND PERFORMING ARTS,
HAIG GIRLS' SCHOOL,PRIMARY,GIRL GUIDES (BROWNIES),UNIFORMED GROUPS,
HAIG GIRLS' SCHOOL,PRIMARY,HANDBELL ENSEMBLE,VISUAL AND PERFORMING ARTS,
HAIG GIRLS' SCHOOL,PRIMARY,MODERN DANCE,VISUAL AND PERFORMING ARTS,
HAIG GIRLS' SCHOOL,PRIMARY,NETBALL,PHYSICAL SPORTS,
HAIG GIRLS' SCHOOL,PRIMARY,PHYSICAL SCIENCE,CLUBS AND SOCIETIES,
HAIG GIRLS' SCHOOL,PRIMARY,RED CROSS YOUTH,UNIFORMED GROUPS,
HAIG GIRLS' SCHOOL,PRIMARY,WUSHU,PHYSICAL SPORTS,
HENRY PARK PRIMARY SCHOOL,PRIMARY,ART AND CRAFTS,CLUBS AND SOCIETIES,ART CLUB
HENRY PARK PRIMARY SCHOOL,PRIMARY,ARTISTIC GYMNASTICS,PHYSICAL SPORTS,
HENRY PARK PRIMARY SCHOOL,PRIMARY,BADMINTON,PHYSICAL SPORTS,
HENRY PARK PRIMARY SCHOOL,PRIMARY,BASKETBALL,PHYSICAL SPORTS,
HENRY PARK PRIMARY SCHOOL,PRIMARY,CHINESE DANCE,VISUAL AND PERFORMING ARTS,
HENRY PARK PRIMARY SCHOOL,PRIMARY,CHINESE ORCHESTRA,VISUAL AND PERFORMING ARTS,
HENRY PARK PRIMARY SCHOOL,PRIMARY,CHOIR,VISUAL AND PERFORMING ARTS,
HENRY PARK PRIMARY SCHOOL,PRIMARY,ENGLISH CULTURE AND LANGUAGE,CLUBS AND SOCIETIES,ENGLISH ORATORICAL CLUB
HENRY PARK PRIMARY SCHOOL,PRIMARY,FLOORBALL,PHYSICAL SPORTS,
HENRY PARK PRIMARY SCHOOL,PRIMARY,FOOTBALL,PHYSICAL SPORTS,
HENRY PARK PRIMARY SCHOOL,PRIMARY,GIRL GUIDES (BROWNIES),UNIFORMED GROUPS,
HENRY PARK PRIMARY SCHOOL,PRIMARY,GIRLS' BRIGADE,UNIFORMED GROUPS,
HENRY PARK PRIMARY SCHOOL,PRIMARY,INTERNATIONAL CHESS,CLUBS AND SOCIETIES,
HENRY PARK PRIMARY SCHOOL,PRIMARY,MODERN DANCE,VISUAL AND PERFORMING ARTS,
HENRY PARK PRIMARY SCHOOL,PRIMARY,MODULAR CCA (SPORTS),PHYSICAL SPORTS,
HENRY PARK PRIMARY SCHOOL,PRIMARY,NETBALL,PHYSICAL SPORTS,
HENRY PARK PRIMARY SCHOOL,PRIMARY,PHYSICAL SCIENCE,CLUBS AND SOCIETIES,
HENRY PARK PRIMARY SCHOOL,PRIMARY,SCOUTS,UNIFORMED GROUPS,
HENRY PARK PRIMARY SCHOOL,PRIMARY,STRING ENSEMBLE,VISUAL AND PERFORMING ARTS,
HENRY PARK PRIMARY SCHOOL,PRIMARY,TABLE TENNIS,PHYSICAL SPORTS,
HENRY PARK PRIMARY SCHOOL,PRIMARY,TENNIS,PHYSICAL SPORTS,
HENRY PARK PRIMARY SCHOOL,PRIMARY,TRACK AND FIELD,PHYSICAL SPORTS,
HILLGROVE SECONDARY SCHOOL,SECONDARY (S1-S5),ART AND CRAFTS,CLUBS AND SOCIETIES,
HILLGROVE SECONDARY SCHOOL,SECONDARY (S1-S5),BADMINTON,PHYSICAL SPORTS,
HILLGROVE SECONDARY SCHOOL,SECONDARY (S1-S5),BOWLING,PHYSICAL SPORTS,
HILLGROVE SECONDARY SCHOOL,SECONDARY (S1-S5),BOYS' BRIGADE,UNIFORMED GROUPS,
HILLGROVE SECONDARY SCHOOL,SECONDARY (S1-S5),BROADCASTING,CLUBS AND SOCIETIES,
HILLGROVE SECONDARY SCHOOL,SECONDARY (S1-S5),CHOIR,VISUAL AND PERFORMING ARTS,
HILLGROVE SECONDARY SCHOOL,SECONDARY (S1-S5),CONCERT BAND,VISUAL AND PERFORMING ARTS,
HILLGROVE SECONDARY SCHOOL,SECONDARY (S1-S5),DIGITAL MEDIA,CLUBS AND SOCIETIES,
HILLGROVE SECONDARY SCHOOL,SECONDARY (S1-S5),ENGLISH DRAMA,VISUAL AND PERFORMING ARTS,
HILLGROVE SECONDARY SCHOOL,SECONDARY (S1-S5),FLOORBALL,PHYSICAL SPORTS,
HILLGROVE SECONDARY SCHOOL,SECONDARY (S1-S5),GIRLS' BRIGADE,UNIFORMED GROUPS,
HILLGROVE SECONDARY SCHOOL,SECONDARY (S1-S5),GOLF,PHYSICAL SPORTS,
HILLGROVE SECONDARY SCHOOL,SECONDARY (S1-S5),MALAY DANCE,VISUAL AND PERFORMING ARTS,
HILLGROVE SECONDARY SCHOOL,SECONDARY (S1-S5),MODERN DANCE,VISUAL AND PERFORMING ARTS,
HILLGROVE SECONDARY SCHOOL,SECONDARY (S1-S5),NATIONAL CADET CORPS (AIR),UNIFORMED GROUPS,
HILLGROVE SECONDARY SCHOOL,SECONDARY (S1-S5),NATIONAL POLICE CADET CORPS,UNIFORMED GROUPS,
HILLGROVE SECONDARY SCHOOL,SECONDARY (S1-S5),NETBALL,PHYSICAL SPORTS,
HILLGROVE SECONDARY SCHOOL,SECONDARY (S1-S5),ROBOTICS,CLUBS AND SOCIETIES,
HILLGROVE SECONDARY SCHOOL,SECONDARY (S1-S5),SCOUTS,UNIFORMED GROUPS,
HILLGROVE SECONDARY SCHOOL,SECONDARY (S1-S5),SINGAPORE YOUTH FLYING CLUB,CLUBS AND SOCIETIES,
HILLGROVE SECONDARY SCHOOL,SECONDARY (S1-S5),SP-CCA (ATHLETICS),PHYSICAL SPORTS,
HILLGROVE SECONDARY SCHOOL,SECONDARY (S1-S5),SP-CCA (WATER POLO),PHYSICAL SPORTS,
HILLGROVE SECONDARY SCHOOL,SECONDARY (S1-S5),VOLLEYBALL,PHYSICAL SPORTS,
HILLGROVE SECONDARY SCHOOL,SECONDARY (S1-S5),WUSHU,PHYSICAL SPORTS,
HOLY INNOCENTS' HIGH SCHOOL,SECONDARY (S1-S5),ARCHERY,PHYSICAL SPORTS,
HOLY INNOCENTS' HIGH SCHOOL,SECONDARY (S1-S5),ART AND CRAFTS,CLUBS AND SOCIETIES,
HOLY INNOCENTS' HIGH SCHOOL,SECONDARY (S1-S5),BADMINTON,PHYSICAL SPORTS,
HOLY INNOCENTS' HIGH SCHOOL,SECONDARY (S1-S5),BASKETBALL,PHYSICAL SPORTS,
HOLY INNOCENTS' HIGH SCHOOL,SECONDARY (S1-S5),BOWLING,PHYSICAL SPORTS,
HOLY INNOCENTS' HIGH SCHOOL,SECONDARY (S1-S5),CHINESE ORCHESTRA,VISUAL AND PERFORMING ARTS,
HOLY INNOCENTS' HIGH SCHOOL,SECONDARY (S1-S5),CHINESE WEIQI,CLUBS AND SOCIETIES,
HOLY INNOCENTS' HIGH SCHOOL,SECONDARY (S1-S5),CHOIR,VISUAL AND PERFORMING ARTS,
HOLY INNOCENTS' HIGH SCHOOL,SECONDARY (S1-S5),COMMUNITY SERVICE,CLUBS AND SOCIETIES,
HOLY INNOCENTS' HIGH SCHOOL,SECONDARY (S1-S5),CONCERT BAND,VISUAL AND PERFORMING ARTS,
HOLY INNOCENTS' HIGH SCHOOL,SECONDARY (S1-S5),DIGITAL MEDIA,CLUBS AND SOCIETIES,
HOLY INNOCENTS' HIGH SCHOOL,SECONDARY (S1-S5),ENGLISH DRAMA,VISUAL AND PERFORMING ARTS,
HOLY INNOCENTS' HIGH SCHOOL,SECONDARY (S1-S5),FAITH-BASED CCA,CLUBS AND SOCIETIES,
HOLY INNOCENTS' HIGH SCHOOL,SECONDARY (S1-S5),FLOORBALL,PHYSICAL SPORTS,
HOLY INNOCENTS' HIGH SCHOOL,SECONDARY (S1-S5),FOOTBALL,PHYSICAL SPORTS,
HOLY INNOCENTS' HIGH SCHOOL,SECONDARY (S1-S5),JOURNALISM,CLUBS AND SOCIETIES,
HOLY INNOCENTS' HIGH SCHOOL,SECONDARY (S1-S5),MEDIA RESOURCE LIBRARY,CLUBS AND SOCIETIES,
HOLY INNOCENTS' HIGH SCHOOL,SECONDARY (S1-S5),MODERN DANCE,VISUAL AND PERFORMING ARTS,
HOLY INNOCENTS' HIGH SCHOOL,SECONDARY (S1-S5),NATIONAL CADET CORPS (LAND),UNIFORMED GROUPS,
HOLY INNOCENTS' HIGH SCHOOL,SECONDARY (S1-S5),NATIONAL POLICE CADET CORPS,UNIFORMED GROUPS,
HOLY INNOCENTS' HIGH SCHOOL,SECONDARY (S1-S5),NETBALL,PHYSICAL SPORTS,
HOLY INNOCENTS' HIGH SCHOOL,SECONDARY (S1-S5),SCOUTS,UNIFORMED GROUPS,
HOLY INNOCENTS' HIGH SCHOOL,SECONDARY (S1-S5),SINGAPORE YOUTH FLYING CLUB,CLUBS AND SOCIETIES,
HOLY INNOCENTS' HIGH SCHOOL,SECONDARY (S1-S5),SP-CCA (ATHLETICS),PHYSICAL SPORTS,
HOLY INNOCENTS' HIGH SCHOOL,SECONDARY (S1-S5),SP-CCA (CANOEING),PHYSICAL SPORTS,
HOLY INNOCENTS' HIGH SCHOOL,SECONDARY (S1-S5),SP-CCA (WATER POLO),PHYSICAL SPORTS,
HOLY INNOCENTS' HIGH SCHOOL,SECONDARY (S1-S5),ST JOHN BRIGADE,UNIFORMED GROUPS,
HOLY INNOCENTS' HIGH SCHOOL,SECONDARY (S1-S5),WUSHU,PHYSICAL SPORTS,
HOLY INNOCENTS' PRIMARY SCHOOL,PRIMARY,ART AND CRAFTS,CLUBS AND SOCIETIES,
HOLY INNOCENTS' PRIMARY SCHOOL,PRIMARY,BADMINTON,PHYSICAL SPORTS,
HOLY INNOCENTS' PRIMARY SCHOOL,PRIMARY,BASKETBALL,PHYSICAL SPORTS,
HOLY INNOCENTS' PRIMARY SCHOOL,PRIMARY,CHINESE CULTURE AND LANGUAGE,CLUBS AND SOCIETIES,
HOLY INNOCENTS' PRIMARY SCHOOL,PRIMARY,CHINESE DANCE,VISUAL AND PERFORMING ARTS,
HOLY INNOCENTS' PRIMARY SCHOOL,PRIMARY,CHINESE ORCHESTRA,VISUAL AND PERFORMING ARTS,
HOLY INNOCENTS' PRIMARY SCHOOL,PRIMARY,CHINESE WEIQI,CLUBS AND SOCIETIES,
HOLY INNOCENTS' PRIMARY SCHOOL,PRIMARY,CHOIR,VISUAL AND PERFORMING ARTS,
HOLY INNOCENTS' PRIMARY SCHOOL,PRIMARY,FOOTBALL,PHYSICAL SPORTS,
HOLY INNOCENTS' PRIMARY SCHOOL,PRIMARY,GIRL GUIDES (BROWNIES),UNIFORMED GROUPS,
HOLY INNOCENTS' PRIMARY SCHOOL,PRIMARY,GUZHENG ENSEMBLE,VISUAL AND PERFORMING ARTS,
HOLY INNOCENTS' PRIMARY SCHOOL,PRIMARY,INFOCOMM TECHNOLOGY (MEDIA PRODUCTION),CLUBS AND SOCIETIES,
HOLY INNOCENTS' PRIMARY SCHOOL,PRIMARY,OUTDOOR ADVENTURE,PHYSICAL SPORTS,
HOLY INNOCENTS' PRIMARY SCHOOL,PRIMARY,PHYSICAL SCIENCE,CLUBS AND SOCIETIES,
HOLY INNOCENTS' PRIMARY SCHOOL,PRIMARY,RED CROSS YOUTH,UNIFORMED GROUPS,
HOLY INNOCENTS' PRIMARY SCHOOL,PRIMARY,ROBOTICS,CLUBS AND SOCIETIES,
HOLY INNOCENTS' PRIMARY SCHOOL,PRIMARY,ROPE SKIPPING,PHYSICAL SPORTS,
HOLY INNOCENTS' PRIMARY SCHOOL,PRIMARY,WUSHU,PHYSICAL SPORTS,
HONG WEN SCHOOL,PRIMARY,ART AND CRAFTS,CLUBS AND SOCIETIES,
HONG WEN SCHOOL,PRIMARY,BADMINTON,PHYSICAL SPORTS,
HONG WEN SCHOOL,PRIMARY,BASKETBALL,PHYSICAL SPORTS,
HONG WEN SCHOOL,PRIMARY,CHINESE CALLIGRAPHY AND BRUSH PAINTING,CLUBS AND SOCIETIES,
HONG WEN SCHOOL,PRIMARY,CHINESE CHESS,CLUBS AND SOCIETIES,
HONG WEN SCHOOL,PRIMARY,CHINESE DANCE,VISUAL AND PERFORMING ARTS,
HONG WEN SCHOOL,PRIMARY,CHINESE DRUMS,VISUAL AND PERFORMING ARTS,
HONG WEN SCHOOL,PRIMARY,CHINESE ORCHESTRA,VISUAL AND PERFORMING ARTS,
HONG WEN SCHOOL,PRIMARY,CHINESE WEIQI,CLUBS AND SOCIETIES,
HONG WEN SCHOOL,PRIMARY,CHOIR,VISUAL AND PERFORMING ARTS,
HONG WEN SCHOOL,PRIMARY,FOOTBALL,PHYSICAL SPORTS,
HONG WEN SCHOOL,PRIMARY,GUZHENG ENSEMBLE,VISUAL AND PERFORMING ARTS,
HONG WEN SCHOOL,PRIMARY,INFOCOMM TECHNOLOGY (COMPUTING),CLUBS AND SOCIETIES,
HONG WEN SCHOOL,PRIMARY,INFOCOMM TECHNOLOGY (MEDIA PRODUCTION),CLUBS AND SOCIETIES,
HONG WEN SCHOOL,PRIMARY,ROPE SKIPPING,PHYSICAL SPORTS,
HONG WEN SCHOOL,PRIMARY,TABLE TENNIS,PHYSICAL SPORTS,
HONG WEN SCHOOL,PRIMARY,WUSHU,PHYSICAL SPORTS,
HORIZON PRIMARY SCHOOL,PRIMARY,ART AND CRAFTS,CLUBS AND SOCIETIES,ART CLUB
HORIZON PRIMARY SCHOOL,PRIMARY,BADMINTON,PHYSICAL SPORTS,BADMINTON
HORIZON PRIMARY SCHOOL,PRIMARY,BASKETBALL,PHYSICAL SPORTS,BASKETBALL
HORIZON PRIMARY SCHOOL,PRIMARY,BOWLING,PHYSICAL SPORTS,TENPIN BOWLING
HORIZON PRIMARY SCHOOL,PRIMARY,DESIGN AND INNOVATION,CLUBS AND SOCIETIES,INNOVATIONS CLUB
HORIZON PRIMARY SCHOOL,PRIMARY,FOOTBALL,PHYSICAL SPORTS,FOOTBALL
HORIZON PRIMARY SCHOOL,PRIMARY,GUITAR ENSEMBLE,VISUAL AND PERFORMING ARTS,GUITAR ENSEMBLE
HORIZON PRIMARY SCHOOL,PRIMARY,INFOCOMM TECHNOLOGY (COMPUTING),CLUBS AND SOCIETIES,INFOCOMM CLUB
HORIZON PRIMARY SCHOOL,PRIMARY,INTERNATIONAL CHESS,CLUBS AND SOCIETIES,INTERNATIONAL CHESS CLUB
HORIZON PRIMARY SCHOOL,PRIMARY,MODERN DANCE,VISUAL AND PERFORMING ARTS,MODERN DANCE
HORIZON PRIMARY SCHOOL,PRIMARY,MODULAR CCA (C&S),CLUBS AND SOCIETIES,P3 MODULAR CCA
HORIZON PRIMARY SCHOOL,PRIMARY,ROBOTICS,CLUBS AND SOCIETIES,ROBOTICS
HORIZON PRIMARY SCHOOL,PRIMARY,ROPE SKIPPING,PHYSICAL SPORTS,ROPE SKIPPING
HORIZON PRIMARY SCHOOL,PRIMARY,SCOUTS,UNIFORMED GROUPS,SCOUTS
HORIZON PRIMARY SCHOOL,PRIMARY,SPEECH AND DRAMA,CLUBS AND SOCIETIES,SPEECH AND DRAMA
HORIZON PRIMARY SCHOOL,PRIMARY,STUDENT LEADERSHIP (PREFECT),OTHERS,
HORIZON PRIMARY SCHOOL,PRIMARY,WUSHU,PHYSICAL SPORTS,WUSHU
HOUGANG PRIMARY SCHOOL,PRIMARY,ANGKLUNG/KULINTANG ENSEMBLE,VISUAL AND PERFORMING ARTS,
HOUGANG PRIMARY SCHOOL,PRIMARY,ART AND CRAFTS,CLUBS AND SOCIETIES,
HOUGANG PRIMARY SCHOOL,PRIMARY,BALLET,VISUAL AND PERFORMING ARTS,
HOUGANG PRIMARY SCHOOL,PRIMARY,BRASS BAND,VISUAL AND PERFORMING ARTS,
HOUGANG PRIMARY SCHOOL,PRIMARY,CHINESE DANCE,VISUAL AND PERFORMING ARTS,
HOUGANG PRIMARY SCHOOL,PRIMARY,ENGLISH DRAMA,VISUAL AND PERFORMING ARTS,
HOUGANG PRIMARY SCHOOL,PRIMARY,ENVIRONMENTAL SCIENCE,CLUBS AND SOCIETIES,
HOUGANG PRIMARY SCHOOL,PRIMARY,FOOTBALL,PHYSICAL SPORTS,
HOUGANG PRIMARY SCHOOL,PRIMARY,GUZHENG ENSEMBLE,VISUAL AND PERFORMING ARTS,
HOUGANG PRIMARY SCHOOL,PRIMARY,HEALTH AND FITNESS,PHYSICAL SPORTS,
HOUGANG PRIMARY SCHOOL,PRIMARY,HOCKEY,PHYSICAL SPORTS,
HOUGANG PRIMARY SCHOOL,PRIMARY,INDIAN DANCE,VISUAL AND PERFORMING ARTS,
HOUGANG PRIMARY SCHOOL,PRIMARY,INFOCOMM TECHNOLOGY (COMPUTING),CLUBS AND SOCIETIES,
HOUGANG PRIMARY SCHOOL,PRIMARY,MALAY DANCE,VISUAL AND PERFORMING ARTS,
HOUGANG PRIMARY SCHOOL,PRIMARY,MATHEMATICS,CLUBS AND SOCIETIES,
HOUGANG PRIMARY SCHOOL,PRIMARY,MEDIA RESOURCE LIBRARY,CLUBS AND SOCIETIES,
HOUGANG PRIMARY SCHOOL,PRIMARY,PHOTOGRAPHY,CLUBS AND SOCIETIES,
HOUGANG PRIMARY SCHOOL,PRIMARY,PHYSICAL SCIENCE,CLUBS AND SOCIETIES,
HOUGANG PRIMARY SCHOOL,PRIMARY,ROCKWALL CLIMBING,PHYSICAL SPORTS,
HOUGANG PRIMARY SCHOOL,PRIMARY,SCOUTS,UNIFORMED GROUPS,
HOUGANG PRIMARY SCHOOL,PRIMARY,VOLLEYBALL,PHYSICAL SPORTS,
HOUGANG PRIMARY SCHOOL,PRIMARY,WUSHU,PHYSICAL SPORTS,
HOUGANG SECONDARY SCHOOL,SECONDARY (S1-S5),ANGKLUNG/KULINTANG ENSEMBLE,VISUAL AND PERFORMING ARTS,
HOUGANG SECONDARY SCHOOL,SECONDARY (S1-S5),BASKETBALL,PHYSICAL SPORTS,
HOUGANG SECONDARY SCHOOL,SECONDARY (S1-S5),BOYS' BRIGADE,UNIFORMED GROUPS,
HOUGANG SECONDARY SCHOOL,SECONDARY (S1-S5),CHOIR,VISUAL AND PERFORMING ARTS,
HOUGANG SECONDARY SCHOOL,SECONDARY (S1-S5),CONCERT BAND,VISUAL AND PERFORMING ARTS,SYMPHONIC BAND
HOUGANG SECONDARY SCHOOL,SECONDARY (S1-S5),FLOORBALL,PHYSICAL SPORTS,
HOUGANG SECONDARY SCHOOL,SECONDARY (S1-S5),FOOTBALL,PHYSICAL SPORTS,
HOUGANG SECONDARY SCHOOL,SECONDARY (S1-S5),GIRL GUIDES,UNIFORMED GROUPS,
HOUGANG SECONDARY SCHOOL,SECONDARY (S1-S5),GIRLS' BRIGADE,UNIFORMED GROUPS,
HOUGANG SECONDARY SCHOOL,SECONDARY (S1-S5),GUZHENG ENSEMBLE,VISUAL AND PERFORMING ARTS,
HOUGANG SECONDARY SCHOOL,SECONDARY (S1-S5),INFOCOMM TECHNOLOGY (MEDIA PRODUCTION),CLUBS AND SOCIETIES,MEDIA RESOURCE CLUB
HOUGANG SECONDARY SCHOOL,SECONDARY (S1-S5),JUDO,PHYSICAL SPORTS,
HOUGANG SECONDARY SCHOOL,SECONDARY (S1-S5),MODERN DANCE,VISUAL AND PERFORMING ARTS,
HOUGANG SECONDARY SCHOOL,SECONDARY (S1-S5),NATIONAL CADET CORPS (LAND),UNIFORMED GROUPS,
HOUGANG SECONDARY SCHOOL,SECONDARY (S1-S5),NATIONAL POLICE CADET CORPS,UNIFORMED GROUPS,
HOUGANG SECONDARY SCHOOL,SECONDARY (S1-S5),NETBALL,PHYSICAL SPORTS,
HOUGANG SECONDARY SCHOOL,SECONDARY (S1-S5),RED CROSS YOUTH,UNIFORMED GROUPS,
HOUGANG SECONDARY SCHOOL,SECONDARY (S1-S5),SPEECH AND DRAMA,CLUBS AND SOCIETIES,"ENGLISH LANGUAGE, DRAMA, DEBATING AND SPEECH (ELDDS)"
HOUGANG SECONDARY SCHOOL,SECONDARY (S1-S5),WUSHU,PHYSICAL SPORTS,
HUA YI SECONDARY SCHOOL,SECONDARY (S1-S5),ART AND CRAFTS,CLUBS AND SOCIETIES,
HUA YI SECONDARY SCHOOL,SECONDARY (S1-S5),BADMINTON,PHYSICAL SPORTS,
HUA YI SECONDARY SCHOOL,SECONDARY (S1-S5),BASKETBALL,PHYSICAL SPORTS,
HUA YI SECONDARY SCHOOL,SECONDARY (S1-S5),"CHINESE LANGUAGE, DRAMA AND DEBATING",CLUBS AND SOCIETIES,
HUA YI SECONDARY SCHOOL,SECONDARY (S1-S5),CHOIR,VISUAL AND PERFORMING ARTS,SHOW CHOIR
HUA YI SECONDARY SCHOOL,SECONDARY (S1-S5),CONCERT BAND,VISUAL AND PERFORMING ARTS,
HUA YI SECONDARY SCHOOL,SECONDARY (S1-S5),CULTURAL DANCE,VISUAL AND PERFORMING ARTS,
HUA YI SECONDARY SCHOOL,SECONDARY (S1-S5),"ENGLISH LANGUAGE, DRAMA AND DEBATING",CLUBS AND SOCIETIES,
HUA YI SECONDARY SCHOOL,SECONDARY (S1-S5),FOOTBALL,PHYSICAL SPORTS,
HUA YI SECONDARY SCHOOL,SECONDARY (S1-S5),GUZHENG ENSEMBLE,VISUAL AND PERFORMING ARTS,
HUA YI SECONDARY SCHOOL,SECONDARY (S1-S5),HOME ECONOMICS,CLUBS AND SOCIETIES,NUTRITION AND FOOD SCIENCE CLUB
HUA YI SECONDARY SCHOOL,SECONDARY (S1-S5),INFOCOMM TECHNOLOGY (MEDIA PRODUCTION),CLUBS AND SOCIETIES,
HUA YI SECONDARY SCHOOL,SECONDARY (S1-S5),MODERN DANCE,VISUAL AND PERFORMING ARTS,
HUA YI SECONDARY SCHOOL,SECONDARY (S1-S5),NATIONAL CADET CORPS (LAND),UNIFORMED GROUPS,
HUA YI SECONDARY SCHOOL,SECONDARY (S1-S5),NATIONAL POLICE CADET CORPS,UNIFORMED GROUPS,
HUA YI SECONDARY SCHOOL,SECONDARY (S1-S5),NETBALL,PHYSICAL SPORTS,
HUA YI SECONDARY SCHOOL,SECONDARY (S1-S5),RED CROSS YOUTH,UNIFORMED GROUPS,
HUA YI SECONDARY SCHOOL,SECONDARY (S1-S5),SINGAPORE YOUTH FLYING CLUB,CLUBS AND SOCIETIES,
HUA YI SECONDARY SCHOOL,SECONDARY (S1-S5),STUDENT LEADERSHIP (COUNCIL),OTHERS,
HUA YI SECONDARY SCHOOL,SECONDARY (S1-S5),STUDENT LEADERSHIP (HOUSE),OTHERS,
HUA YI SECONDARY SCHOOL,SECONDARY (S1-S5),TRACK AND FIELD,PHYSICAL SPORTS,
HUA YI SECONDARY SCHOOL,SECONDARY (S1-S5),VOLLEYBALL,PHYSICAL SPORTS,
HUA YI SECONDARY SCHOOL,SECONDARY (S1-S5),WATER POLO,PHYSICAL SPORTS,
HUAMIN PRIMARY SCHOOL,PRIMARY,ANGKLUNG/KULINTANG ENSEMBLE,VISUAL AND PERFORMING ARTS,
HUAMIN PRIMARY SCHOOL,PRIMARY,ART AND CRAFTS,CLUBS AND SOCIETIES,
HUAMIN PRIMARY SCHOOL,PRIMARY,BADMINTON,PHYSICAL SPORTS,
HUAMIN PRIMARY SCHOOL,PRIMARY,BASKETBALL,PHYSICAL SPORTS,
HUAMIN PRIMARY SCHOOL,PRIMARY,BOWLING,PHYSICAL SPORTS,
HUAMIN PRIMARY SCHOOL,PRIMARY,CERAMICS,CLUBS AND SOCIETIES,
HUAMIN PRIMARY SCHOOL,PRIMARY,CHINESE DANCE,VISUAL AND PERFORMING ARTS,
HUAMIN PRIMARY SCHOOL,PRIMARY,CHOIR,VISUAL AND PERFORMING ARTS,
HUAMIN PRIMARY SCHOOL,PRIMARY,ENGLISH DRAMA,VISUAL AND PERFORMING ARTS,
HUAMIN PRIMARY SCHOOL,PRIMARY,ENVIRONMENTAL SCIENCE,CLUBS AND SOCIETIES,UNESCO CLUB
HUAMIN PRIMARY SCHOOL,PRIMARY,FLOORBALL,PHYSICAL SPORTS,
HUAMIN PRIMARY SCHOOL,PRIMARY,GUITAR ENSEMBLE,VISUAL AND PERFORMING ARTS,
HUAMIN PRIMARY SCHOOL,PRIMARY,INFOCOMM TECHNOLOGY (COMPUTING),CLUBS AND SOCIETIES,
HUAMIN PRIMARY SCHOOL,PRIMARY,MEDIA RESOURCE LIBRARY,CLUBS AND SOCIETIES,
HUAMIN PRIMARY SCHOOL,PRIMARY,MODERN DANCE,VISUAL AND PERFORMING ARTS,
HUAMIN PRIMARY SCHOOL,PRIMARY,ROBOTICS,CLUBS AND SOCIETIES,
HUAMIN PRIMARY SCHOOL,PRIMARY,SCOUTS,UNIFORMED GROUPS,
HUAMIN PRIMARY SCHOOL,PRIMARY,STRATEGY GAMES,CLUBS AND SOCIETIES,
HUAMIN PRIMARY SCHOOL,PRIMARY,STUDENT LEADERSHIP (HOUSE),OTHERS,CCA LEADERS
HWA CHONG INSTITUTION,MIXED LEVEL (S1-JC2),ART AND CRAFTS,CLUBS AND SOCIETIES,ART CLUB
HWA CHONG INSTITUTION,MIXED LEVEL (S1-JC2),ARTISTIC GYMNASTICS,PHYSICAL SPORTS,
HWA CHONG INSTITUTION,MIXED LEVEL (S1-JC2),AUDIO VISUAL AID,CLUBS AND SOCIETIES,MEDIATECH
HWA CHONG INSTITUTION,MIXED LEVEL (S1-JC2),AUDIO VISUAL AID,CLUBS AND SOCIETIES,PHOTOGRAPHY CLUB
HWA CHONG INSTITUTION,MIXED LEVEL (S1-JC2),BADMINTON,PHYSICAL SPORTS,
HWA CHONG INSTITUTION,MIXED LEVEL (S1-JC2),BASKETBALL,PHYSICAL SPORTS,
HWA CHONG INSTITUTION,MIXED LEVEL (S1-JC2),BIOLOGICAL SCIENCE,CLUBS AND SOCIETIES,
HWA CHONG INSTITUTION,MIXED LEVEL (S1-JC2),BOWLING,PHYSICAL SPORTS,
HWA CHONG INSTITUTION,MIXED LEVEL (S1-JC2),CANOEING,PHYSICAL SPORTS,
HWA CHONG INSTITUTION,MIXED LEVEL (S1-JC2),CHINESE CALLIGRAPHY AND BRUSH PAINTING,CLUBS AND SOCIETIES,Chinese Calligraphy Society
HWA CHONG INSTITUTION,MIXED LEVEL (S1-JC2),CHINESE CHESS,CLUBS AND SOCIETIES,
HWA CHONG INSTITUTION,MIXED LEVEL (S1-JC2),CHINESE DANCE,VISUAL AND PERFORMING ARTS,CHINESE DANCE
HWA CHONG INSTITUTION,MIXED LEVEL (S1-JC2),CHINESE DANCE,VISUAL AND PERFORMING ARTS,MUSIC AND DANCE
HWA CHONG INSTITUTION,MIXED LEVEL (S1-JC2),CHINESE DRAMA,VISUAL AND PERFORMING ARTS,
HWA CHONG INSTITUTION,MIXED LEVEL (S1-JC2),"CHINESE LANGUAGE, DRAMA AND DEBATING",CLUBS AND SOCIETIES,CHINESE ORATORICAL SOCIETY
HWA CHONG INSTITUTION,MIXED LEVEL (S1-JC2),CHINESE ORCHESTRA,VISUAL AND PERFORMING ARTS,
HWA CHONG INSTITUTION,MIXED LEVEL (S1-JC2),CHINESE WEIQI,CLUBS AND SOCIETIES,
HWA CHONG INSTITUTION,MIXED LEVEL (S1-JC2),CHOIR,VISUAL AND PERFORMING ARTS,
HWA CHONG INSTITUTION,MIXED LEVEL (S1-JC2),COMMUNITY SERVICE,CLUBS AND SOCIETIES,VALUES IN ACTION COUNCIL
HWA CHONG INSTITUTION,MIXED LEVEL (S1-JC2),COMMUNITY SERVICE (FIRST AID),CLUBS AND SOCIETIES,FIRST AID CLUB
HWA CHONG INSTITUTION,MIXED LEVEL (S1-JC2),COMMUNITY SERVICE (ROTARY-SPONSORED),CLUBS AND SOCIETIES,INTERACT CLUB
HWA CHONG INSTITUTION,MIXED LEVEL (S1-JC2),CONCERT BAND,VISUAL AND PERFORMING ARTS,CONCERT BAND
HWA CHONG INSTITUTION,MIXED LEVEL (S1-JC2),CONCERT BAND,VISUAL AND PERFORMING ARTS,SYMPHONIC BAND
HWA CHONG INSTITUTION,MIXED LEVEL (S1-JC2),CROSS COUNTRY,PHYSICAL SPORTS,
HWA CHONG INSTITUTION,MIXED LEVEL (S1-JC2),DEBATING AND PUBLIC SPEAKING,CLUBS AND SOCIETIES,
HWA CHONG INSTITUTION,MIXED LEVEL (S1-JC2),ENGLISH DRAMA,VISUAL AND PERFORMING ARTS,ELDDFS
HWA CHONG INSTITUTION,MIXED LEVEL (S1-JC2),ENGLISH DRAMA,VISUAL AND PERFORMING ARTS,ENGLISH DRAMA
HWA CHONG INSTITUTION,MIXED LEVEL (S1-JC2),ENVIRONMENTAL SCIENCE,CLUBS AND SOCIETIES,GREEN COUNCIL
HWA CHONG INSTITUTION,MIXED LEVEL (S1-JC2),ENVIRONMENTAL SCIENCE,CLUBS AND SOCIETIES,Green Council
HWA CHONG INSTITUTION,MIXED LEVEL (S1-JC2),FENCING,PHYSICAL SPORTS,
HWA CHONG INSTITUTION,MIXED LEVEL (S1-JC2),FLOORBALL,PHYSICAL SPORTS,
HWA CHONG INSTITUTION,MIXED LEVEL (S1-JC2),FOOTBALL,PHYSICAL SPORTS,
HWA CHONG INSTITUTION,MIXED LEVEL (S1-JC2),FRISBEE,PHYSICAL SPORTS,ULTIMATE FRISBEE
HWA CHONG INSTITUTION,MIXED LEVEL (S1-JC2),GOLF,PHYSICAL SPORTS,
HWA CHONG INSTITUTION,MIXED LEVEL (S1-JC2),GUITAR ENSEMBLE,VISUAL AND PERFORMING ARTS,
HWA CHONG INSTITUTION,MIXED LEVEL (S1-JC2),HARMONICA ENSEMBLE,VISUAL AND PERFORMING ARTS,
HWA CHONG INSTITUTION,MIXED LEVEL (S1-JC2),HEALTH AND FITNESS,PHYSICAL SPORTS,
HWA CHONG INSTITUTION,MIXED LEVEL (S1-JC2),HISTORY,CLUBS AND SOCIETIES,
HWA CHONG INSTITUTION,MIXED LEVEL (S1-JC2),ICE SKATING,PHYSICAL SPORTS,
HWA CHONG INSTITUTION,MIXED LEVEL (S1-JC2),INFOCOMM TECHNOLOGY (COMPUTING),CLUBS AND SOCIETIES,INFOCOMM & ROBOTICS SOCIETY
HWA CHONG INSTITUTION,MIXED LEVEL (S1-JC2),INTERNATIONAL AND GLOBAL STUDIES,CLUBS AND SOCIETIES,
HWA CHONG INSTITUTION,MIXED LEVEL (S1-JC2),INTERNATIONAL CHESS,CLUBS AND SOCIETIES,INTERNATIONAL CHESS
HWA CHONG INSTITUTION,MIXED LEVEL (S1-JC2),INTERNATIONAL CHESS,CLUBS AND SOCIETIES,MIND SPORTS CLUB
HWA CHONG INSTITUTION,MIXED LEVEL (S1-JC2),JOURNALISM,CLUBS AND SOCIETIES,HUMANITIES & CURRENT AFFAIRS SOCIETY
HWA CHONG INSTITUTION,MIXED LEVEL (S1-JC2),JUDO,PHYSICAL SPORTS,
HWA CHONG INSTITUTION,MIXED LEVEL (S1-JC2),KEYBOARD ENSEMBLE,VISUAL AND PERFORMING ARTS,
HWA CHONG INSTITUTION,MIXED LEVEL (S1-JC2),"MALAY LANGUAGE, DRAMA AND DEBATING",CLUBS AND SOCIETIES,
HWA CHONG INSTITUTION,MIXED LEVEL (S1-JC2),MARCHING BAND,VISUAL AND PERFORMING ARTS,
HWA CHONG INSTITUTION,MIXED LEVEL (S1-JC2),MATHEMATICS,CLUBS AND SOCIETIES,
HWA CHONG INSTITUTION,MIXED LEVEL (S1-JC2),MEDIA RESOURCE LIBRARY,CLUBS AND SOCIETIES,LIBRARY CLUB
HWA CHONG INSTITUTION,MIXED LEVEL (S1-JC2),MEDIA RESOURCE LIBRARY,CLUBS AND SOCIETIES,MEDIA RESOURCE LIBRARY
HWA CHONG INSTITUTION,MIXED LEVEL (S1-JC2),MODERN DANCE,VISUAL AND PERFORMING ARTS,
HWA CHONG INSTITUTION,MIXED LEVEL (S1-JC2),MODULAR CCA (SPORTS),PHYSICAL SPORTS,
HWA CHONG INSTITUTION,MIXED LEVEL (S1-JC2),NATIONAL CADET CORPS (LAND),UNIFORMED GROUPS,
HWA CHONG INSTITUTION,MIXED LEVEL (S1-JC2),NATIONAL EDUCATION,CLUBS AND SOCIETIES,NATIONAL EDUCATION COUNCIL
HWA CHONG INSTITUTION,MIXED LEVEL (S1-JC2),NATIONAL POLICE CADET CORPS,UNIFORMED GROUPS,
HWA CHONG INSTITUTION,MIXED LEVEL (S1-JC2),NETBALL,PHYSICAL SPORTS,
HWA CHONG INSTITUTION,MIXED LEVEL (S1-JC2),OUTDOOR ADVENTURE,PHYSICAL SPORTS,OUTDOOR EDUCATION STUDENT CLUB
HWA CHONG INSTITUTION,MIXED LEVEL (S1-JC2),PHYSICAL SCIENCE,CLUBS AND SOCIETIES,PHYSICAL SCIENCE
HWA CHONG INSTITUTION,MIXED LEVEL (S1-JC2),PHYSICAL SCIENCE,CLUBS AND SOCIETIES,SCIENCE STUDENTS' RESEARCH CLUB
HWA CHONG INSTITUTION,MIXED LEVEL (S1-JC2),PROJECT CABIN,CLUBS AND SOCIETIES,CMC COUNCIL 
HWA CHONG INSTITUTION,MIXED LEVEL (S1-JC2),PUBLICATION,CLUBS AND SOCIETIES,PUBLICATION SOCIETY
HWA CHONG INSTITUTION,MIXED LEVEL (S1-JC2),ROBOTICS,CLUBS AND SOCIETIES,
HWA CHONG INSTITUTION,MIXED LEVEL (S1-JC2),SAILING,PHYSICAL SPORTS,
HWA CHONG INSTITUTION,MIXED LEVEL (S1-JC2),SCOUTS,UNIFORMED GROUPS,
HWA CHONG INSTITUTION,MIXED LEVEL (S1-JC2),SHOOTING,PHYSICAL SPORTS,
HWA CHONG INSTITUTION,MIXED LEVEL (S1-JC2),SINGAPORE NATIONAL YOUTH CHINESE ORCHESTRA,VISUAL AND PERFORMING ARTS,
HWA CHONG INSTITUTION,MIXED LEVEL (S1-JC2),SINGAPORE NATIONAL YOUTH ORCHESTRA,VISUAL AND PERFORMING ARTS,
HWA CHONG INSTITUTION,MIXED LEVEL (S1-JC2),SINGAPORE YOUTH FLYING CLUB,CLUBS AND SOCIETIES,
HWA CHONG INSTITUTION,MIXED LEVEL (S1-JC2),SOCIAL STUDIES,CLUBS AND SOCIETIES,SOCIAL STUDIES
HWA CHONG INSTITUTION,MIXED LEVEL (S1-JC2),SOFTBALL,PHYSICAL SPORTS,
HWA CHONG INSTITUTION,MIXED LEVEL (S1-JC2),SPACE SCIENCE,CLUBS AND SOCIETIES,ASTRONOMY CLUB
HWA CHONG INSTITUTION,MIXED LEVEL (S1-JC2),ST JOHN BRIGADE,UNIFORMED GROUPS,
HWA CHONG INSTITUTION,MIXED LEVEL (S1-JC2),STRING ENSEMBLE,VISUAL AND PERFORMING ARTS,
HWA CHONG INSTITUTION,MIXED LEVEL (S1-JC2),STUDENT LEADERSHIP (COUNCIL),OTHERS,FACULTY COMMITTEE
HWA CHONG INSTITUTION,MIXED LEVEL (S1-JC2),STUDENTS' COUNCIL,CLUBS AND SOCIETIES,
HWA CHONG INSTITUTION,MIXED LEVEL (S1-JC2),SWIMMING,PHYSICAL SPORTS,
HWA CHONG INSTITUTION,MIXED LEVEL (S1-JC2),TABLE TENNIS,PHYSICAL SPORTS,
HWA CHONG INSTITUTION,MIXED LEVEL (S1-JC2),TAEKWONDO,PHYSICAL SPORTS,
HWA CHONG INSTITUTION,MIXED LEVEL (S1-JC2),TCHOUKBALL,PHYSICAL SPORTS,
HWA CHONG INSTITUTION,MIXED LEVEL (S1-JC2),TENNIS,PHYSICAL SPORTS,
HWA CHONG INSTITUTION,MIXED LEVEL (S1-JC2),TOUCH RUGBY,PHYSICAL SPORTS,
HWA CHONG INSTITUTION,MIXED LEVEL (S1-JC2),TRACK AND FIELD,PHYSICAL SPORTS,Track & Field Cross Country
HWA CHONG INSTITUTION,MIXED LEVEL (S1-JC2),TRAMPOLINE,PHYSICAL SPORTS,
HWA CHONG INSTITUTION,MIXED LEVEL (S1-JC2),VOLLEYBALL,PHYSICAL SPORTS,
HWA CHONG INSTITUTION,MIXED LEVEL (S1-JC2),WATER POLO,PHYSICAL SPORTS,WATER POLO
HWA CHONG INSTITUTION,MIXED LEVEL (S1-JC2),WATER POLO,PHYSICAL SPORTS,WATER POLO & SWIMMING
HWA CHONG INSTITUTION,MIXED LEVEL (S1-JC2),WUSHU,PHYSICAL SPORTS,
INNOVA PRIMARY SCHOOL,PRIMARY,ART AND CRAFTS,CLUBS AND SOCIETIES,
INNOVA PRIMARY SCHOOL,PRIMARY,CHINESE DANCE,VISUAL AND PERFORMING ARTS,
INNOVA PRIMARY SCHOOL,PRIMARY,CHOIR,VISUAL AND PERFORMING ARTS,
INNOVA PRIMARY SCHOOL,PRIMARY,"ENGLISH LANGUAGE, DRAMA AND DEBATING",CLUBS AND SOCIETIES,
INNOVA PRIMARY SCHOOL,PRIMARY,ENVIRONMENTAL SCIENCE,CLUBS AND SOCIETIES,STEM CLUB
INNOVA PRIMARY SCHOOL,PRIMARY,GIRL GUIDES (BROWNIES),UNIFORMED GROUPS,
INNOVA PRIMARY SCHOOL,PRIMARY,HARMONICA ENSEMBLE,VISUAL AND PERFORMING ARTS,
INNOVA PRIMARY SCHOOL,PRIMARY,MALAY DANCE,VISUAL AND PERFORMING ARTS,
INNOVA PRIMARY SCHOOL,PRIMARY,RED CROSS YOUTH,UNIFORMED GROUPS,
INNOVA PRIMARY SCHOOL,PRIMARY,TABLE TENNIS,PHYSICAL SPORTS,
INNOVA PRIMARY SCHOOL,PRIMARY,TRACK AND FIELD,PHYSICAL SPORTS,
INNOVA PRIMARY SCHOOL,PRIMARY,VOLLEYBALL,PHYSICAL SPORTS,
INNOVA PRIMARY SCHOOL,PRIMARY,WUSHU,PHYSICAL SPORTS,
JIEMIN PRIMARY SCHOOL,PRIMARY,ANGKLUNG/KULINTANG ENSEMBLE,VISUAL AND PERFORMING ARTS,
JIEMIN PRIMARY SCHOOL,PRIMARY,ART AND CRAFTS,CLUBS AND SOCIETIES,
JIEMIN PRIMARY SCHOOL,PRIMARY,BASKETBALL,PHYSICAL SPORTS,
JIEMIN PRIMARY SCHOOL,PRIMARY,CHINESE DANCE,VISUAL AND PERFORMING ARTS,
JIEMIN PRIMARY SCHOOL,PRIMARY,FLOORBALL,PHYSICAL SPORTS,
JIEMIN PRIMARY SCHOOL,PRIMARY,GUZHENG ENSEMBLE,VISUAL AND PERFORMING ARTS,
JIEMIN PRIMARY SCHOOL,PRIMARY,JOURNALISM,CLUBS AND SOCIETIES,
JIEMIN PRIMARY SCHOOL,PRIMARY,MALAY DANCE,VISUAL AND PERFORMING ARTS,
JIEMIN PRIMARY SCHOOL,PRIMARY,MODERN DANCE,VISUAL AND PERFORMING ARTS,
JIEMIN PRIMARY SCHOOL,PRIMARY,MODULAR CCA (SPORTS),PHYSICAL SPORTS,
JIEMIN PRIMARY SCHOOL,PRIMARY,MODULAR CCA (VPA),VISUAL AND PERFORMING ARTS,
JIEMIN PRIMARY SCHOOL,PRIMARY,RED CROSS YOUTH,UNIFORMED GROUPS,
JIEMIN PRIMARY SCHOOL,PRIMARY,ROBOTICS,CLUBS AND SOCIETIES,
JIEMIN PRIMARY SCHOOL,PRIMARY,TAEKWONDO,PHYSICAL SPORTS,
JING SHAN PRIMARY SCHOOL,PRIMARY,ART AND CRAFTS,CLUBS AND SOCIETIES,
JING SHAN PRIMARY SCHOOL,PRIMARY,BADMINTON,PHYSICAL SPORTS,
JING SHAN PRIMARY SCHOOL,PRIMARY,BASKETBALL,PHYSICAL SPORTS,
JING SHAN PRIMARY SCHOOL,PRIMARY,CHOIR,VISUAL AND PERFORMING ARTS,
JING SHAN PRIMARY SCHOOL,PRIMARY,CULTURAL DANCE,VISUAL AND PERFORMING ARTS,
JING SHAN PRIMARY SCHOOL,PRIMARY,ENVIRONMENTAL SCIENCE,CLUBS AND SOCIETIES,
JING SHAN PRIMARY SCHOOL,PRIMARY,FOOTBALL,PHYSICAL SPORTS,
JING SHAN PRIMARY SCHOOL,PRIMARY,GIRL GUIDES (BROWNIES),UNIFORMED GROUPS,
JING SHAN PRIMARY SCHOOL,PRIMARY,INFOCOMM TECHNOLOGY (MEDIA PRODUCTION),CLUBS AND SOCIETIES,
JING SHAN PRIMARY SCHOOL,PRIMARY,MODERN DANCE,VISUAL AND PERFORMING ARTS,
JING SHAN PRIMARY SCHOOL,PRIMARY,ROBOTICS,CLUBS AND SOCIETIES,
JING SHAN PRIMARY SCHOOL,PRIMARY,ROPE SKIPPING,PHYSICAL SPORTS,
JUNYUAN PRIMARY SCHOOL,PRIMARY,ART AND CRAFTS,CLUBS AND SOCIETIES,
JUNYUAN PRIMARY SCHOOL,PRIMARY,CHINESE DANCE,VISUAL AND PERFORMING ARTS,
JUNYUAN PRIMARY SCHOOL,PRIMARY,ENVIRONMENTAL SCIENCE,CLUBS AND SOCIETIES,
JUNYUAN PRIMARY SCHOOL,PRIMARY,FLOORBALL,PHYSICAL SPORTS,
JUNYUAN PRIMARY SCHOOL,PRIMARY,INFOCOMM TECHNOLOGY (MEDIA PRODUCTION),CLUBS AND SOCIETIES,
JUNYUAN PRIMARY SCHOOL,PRIMARY,MALAY DANCE,VISUAL AND PERFORMING ARTS,
JUNYUAN PRIMARY SCHOOL,PRIMARY,MATHEMATICS,CLUBS AND SOCIETIES,
JUNYUAN PRIMARY SCHOOL,PRIMARY,MODERN DANCE,VISUAL AND PERFORMING ARTS,
JUNYUAN PRIMARY SCHOOL,PRIMARY,PHYSICAL SCIENCE,CLUBS AND SOCIETIES,E2K SCIENCE
JUNYUAN PRIMARY SCHOOL,PRIMARY,POP AND JAZZ,VISUAL AND PERFORMING ARTS,
JUNYUAN PRIMARY SCHOOL,PRIMARY,SCOUTS,UNIFORMED GROUPS,
JUNYUAN PRIMARY SCHOOL,PRIMARY,SPEECH AND DRAMA,CLUBS AND SOCIETIES,
JUNYUAN PRIMARY SCHOOL,PRIMARY,STUDENT LEADERSHIP (PREFECT),OTHERS,
JUNYUAN PRIMARY SCHOOL,PRIMARY,TAEKWONDO,PHYSICAL SPORTS,
JUNYUAN PRIMARY SCHOOL,PRIMARY,TCHOUKBALL,PHYSICAL SPORTS,
JUNYUAN PRIMARY SCHOOL,PRIMARY,VOLLEYBALL,PHYSICAL SPORTS,
JUNYUAN SECONDARY SCHOOL,SECONDARY (S1-S5),ARCHERY,PHYSICAL SPORTS,
JUNYUAN SECONDARY SCHOOL,SECONDARY (S1-S5),AUDIO VISUAL AID,CLUBS AND SOCIETIES,
JUNYUAN SECONDARY SCHOOL,SECONDARY (S1-S5),BADMINTON,PHYSICAL SPORTS,
JUNYUAN SECONDARY SCHOOL,SECONDARY (S1-S5),BASKETBALL,PHYSICAL SPORTS,
JUNYUAN SECONDARY SCHOOL,SECONDARY (S1-S5),BOYS' BRIGADE,UNIFORMED GROUPS,
JUNYUAN SECONDARY SCHOOL,SECONDARY (S1-S5),CHOIR,VISUAL AND PERFORMING ARTS,
JUNYUAN SECONDARY SCHOOL,SECONDARY (S1-S5),CONCERT BAND,VISUAL AND PERFORMING ARTS,
JUNYUAN SECONDARY SCHOOL,SECONDARY (S1-S5),ENGLISH DRAMA,VISUAL AND PERFORMING ARTS,
JUNYUAN SECONDARY SCHOOL,SECONDARY (S1-S5),GIRLS' BRIGADE,UNIFORMED GROUPS,
JUNYUAN SECONDARY SCHOOL,SECONDARY (S1-S5),GUITAR ENSEMBLE,VISUAL AND PERFORMING ARTS,
JUNYUAN SECONDARY SCHOOL,SECONDARY (S1-S5),INFOCOMM TECHNOLOGY (COMPUTING),CLUBS AND SOCIETIES,
JUNYUAN SECONDARY SCHOOL,SECONDARY (S1-S5),INFOCOMM TECHNOLOGY (MEDIA PRODUCTION),CLUBS AND SOCIETIES,
JUNYUAN SECONDARY SCHOOL,SECONDARY (S1-S5),MODERN DANCE,VISUAL AND PERFORMING ARTS,
JUNYUAN SECONDARY SCHOOL,SECONDARY (S1-S5),NATIONAL CADET CORPS (LAND),UNIFORMED GROUPS,
JUNYUAN SECONDARY SCHOOL,SECONDARY (S1-S5),NATIONAL POLICE CADET CORPS,UNIFORMED GROUPS,
JUNYUAN SECONDARY SCHOOL,SECONDARY (S1-S5),RUGBY,PHYSICAL SPORTS,
JUNYUAN SECONDARY SCHOOL,SECONDARY (S1-S5),ST JOHN BRIGADE,UNIFORMED GROUPS,
JUNYUAN SECONDARY SCHOOL,SECONDARY (S1-S5),TRACK AND FIELD,PHYSICAL SPORTS,
JUNYUAN SECONDARY SCHOOL,SECONDARY (S1-S5),VOLLEYBALL,PHYSICAL SPORTS,
JURONG PIONEER JUNIOR COLLEGE,JUNIOR COLLEGE,ARCHERY,PHYSICAL SPORTS,
JURONG PIONEER JUNIOR COLLEGE,JUNIOR COLLEGE,ART AND CRAFTS,CLUBS AND SOCIETIES,PlayArt
JURONG PIONEER JUNIOR COLLEGE,JUNIOR COLLEGE,AUDIO VISUAL AID,CLUBS AND SOCIETIES,AUDIO VISUAL CLUB
JURONG PIONEER JUNIOR COLLEGE,JUNIOR COLLEGE,BADMINTON,PHYSICAL SPORTS,
JURONG PIONEER JUNIOR COLLEGE,JUNIOR COLLEGE,BALLET,VISUAL AND PERFORMING ARTS,
JURONG PIONEER JUNIOR COLLEGE,JUNIOR COLLEGE,BASKETBALL,PHYSICAL SPORTS,
JURONG PIONEER JUNIOR COLLEGE,JUNIOR COLLEGE,BOWLING,PHYSICAL SPORTS,
JURONG PIONEER JUNIOR COLLEGE,JUNIOR COLLEGE,BOYS' BRIGADE,UNIFORMED GROUPS,
JURONG PIONEER JUNIOR COLLEGE,JUNIOR COLLEGE,"CHINESE LANGUAGE, DRAMA AND DEBATING",CLUBS AND SOCIETIES,CHINESE CULTURAL SOCIETY
JURONG PIONEER JUNIOR COLLEGE,JUNIOR COLLEGE,CHINESE ORCHESTRA,VISUAL AND PERFORMING ARTS,
JURONG PIONEER JUNIOR COLLEGE,JUNIOR COLLEGE,CHOIR,VISUAL AND PERFORMING ARTS,
JURONG PIONEER JUNIOR COLLEGE,JUNIOR COLLEGE,COMMUNITY SERVICE,CLUBS AND SOCIETIES,COMMUNITY ENGAGEMENT COUNCIL
JURONG PIONEER JUNIOR COLLEGE,JUNIOR COLLEGE,COMMUNITY SERVICE (ROTARY-SPONSORED),CLUBS AND SOCIETIES,INTERACT CLUB
JURONG PIONEER JUNIOR COLLEGE,JUNIOR COLLEGE,CONCERT BAND,VISUAL AND PERFORMING ARTS,
JURONG PIONEER JUNIOR COLLEGE,JUNIOR COLLEGE,DEBATING AND PUBLIC SPEAKING,CLUBS AND SOCIETIES,DEBATE SOCIETY
JURONG PIONEER JUNIOR COLLEGE,JUNIOR COLLEGE,DRAGON BOAT,PHYSICAL SPORTS,
JURONG PIONEER JUNIOR COLLEGE,JUNIOR COLLEGE,ENGLISH DRAMA,VISUAL AND PERFORMING ARTS,
JURONG PIONEER JUNIOR COLLEGE,JUNIOR COLLEGE,ENVIRONMENTAL SCIENCE,CLUBS AND SOCIETIES,ECO CLUB
JURONG PIONEER JUNIOR COLLEGE,JUNIOR COLLEGE,FLOORBALL,PHYSICAL SPORTS,
JURONG PIONEER JUNIOR COLLEGE,JUNIOR COLLEGE,FOOTBALL,PHYSICAL SPORTS,
JURONG PIONEER JUNIOR COLLEGE,JUNIOR COLLEGE,FRISBEE,PHYSICAL SPORTS,ULTIMATE FRISBEE
JURONG PIONEER JUNIOR COLLEGE,JUNIOR COLLEGE,GOLF,PHYSICAL SPORTS,
JURONG PIONEER JUNIOR COLLEGE,JUNIOR COLLEGE,GUITAR ENSEMBLE,VISUAL AND PERFORMING ARTS,
JURONG PIONEER JUNIOR COLLEGE,JUNIOR COLLEGE,INFOCOMM TECHNOLOGY (COMPUTING),CLUBS AND SOCIETIES,INFOCOMM CLUB
JURONG PIONEER JUNIOR COLLEGE,JUNIOR COLLEGE,INFOCOMM TECHNOLOGY (MEDIA PRODUCTION),CLUBS AND SOCIETIES,JP MEDIA TECH CLUB
JURONG PIONEER JUNIOR COLLEGE,JUNIOR COLLEGE,INTERNATIONAL AND GLOBAL STUDIES,CLUBS AND SOCIETIES,INTERNATIONAL CURRENT AFFAIRS SOCIETY
JURONG PIONEER JUNIOR COLLEGE,JUNIOR COLLEGE,INTERNATIONAL CHESS,CLUBS AND SOCIETIES,CHESS CLUB
JURONG PIONEER JUNIOR COLLEGE,JUNIOR COLLEGE,JUDO,PHYSICAL SPORTS,
JURONG PIONEER JUNIOR COLLEGE,JUNIOR COLLEGE,MODERN DANCE,VISUAL AND PERFORMING ARTS,JP DANCE CLUB
JURONG PIONEER JUNIOR COLLEGE,JUNIOR COLLEGE,NATIONAL CADET CORPS (AIR),UNIFORMED GROUPS,
JURONG PIONEER JUNIOR COLLEGE,JUNIOR COLLEGE,NATIONAL CADET CORPS (LAND),UNIFORMED GROUPS,
JURONG PIONEER JUNIOR COLLEGE,JUNIOR COLLEGE,NATIONAL CIVIL DEFENCE CADET CORPS,UNIFORMED GROUPS,
JURONG PIONEER JUNIOR COLLEGE,JUNIOR COLLEGE,NATIONAL POLICE CADET CORPS,UNIFORMED GROUPS,
JURONG PIONEER JUNIOR COLLEGE,JUNIOR COLLEGE,NETBALL,PHYSICAL SPORTS,
JURONG PIONEER JUNIOR COLLEGE,JUNIOR COLLEGE,SCOUTS,UNIFORMED GROUPS,
JURONG PIONEER JUNIOR COLLEGE,JUNIOR COLLEGE,SINGAPORE NATIONAL YOUTH ORCHESTRA,VISUAL AND PERFORMING ARTS,
JURONG PIONEER JUNIOR COLLEGE,JUNIOR COLLEGE,SINGAPORE YOUTH FLYING CLUB,CLUBS AND SOCIETIES,
JURONG PIONEER JUNIOR COLLEGE,JUNIOR COLLEGE,STUDENT LEADERSHIP (COUNCIL),OTHERS,STUDENT COUNCIL
JURONG PIONEER JUNIOR COLLEGE,JUNIOR COLLEGE,TABLE TENNIS,PHYSICAL SPORTS,
JURONG PIONEER JUNIOR COLLEGE,JUNIOR COLLEGE,TAEKWONDO,PHYSICAL SPORTS,
JURONG PIONEER JUNIOR COLLEGE,JUNIOR COLLEGE,TCHOUKBALL,PHYSICAL SPORTS,
JURONG PIONEER JUNIOR COLLEGE,JUNIOR COLLEGE,TENNIS,PHYSICAL SPORTS,
JURONG PIONEER JUNIOR COLLEGE,JUNIOR COLLEGE,TOUCH RUGBY,PHYSICAL SPORTS,
JURONG PIONEER JUNIOR COLLEGE,JUNIOR COLLEGE,TRACK AND FIELD,PHYSICAL SPORTS,ATHLETICS
JURONG PIONEER JUNIOR COLLEGE,JUNIOR COLLEGE,VOLLEYBALL,PHYSICAL SPORTS,
JURONG PIONEER JUNIOR COLLEGE,JUNIOR COLLEGE,WATER POLO,PHYSICAL SPORTS,
JURONG PIONEER JUNIOR COLLEGE,JUNIOR COLLEGE,WUSHU,PHYSICAL SPORTS,
JURONG PRIMARY SCHOOL,PRIMARY,ART AND CRAFTS,CLUBS AND SOCIETIES,
JURONG PRIMARY SCHOOL,PRIMARY,BADMINTON,PHYSICAL SPORTS,
JURONG PRIMARY SCHOOL,PRIMARY,BASKETBALL,PHYSICAL SPORTS,
JURONG PRIMARY SCHOOL,PRIMARY,CHOIR,VISUAL AND PERFORMING ARTS,
JURONG PRIMARY SCHOOL,PRIMARY,DIGITAL MEDIA,CLUBS AND SOCIETIES,
JURONG PRIMARY SCHOOL,PRIMARY,FOOTBALL,PHYSICAL SPORTS,
JURONG PRIMARY SCHOOL,PRIMARY,GUZHENG ENSEMBLE,VISUAL AND PERFORMING ARTS,
JURONG PRIMARY SCHOOL,PRIMARY,MODERN DANCE,VISUAL AND PERFORMING ARTS,
JURONG PRIMARY SCHOOL,PRIMARY,NETBALL,PHYSICAL SPORTS,
JURONG PRIMARY SCHOOL,PRIMARY,PERCUSSION ENSEMBLE,VISUAL AND PERFORMING ARTS,
JURONG PRIMARY SCHOOL,PRIMARY,ROBOTICS,CLUBS AND SOCIETIES,
JURONG PRIMARY SCHOOL,PRIMARY,SCOUTS,UNIFORMED GROUPS,12A) SCOUTS  & 12B) GIRL SCOUTS
JURONG PRIMARY SCHOOL,PRIMARY,TRACK AND FIELD,PHYSICAL SPORTS,
JURONG SECONDARY SCHOOL,SECONDARY (S1-S5),BADMINTON,PHYSICAL SPORTS,
JURONG SECONDARY SCHOOL,SECONDARY (S1-S5),BASKETBALL,PHYSICAL SPORTS,
JURONG SECONDARY SCHOOL,SECONDARY (S1-S5),CHINESE ORCHESTRA,VISUAL AND PERFORMING ARTS,
JURONG SECONDARY SCHOOL,SECONDARY (S1-S5),CHOIR,VISUAL AND PERFORMING ARTS,
JURONG SECONDARY SCHOOL,SECONDARY (S1-S5),CONCERT BAND,VISUAL AND PERFORMING ARTS,
JURONG SECONDARY SCHOOL,SECONDARY (S1-S5),CROSS COUNTRY,PHYSICAL SPORTS,
JURONG SECONDARY SCHOOL,SECONDARY (S1-S5),DRAGON BOAT,PHYSICAL SPORTS,
JURONG SECONDARY SCHOOL,SECONDARY (S1-S5),ENGLISH DRAMA,VISUAL AND PERFORMING ARTS,
JURONG SECONDARY SCHOOL,SECONDARY (S1-S5),GIRL GUIDES,UNIFORMED GROUPS,
JURONG SECONDARY SCHOOL,SECONDARY (S1-S5),GUZHENG ENSEMBLE,VISUAL AND PERFORMING ARTS,
JURONG SECONDARY SCHOOL,SECONDARY (S1-S5),HEALTH AND FITNESS,PHYSICAL SPORTS,SPORTS RECREATION CLUB
JURONG SECONDARY SCHOOL,SECONDARY (S1-S5),INFOCOMM TECHNOLOGY (MEDIA PRODUCTION),CLUBS AND SOCIETIES,MEDIA AND VISUAL ARTS CLUB
JURONG SECONDARY SCHOOL,SECONDARY (S1-S5),MEDIA RESOURCE LIBRARY,CLUBS AND SOCIETIES,LIBRARY
JURONG SECONDARY SCHOOL,SECONDARY (S1-S5),MODERN DANCE,VISUAL AND PERFORMING ARTS,
JURONG SECONDARY SCHOOL,SECONDARY (S1-S5),NATIONAL CADET CORPS (LAND),UNIFORMED GROUPS,
JURONG SECONDARY SCHOOL,SECONDARY (S1-S5),NATIONAL POLICE CADET CORPS,UNIFORMED GROUPS,
JURONG SECONDARY SCHOOL,SECONDARY (S1-S5),RED CROSS YOUTH,UNIFORMED GROUPS,
JURONG SECONDARY SCHOOL,SECONDARY (S1-S5),ROBOTICS,CLUBS AND SOCIETIES,EXPLORERS CLUB
JURONG SECONDARY SCHOOL,SECONDARY (S1-S5),SCOUTS,UNIFORMED GROUPS,
JURONG SECONDARY SCHOOL,SECONDARY (S1-S5),SINGAPORE YOUTH FLYING CLUB,CLUBS AND SOCIETIES,
JURONG SECONDARY SCHOOL,SECONDARY (S1-S5),SP-CCA (WATER POLO),PHYSICAL SPORTS,
JURONG SECONDARY SCHOOL,SECONDARY (S1-S5),STUDENTS' COUNCIL,CLUBS AND SOCIETIES,
JURONG SECONDARY SCHOOL,SECONDARY (S1-S5),TRACK AND FIELD,PHYSICAL SPORTS,
JURONG SECONDARY SCHOOL,SECONDARY (S1-S5),VOLLEYBALL,PHYSICAL SPORTS,
JURONG WEST PRIMARY SCHOOL,PRIMARY,BADMINTON,PHYSICAL SPORTS,
JURONG WEST PRIMARY SCHOOL,PRIMARY,BASKETBALL,PHYSICAL SPORTS,
JURONG WEST PRIMARY SCHOOL,PRIMARY,BRASS BAND,VISUAL AND PERFORMING ARTS,BAND
JURONG WEST PRIMARY SCHOOL,PRIMARY,CHINESE DANCE,VISUAL AND PERFORMING ARTS,
JURONG WEST PRIMARY SCHOOL,PRIMARY,CHOIR,VISUAL AND PERFORMING ARTS,
JURONG WEST PRIMARY SCHOOL,PRIMARY,DIGITAL MEDIA,CLUBS AND SOCIETIES,Creative Media Club
JURONG WEST PRIMARY SCHOOL,PRIMARY,FOOTBALL,PHYSICAL SPORTS,
JURONG WEST PRIMARY SCHOOL,PRIMARY,HOCKEY,PHYSICAL SPORTS,
JURONG WEST PRIMARY SCHOOL,PRIMARY,MODERN DANCE,VISUAL AND PERFORMING ARTS,HIP HOP
JURONG WEST PRIMARY SCHOOL,PRIMARY,NETBALL,PHYSICAL SPORTS,
JURONG WEST PRIMARY SCHOOL,PRIMARY,PHYSICAL SCIENCE,CLUBS AND SOCIETIES,S.T.E.M. CLUB
JURONG WEST PRIMARY SCHOOL,PRIMARY,SCOUTS,UNIFORMED GROUPS,
JURONG WEST PRIMARY SCHOOL,PRIMARY,STUDENT LEADERSHIP (PREFECT),OTHERS,
JURONG WEST SECONDARY SCHOOL,SECONDARY (S1-S5),ART AND CRAFTS,CLUBS AND SOCIETIES,ART CLUB
JURONG WEST SECONDARY SCHOOL,SECONDARY (S1-S5),BADMINTON,PHYSICAL SPORTS,
JURONG WEST SECONDARY SCHOOL,SECONDARY (S1-S5),BASKETBALL,PHYSICAL SPORTS,
JURONG WEST SECONDARY SCHOOL,SECONDARY (S1-S5),BOYS' BRIGADE,UNIFORMED GROUPS,
JURONG WEST SECONDARY SCHOOL,SECONDARY (S1-S5),CHOIR,VISUAL AND PERFORMING ARTS,
JURONG WEST SECONDARY SCHOOL,SECONDARY (S1-S5),COMMUNITY SERVICE,CLUBS AND SOCIETIES,STUDENT COUNCIL
JURONG WEST SECONDARY SCHOOL,SECONDARY (S1-S5),COMMUNITY SERVICE (FIRST AID),CLUBS AND SOCIETIES,STUDENT AMBASSADORS
JURONG WEST SECONDARY SCHOOL,SECONDARY (S1-S5),CONCERT BAND,VISUAL AND PERFORMING ARTS,
JURONG WEST SECONDARY SCHOOL,SECONDARY (S1-S5),DESIGN,CLUBS AND SOCIETIES,CRAFT & TECH DEPARTMENT (ART / D&T / NFS)
JURONG WEST SECONDARY SCHOOL,SECONDARY (S1-S5),ENGLISH CULTURE AND LANGUAGE,CLUBS AND SOCIETIES,ENGLISH / LITERATURE DEPARTMENT
JURONG WEST SECONDARY SCHOOL,SECONDARY (S1-S5),"ENGLISH LANGUAGE, DRAMA AND DEBATING",CLUBS AND SOCIETIES,
JURONG WEST SECONDARY SCHOOL,SECONDARY (S1-S5),ENVIRONMENTAL SCIENCE,CLUBS AND SOCIETIES,STEM & SUSTAINABILITY CLUB
JURONG WEST SECONDARY SCHOOL,SECONDARY (S1-S5),FLOORBALL,PHYSICAL SPORTS,
JURONG WEST SECONDARY SCHOOL,SECONDARY (S1-S5),FOREIGN CULTURE AND LANGUAGE,CLUBS AND SOCIETIES,MOTHER TONGUE DEPARTMENT
JURONG WEST SECONDARY SCHOOL,SECONDARY (S1-S5),HISTORY,CLUBS AND SOCIETIES,HUMANITIES DEPARTMENT
JURONG WEST SECONDARY SCHOOL,SECONDARY (S1-S5),HOCKEY,PHYSICAL SPORTS,
JURONG WEST SECONDARY SCHOOL,SECONDARY (S1-S5),INFOCOMM TECHNOLOGY (COMPUTING),CLUBS AND SOCIETIES,INFORMATION TECHNOLOGY
JURONG WEST SECONDARY SCHOOL,SECONDARY (S1-S5),INFOCOMM TECHNOLOGY (MEDIA PRODUCTION),CLUBS AND SOCIETIES,INFOCOMM & MEDIA TECHNOLOGY CLUB
JURONG WEST SECONDARY SCHOOL,SECONDARY (S1-S5),MATHEMATICS,CLUBS AND SOCIETIES,MATHEMATICS DEPARTMENT
JURONG WEST SECONDARY SCHOOL,SECONDARY (S1-S5),MODERN DANCE,VISUAL AND PERFORMING ARTS,
JURONG WEST SECONDARY SCHOOL,SECONDARY (S1-S5),NATIONAL CADET CORPS (LAND),UNIFORMED GROUPS,
JURONG WEST SECONDARY SCHOOL,SECONDARY (S1-S5),NATIONAL POLICE CADET CORPS,UNIFORMED GROUPS,
JURONG WEST SECONDARY SCHOOL,SECONDARY (S1-S5),NETBALL,PHYSICAL SPORTS,
JURONG WEST SECONDARY SCHOOL,SECONDARY (S1-S5),RED CROSS YOUTH,UNIFORMED GROUPS,
JURONG WEST SECONDARY SCHOOL,SECONDARY (S1-S5),SPACE SCIENCE,CLUBS AND SOCIETIES,SCIENCE DEPARTMENT
JURONG WEST SECONDARY SCHOOL,SECONDARY (S1-S5),STUDENT LEADERSHIP (COUNCIL),OTHERS,
JURONG WEST SECONDARY SCHOOL,SECONDARY (S1-S5),VOLLEYBALL,PHYSICAL SPORTS,
JURONG WEST SECONDARY SCHOOL,SECONDARY (S1-S5),WATER POLO,PHYSICAL SPORTS,
JURONGVILLE SECONDARY SCHOOL,SECONDARY (S1-S5),ANGKLUNG/KULINTANG ENSEMBLE,VISUAL AND PERFORMING ARTS,
JURONGVILLE SECONDARY SCHOOL,SECONDARY (S1-S5),AUDIO VISUAL AID,CLUBS AND SOCIETIES,INFOMEDIA CLUB
JURONGVILLE SECONDARY SCHOOL,SECONDARY (S1-S5),BADMINTON,PHYSICAL SPORTS,
JURONGVILLE SECONDARY SCHOOL,SECONDARY (S1-S5),BASKETBALL,PHYSICAL SPORTS,
JURONGVILLE SECONDARY SCHOOL,SECONDARY (S1-S5),BOYS' BRIGADE,UNIFORMED GROUPS,
JURONGVILLE SECONDARY SCHOOL,SECONDARY (S1-S5),CHINESE ORCHESTRA,VISUAL AND PERFORMING ARTS,
JURONGVILLE SECONDARY SCHOOL,SECONDARY (S1-S5),CONCERT BAND,VISUAL AND PERFORMING ARTS,
JURONGVILLE SECONDARY SCHOOL,SECONDARY (S1-S5),ENGLISH DRAMA,VISUAL AND PERFORMING ARTS,
JURONGVILLE SECONDARY SCHOOL,SECONDARY (S1-S5),FOOTBALL,PHYSICAL SPORTS,
JURONGVILLE SECONDARY SCHOOL,SECONDARY (S1-S5),GIRL GUIDES,UNIFORMED GROUPS,
JURONGVILLE SECONDARY SCHOOL,SECONDARY (S1-S5),MODERN DANCE,VISUAL AND PERFORMING ARTS,
JURONGVILLE SECONDARY SCHOOL,SECONDARY (S1-S5),NATIONAL CADET CORPS (LAND),UNIFORMED GROUPS,
JURONGVILLE SECONDARY SCHOOL,SECONDARY (S1-S5),NATIONAL POLICE CADET CORPS,UNIFORMED GROUPS,
JURONGVILLE SECONDARY SCHOOL,SECONDARY (S1-S5),NETBALL,PHYSICAL SPORTS,
JURONGVILLE SECONDARY SCHOOL,SECONDARY (S1-S5),PERCUSSION ENSEMBLE,VISUAL AND PERFORMING ARTS,BATUCADA
JURONGVILLE SECONDARY SCHOOL,SECONDARY (S1-S5),SCOUTS,UNIFORMED GROUPS,
JURONGVILLE SECONDARY SCHOOL,SECONDARY (S1-S5),SEPAKTAKRAW,PHYSICAL SPORTS,
JURONGVILLE SECONDARY SCHOOL,SECONDARY (S1-S5),SP-CCA (ATHLETICS),PHYSICAL SPORTS,
JURONGVILLE SECONDARY SCHOOL,SECONDARY (S1-S5),STUDENT LEADERSHIP (COUNCIL),OTHERS,
JURONGVILLE SECONDARY SCHOOL,SECONDARY (S1-S5),STUDENT LEADERSHIP (PEER SUPPORT),OTHERS,
JURONGVILLE SECONDARY SCHOOL,SECONDARY (S1-S5),TAEKWONDO,PHYSICAL SPORTS,
JURONGVILLE SECONDARY SCHOOL,SECONDARY (S1-S5),TCHOUKBALL,PHYSICAL SPORTS,
JUYING SECONDARY SCHOOL,SECONDARY (S1-S5),ART AND CRAFTS,CLUBS AND SOCIETIES,
JUYING SECONDARY SCHOOL,SECONDARY (S1-S5),BADMINTON,PHYSICAL SPORTS,
JUYING SECONDARY SCHOOL,SECONDARY (S1-S5),BASKETBALL,PHYSICAL SPORTS,
JUYING SECONDARY SCHOOL,SECONDARY (S1-S5),CHOIR,VISUAL AND PERFORMING ARTS,
JUYING SECONDARY SCHOOL,SECONDARY (S1-S5),COMMUNITY SERVICE,CLUBS AND SOCIETIES,
JUYING SECONDARY SCHOOL,SECONDARY (S1-S5),CONCERT BAND,VISUAL AND PERFORMING ARTS,
JUYING SECONDARY SCHOOL,SECONDARY (S1-S5),CULTURAL DANCE,VISUAL AND PERFORMING ARTS,
JUYING SECONDARY SCHOOL,SECONDARY (S1-S5),INFOCOMM TECHNOLOGY (MEDIA PRODUCTION),CLUBS AND SOCIETIES,
JUYING SECONDARY SCHOOL,SECONDARY (S1-S5),MODERN DANCE,VISUAL AND PERFORMING ARTS,
JUYING SECONDARY SCHOOL,SECONDARY (S1-S5),NATIONAL CADET CORPS (SEA),UNIFORMED GROUPS,
JUYING SECONDARY SCHOOL,SECONDARY (S1-S5),NATIONAL CIVIL DEFENCE CADET CORPS,UNIFORMED GROUPS,
JUYING SECONDARY SCHOOL,SECONDARY (S1-S5),NETBALL,PHYSICAL SPORTS,
JUYING SECONDARY SCHOOL,SECONDARY (S1-S5),SOFTBALL,PHYSICAL SPORTS,
JUYING SECONDARY SCHOOL,SECONDARY (S1-S5),SPEECH AND DRAMA,CLUBS AND SOCIETIES,
JUYING SECONDARY SCHOOL,SECONDARY (S1-S5),STUDENT LEADERSHIP (COUNCIL),OTHERS,
JUYING SECONDARY SCHOOL,SECONDARY (S1-S5),STUDENTS' COUNCIL,CLUBS AND SOCIETIES,
KEMING PRIMARY SCHOOL,PRIMARY,ART AND CRAFTS,CLUBS AND SOCIETIES,
KEMING PRIMARY SCHOOL,PRIMARY,BADMINTON,PHYSICAL SPORTS,
KEMING PRIMARY SCHOOL,PRIMARY,CHINESE DANCE,VISUAL AND PERFORMING ARTS,
KEMING PRIMARY SCHOOL,PRIMARY,CHINESE ORCHESTRA,VISUAL AND PERFORMING ARTS,
KEMING PRIMARY SCHOOL,PRIMARY,CHOIR,VISUAL AND PERFORMING ARTS,
KEMING PRIMARY SCHOOL,PRIMARY,DESIGN AND INNOVATION,CLUBS AND SOCIETIES,DIGITAL DISCOVERY CLUB
KEMING PRIMARY SCHOOL,PRIMARY,ENVIRONMENTAL SCIENCE,CLUBS AND SOCIETIES,SENSE CLUB
KEMING PRIMARY SCHOOL,PRIMARY,FLOORBALL,PHYSICAL SPORTS,
KEMING PRIMARY SCHOOL,PRIMARY,FOOTBALL,PHYSICAL SPORTS,
KEMING PRIMARY SCHOOL,PRIMARY,GIRLS' BRIGADE,UNIFORMED GROUPS,
KEMING PRIMARY SCHOOL,PRIMARY,INTERNATIONAL CHESS,CLUBS AND SOCIETIES,
KEMING PRIMARY SCHOOL,PRIMARY,MODERN DANCE,VISUAL AND PERFORMING ARTS,INTERNATIONAL DANCE
KEMING PRIMARY SCHOOL,PRIMARY,SCOUTS,UNIFORMED GROUPS,
KEMING PRIMARY SCHOOL,PRIMARY,WUSHU,PHYSICAL SPORTS,
KENT RIDGE SECONDARY SCHOOL,SECONDARY (S1-S5),ART AND CRAFTS,CLUBS AND SOCIETIES,EARTH CLUB
KENT RIDGE SECONDARY SCHOOL,SECONDARY (S1-S5),BADMINTON,PHYSICAL SPORTS,
KENT RIDGE SECONDARY SCHOOL,SECONDARY (S1-S5),BASKETBALL,PHYSICAL SPORTS,
KENT RIDGE SECONDARY SCHOOL,SECONDARY (S1-S5),BOYS' BRIGADE,UNIFORMED GROUPS,
KENT RIDGE SECONDARY SCHOOL,SECONDARY (S1-S5),BROADCASTING,CLUBS AND SOCIETIES,IP - COMPUTING
KENT RIDGE SECONDARY SCHOOL,SECONDARY (S1-S5),CHOIR,VISUAL AND PERFORMING ARTS,
KENT RIDGE SECONDARY SCHOOL,SECONDARY (S1-S5),CONCERT BAND,VISUAL AND PERFORMING ARTS,
KENT RIDGE SECONDARY SCHOOL,SECONDARY (S1-S5),CROSS COUNTRY,PHYSICAL SPORTS,IP - PHYSICAL EDUCATION
KENT RIDGE SECONDARY SCHOOL,SECONDARY (S1-S5),DEBATING AND PUBLIC SPEAKING,CLUBS AND SOCIETIES,DEBATE SOCIETY
KENT RIDGE SECONDARY SCHOOL,SECONDARY (S1-S5),ENGLISH CULTURE AND LANGUAGE,CLUBS AND SOCIETIES,IP - ENGLISH
KENT RIDGE SECONDARY SCHOOL,SECONDARY (S1-S5),ENGLISH DRAMA,VISUAL AND PERFORMING ARTS,DRAMA CLUB
KENT RIDGE SECONDARY SCHOOL,SECONDARY (S1-S5),FLOORBALL,PHYSICAL SPORTS,
KENT RIDGE SECONDARY SCHOOL,SECONDARY (S1-S5),FOOTBALL,PHYSICAL SPORTS,
KENT RIDGE SECONDARY SCHOOL,SECONDARY (S1-S5),FRISBEE,PHYSICAL SPORTS,
KENT RIDGE SECONDARY SCHOOL,SECONDARY (S1-S5),GIRLS' BRIGADE,UNIFORMED GROUPS,
KENT RIDGE SECONDARY SCHOOL,SECONDARY (S1-S5),GOLF,PHYSICAL SPORTS,
KENT RIDGE SECONDARY SCHOOL,SECONDARY (S1-S5),HEALTH AND FITNESS,PHYSICAL SPORTS,
KENT RIDGE SECONDARY SCHOOL,SECONDARY (S1-S5),HISTORY,CLUBS AND SOCIETIES,IP - HUMANITIES
KENT RIDGE SECONDARY SCHOOL,SECONDARY (S1-S5),HOME ECONOMICS,CLUBS AND SOCIETIES,IP - NUTRITION FOOD SCIENCE (NFS)
KENT RIDGE SECONDARY SCHOOL,SECONDARY (S1-S5),INFOCOMM TECHNOLOGY (COMPUTING),CLUBS AND SOCIETIES,IP - ALP
KENT RIDGE SECONDARY SCHOOL,SECONDARY (S1-S5),INFOCOMM TECHNOLOGY (MEDIA PRODUCTION),CLUBS AND SOCIETIES,MEDIA CLUB
KENT RIDGE SECONDARY SCHOOL,SECONDARY (S1-S5),INTERNATIONAL CHESS,CLUBS AND SOCIETIES,
KENT RIDGE SECONDARY SCHOOL,SECONDARY (S1-S5),MALAY CULTURE AND LANGUAGE,CLUBS AND SOCIETIES,IP - MOTHER TONGUE LANGUAGE
KENT RIDGE SECONDARY SCHOOL,SECONDARY (S1-S5),MATHEMATICS,CLUBS AND SOCIETIES,IP - MATH/P.O.A
KENT RIDGE SECONDARY SCHOOL,SECONDARY (S1-S5),MODERN DANCE,VISUAL AND PERFORMING ARTS,DANCE CLUB
KENT RIDGE SECONDARY SCHOOL,SECONDARY (S1-S5),MODULAR CCA (VPA),VISUAL AND PERFORMING ARTS,
KENT RIDGE SECONDARY SCHOOL,SECONDARY (S1-S5),NATIONAL CADET CORPS (LAND),UNIFORMED GROUPS,NATIONAL CADET CORPS (LAND)
KENT RIDGE SECONDARY SCHOOL,SECONDARY (S1-S5),NATIONAL CIVIL DEFENCE CADET CORPS,UNIFORMED GROUPS,
KENT RIDGE SECONDARY SCHOOL,SECONDARY (S1-S5),NATIONAL POLICE CADET CORPS,UNIFORMED GROUPS,NATIONAL POLICE CADET CORPS
KENT RIDGE SECONDARY SCHOOL,SECONDARY (S1-S5),OUTDOOR ADVENTURE,PHYSICAL SPORTS,OUTDOOR ADVENTURE CLUB
KENT RIDGE SECONDARY SCHOOL,SECONDARY (S1-S5),PHYSICAL SCIENCE,CLUBS AND SOCIETIES,IP - SCIENCE
KENT RIDGE SECONDARY SCHOOL,SECONDARY (S1-S5),ROBOTICS,CLUBS AND SOCIETIES,INFOCOMM CLUB
KENT RIDGE SECONDARY SCHOOL,SECONDARY (S1-S5),ROCKWALL CLIMBING,PHYSICAL SPORTS,BOULDERING
KENT RIDGE SECONDARY SCHOOL,SECONDARY (S1-S5),SAILING,PHYSICAL SPORTS,
KENT RIDGE SECONDARY SCHOOL,SECONDARY (S1-S5),SILAT,PHYSICAL SPORTS,
KENT RIDGE SECONDARY SCHOOL,SECONDARY (S1-S5),SINGAPORE YOUTH FLYING CLUB,CLUBS AND SOCIETIES,
KENT RIDGE SECONDARY SCHOOL,SECONDARY (S1-S5),SOFTBALL,PHYSICAL SPORTS,WOODBALL
KENT RIDGE SECONDARY SCHOOL,SECONDARY (S1-S5),SP-CCA (ATHLETICS),PHYSICAL SPORTS,
KENT RIDGE SECONDARY SCHOOL,SECONDARY (S1-S5),SP-CCA (WATER POLO),PHYSICAL SPORTS,
KENT RIDGE SECONDARY SCHOOL,SECONDARY (S1-S5),SWIMMING,PHYSICAL SPORTS,
KENT RIDGE SECONDARY SCHOOL,SECONDARY (S1-S5),TABLE TENNIS,PHYSICAL SPORTS,
KENT RIDGE SECONDARY SCHOOL,SECONDARY (S1-S5),TAEKWONDO,PHYSICAL SPORTS,
KENT RIDGE SECONDARY SCHOOL,SECONDARY (S1-S5),TCHOUKBALL,PHYSICAL SPORTS,
KENT RIDGE SECONDARY SCHOOL,SECONDARY (S1-S5),TRACK AND FIELD,PHYSICAL SPORTS,
KENT RIDGE SECONDARY SCHOOL,SECONDARY (S1-S5),TRAMPOLINE,PHYSICAL SPORTS,
KENT RIDGE SECONDARY SCHOOL,SECONDARY (S1-S5),TRIATHLON,PHYSICAL SPORTS,
KENT RIDGE SECONDARY SCHOOL,SECONDARY (S1-S5),WATER POLO,PHYSICAL SPORTS,
KENT RIDGE SECONDARY SCHOOL,SECONDARY (S1-S5),WUSHU,PHYSICAL SPORTS,
KHENG CHENG SCHOOL,PRIMARY,ART AND CRAFTS,CLUBS AND SOCIETIES,
KHENG CHENG SCHOOL,PRIMARY,BASKETBALL,PHYSICAL SPORTS,
KHENG CHENG SCHOOL,PRIMARY,CHINESE ORCHESTRA,VISUAL AND PERFORMING ARTS,
KHENG CHENG SCHOOL,PRIMARY,CHOIR,VISUAL AND PERFORMING ARTS,
KHENG CHENG SCHOOL,PRIMARY,ENVIRONMENTAL SCIENCE,CLUBS AND SOCIETIES,
KHENG CHENG SCHOOL,PRIMARY,GIRLS' BRIGADE,UNIFORMED GROUPS,
KHENG CHENG SCHOOL,PRIMARY,INFOCOMM TECHNOLOGY (MEDIA PRODUCTION),CLUBS AND SOCIETIES,
KHENG CHENG SCHOOL,PRIMARY,INTERNATIONAL CHESS,CLUBS AND SOCIETIES,
KHENG CHENG SCHOOL,PRIMARY,MODERN DANCE,VISUAL AND PERFORMING ARTS,
KHENG CHENG SCHOOL,PRIMARY,MODULAR CCA (SPORTS),PHYSICAL SPORTS,
KHENG CHENG SCHOOL,PRIMARY,RED CROSS YOUTH,UNIFORMED GROUPS,
KHENG CHENG SCHOOL,PRIMARY,SCOUTS,UNIFORMED GROUPS,
KHENG CHENG SCHOOL,PRIMARY,TRACK AND FIELD,PHYSICAL SPORTS,
KONG HWA SCHOOL,PRIMARY,ART AND CRAFTS,CLUBS AND SOCIETIES,
KONG HWA SCHOOL,PRIMARY,BADMINTON,PHYSICAL SPORTS,
KONG HWA SCHOOL,PRIMARY,BASKETBALL,PHYSICAL SPORTS,
KONG HWA SCHOOL,PRIMARY,CHINESE CALLIGRAPHY AND BRUSH PAINTING,CLUBS AND SOCIETIES,
KONG HWA SCHOOL,PRIMARY,CHINESE CHESS,CLUBS AND SOCIETIES,
KONG HWA SCHOOL,PRIMARY,CHINESE DANCE,VISUAL AND PERFORMING ARTS,
KONG HWA SCHOOL,PRIMARY,CHINESE ORCHESTRA,VISUAL AND PERFORMING ARTS,
KONG HWA SCHOOL,PRIMARY,CHINESE WEIQI,CLUBS AND SOCIETIES,
KONG HWA SCHOOL,PRIMARY,CHOIR,VISUAL AND PERFORMING ARTS,
KONG HWA SCHOOL,PRIMARY,GIRL GUIDES (BROWNIES),UNIFORMED GROUPS,
KONG HWA SCHOOL,PRIMARY,GUZHENG ENSEMBLE,VISUAL AND PERFORMING ARTS,
KONG HWA SCHOOL,PRIMARY,INFOCOMM TECHNOLOGY (COMPUTING),CLUBS AND SOCIETIES,
KONG HWA SCHOOL,PRIMARY,INTERNATIONAL CHESS,CLUBS AND SOCIETIES,
KONG HWA SCHOOL,PRIMARY,NETBALL,PHYSICAL SPORTS,
KONG HWA SCHOOL,PRIMARY,SCOUTS,UNIFORMED GROUPS,
KONG HWA SCHOOL,PRIMARY,SINGAPORE NATIONAL YOUTH CHINESE ORCHESTRA,VISUAL AND PERFORMING ARTS,
KONG HWA SCHOOL,PRIMARY,TABLE TENNIS,PHYSICAL SPORTS,
KONG HWA SCHOOL,PRIMARY,TCHOUKBALL,PHYSICAL SPORTS,
KONG HWA SCHOOL,PRIMARY,WUSHU,PHYSICAL SPORTS,
KRANJI PRIMARY SCHOOL,PRIMARY,ART AND CRAFTS,CLUBS AND SOCIETIES,ART CLUB
KRANJI PRIMARY SCHOOL,PRIMARY,BASKETBALL,PHYSICAL SPORTS,
KRANJI PRIMARY SCHOOL,PRIMARY,FOOTBALL,PHYSICAL SPORTS,
KRANJI PRIMARY SCHOOL,PRIMARY,INFOCOMM TECHNOLOGY (COMPUTING),CLUBS AND SOCIETIES,
KRANJI PRIMARY SCHOOL,PRIMARY,MODERN DANCE,VISUAL AND PERFORMING ARTS,
KRANJI PRIMARY SCHOOL,PRIMARY,PERCUSSION ENSEMBLE,VISUAL AND PERFORMING ARTS,
KRANJI PRIMARY SCHOOL,PRIMARY,PHYSICAL SCIENCE,CLUBS AND SOCIETIES,ECO MAKERS CLUB
KRANJI PRIMARY SCHOOL,PRIMARY,SCOUTS,UNIFORMED GROUPS,
KRANJI SECONDARY SCHOOL,SECONDARY (S1-S5),ART AND CRAFTS,CLUBS AND SOCIETIES,
KRANJI SECONDARY SCHOOL,SECONDARY (S1-S5),BADMINTON,PHYSICAL SPORTS,
KRANJI SECONDARY SCHOOL,SECONDARY (S1-S5),BASKETBALL,PHYSICAL SPORTS,
KRANJI SECONDARY SCHOOL,SECONDARY (S1-S5),CHINESE DANCE,VISUAL AND PERFORMING ARTS,
KRANJI SECONDARY SCHOOL,SECONDARY (S1-S5),CHOIR,VISUAL AND PERFORMING ARTS,
KRANJI SECONDARY SCHOOL,SECONDARY (S1-S5),CONCERT BAND,VISUAL AND PERFORMING ARTS,
KRANJI SECONDARY SCHOOL,SECONDARY (S1-S5),"ENGLISH LANGUAGE, DRAMA AND DEBATING",CLUBS AND SOCIETIES,
KRANJI SECONDARY SCHOOL,SECONDARY (S1-S5),FLOORBALL,PHYSICAL SPORTS,
KRANJI SECONDARY SCHOOL,SECONDARY (S1-S5),FOOTBALL,PHYSICAL SPORTS,
KRANJI SECONDARY SCHOOL,SECONDARY (S1-S5),INFOCOMM TECHNOLOGY (MEDIA PRODUCTION),CLUBS AND SOCIETIES,
KRANJI SECONDARY SCHOOL,SECONDARY (S1-S5),INTERNATIONAL AND GLOBAL STUDIES,CLUBS AND SOCIETIES,
KRANJI SECONDARY SCHOOL,SECONDARY (S1-S5),MALAY CULTURE AND LANGUAGE,CLUBS AND SOCIETIES,
KRANJI SECONDARY SCHOOL,SECONDARY (S1-S5),MODERN DANCE,VISUAL AND PERFORMING ARTS,
KRANJI SECONDARY SCHOOL,SECONDARY (S1-S5),NATIONAL CADET CORPS (LAND),UNIFORMED GROUPS,
KRANJI SECONDARY SCHOOL,SECONDARY (S1-S5),NATIONAL POLICE CADET CORPS,UNIFORMED GROUPS,
KRANJI SECONDARY SCHOOL,SECONDARY (S1-S5),PHYSICAL SCIENCE,CLUBS AND SOCIETIES,
KRANJI SECONDARY SCHOOL,SECONDARY (S1-S5),ST JOHN BRIGADE,UNIFORMED GROUPS,
KRANJI SECONDARY SCHOOL,SECONDARY (S1-S5),TABLE TENNIS,PHYSICAL SPORTS,
KRANJI SECONDARY SCHOOL,SECONDARY (S1-S5),TRACK AND FIELD,PHYSICAL SPORTS,
KUO CHUAN PRESBYTERIAN PRIMARY SCHOOL,PRIMARY,ART AND CRAFTS,CLUBS AND SOCIETIES,
KUO CHUAN PRESBYTERIAN PRIMARY SCHOOL,PRIMARY,ARTISTIC GYMNASTICS,PHYSICAL SPORTS,
KUO CHUAN PRESBYTERIAN PRIMARY SCHOOL,PRIMARY,BADMINTON,PHYSICAL SPORTS,
KUO CHUAN PRESBYTERIAN PRIMARY SCHOOL,PRIMARY,BASKETBALL,PHYSICAL SPORTS,
KUO CHUAN PRESBYTERIAN PRIMARY SCHOOL,PRIMARY,BOWLING,PHYSICAL SPORTS,
KUO CHUAN PRESBYTERIAN PRIMARY SCHOOL,PRIMARY,BOYS' BRIGADE,UNIFORMED GROUPS,
KUO CHUAN PRESBYTERIAN PRIMARY SCHOOL,PRIMARY,CHINESE DANCE,VISUAL AND PERFORMING ARTS,
KUO CHUAN PRESBYTERIAN PRIMARY SCHOOL,PRIMARY,CHOIR,VISUAL AND PERFORMING ARTS,
KUO CHUAN PRESBYTERIAN PRIMARY SCHOOL,PRIMARY,CONCERT BAND,VISUAL AND PERFORMING ARTS,
KUO CHUAN PRESBYTERIAN PRIMARY SCHOOL,PRIMARY,DIGITAL MEDIA,CLUBS AND SOCIETIES,
KUO CHUAN PRESBYTERIAN PRIMARY SCHOOL,PRIMARY,ENGLISH DRAMA,VISUAL AND PERFORMING ARTS,
KUO CHUAN PRESBYTERIAN PRIMARY SCHOOL,PRIMARY,FOOTBALL,PHYSICAL SPORTS,
KUO CHUAN PRESBYTERIAN PRIMARY SCHOOL,PRIMARY,GIRLS' BRIGADE,UNIFORMED GROUPS,
KUO CHUAN PRESBYTERIAN PRIMARY SCHOOL,PRIMARY,GUITAR ENSEMBLE,VISUAL AND PERFORMING ARTS,
KUO CHUAN PRESBYTERIAN PRIMARY SCHOOL,PRIMARY,ROPE SKIPPING,PHYSICAL SPORTS,
KUO CHUAN PRESBYTERIAN PRIMARY SCHOOL,PRIMARY,STRATEGY GAMES,CLUBS AND SOCIETIES,
KUO CHUAN PRESBYTERIAN PRIMARY SCHOOL,PRIMARY,STUDENT LEADERSHIP (COUNCIL),OTHERS,
KUO CHUAN PRESBYTERIAN PRIMARY SCHOOL,PRIMARY,SWIMMING,PHYSICAL SPORTS,
KUO CHUAN PRESBYTERIAN PRIMARY SCHOOL,PRIMARY,TABLE TENNIS,PHYSICAL SPORTS,
KUO CHUAN PRESBYTERIAN PRIMARY SCHOOL,PRIMARY,TAEKWONDO,PHYSICAL SPORTS,
KUO CHUAN PRESBYTERIAN PRIMARY SCHOOL,PRIMARY,TRACK AND FIELD,PHYSICAL SPORTS,
KUO CHUAN PRESBYTERIAN PRIMARY SCHOOL,PRIMARY,WUSHU,PHYSICAL SPORTS,
KUO CHUAN PRESBYTERIAN SECONDARY SCHOOL,SECONDARY (S1-S5),ART AND CRAFTS,CLUBS AND SOCIETIES,
KUO CHUAN PRESBYTERIAN SECONDARY SCHOOL,SECONDARY (S1-S5),BADMINTON,PHYSICAL SPORTS,
KUO CHUAN PRESBYTERIAN SECONDARY SCHOOL,SECONDARY (S1-S5),BASKETBALL,PHYSICAL SPORTS,
KUO CHUAN PRESBYTERIAN SECONDARY SCHOOL,SECONDARY (S1-S5),BOYS' BRIGADE,UNIFORMED GROUPS,
KUO CHUAN PRESBYTERIAN SECONDARY SCHOOL,SECONDARY (S1-S5),CHINESE DANCE,VISUAL AND PERFORMING ARTS,DANCE
KUO CHUAN PRESBYTERIAN SECONDARY SCHOOL,SECONDARY (S1-S5),CHOIR,VISUAL AND PERFORMING ARTS,
KUO CHUAN PRESBYTERIAN SECONDARY SCHOOL,SECONDARY (S1-S5),CONCERT BAND,VISUAL AND PERFORMING ARTS,
KUO CHUAN PRESBYTERIAN SECONDARY SCHOOL,SECONDARY (S1-S5),ENGLISH DRAMA,VISUAL AND PERFORMING ARTS,
KUO CHUAN PRESBYTERIAN SECONDARY SCHOOL,SECONDARY (S1-S5),FOOTBALL,PHYSICAL SPORTS,
KUO CHUAN PRESBYTERIAN SECONDARY SCHOOL,SECONDARY (S1-S5),GIRL GUIDES,UNIFORMED GROUPS,
KUO CHUAN PRESBYTERIAN SECONDARY SCHOOL,SECONDARY (S1-S5),GIRLS' BRIGADE,UNIFORMED GROUPS,
KUO CHUAN PRESBYTERIAN SECONDARY SCHOOL,SECONDARY (S1-S5),GUZHENG ENSEMBLE,VISUAL AND PERFORMING ARTS,
KUO CHUAN PRESBYTERIAN SECONDARY SCHOOL,SECONDARY (S1-S5),INFOCOMM TECHNOLOGY (MEDIA PRODUCTION),CLUBS AND SOCIETIES,
KUO CHUAN PRESBYTERIAN SECONDARY SCHOOL,SECONDARY (S1-S5),NATIONAL CIVIL DEFENCE CADET CORPS,UNIFORMED GROUPS,
KUO CHUAN PRESBYTERIAN SECONDARY SCHOOL,SECONDARY (S1-S5),NATIONAL POLICE CADET CORPS,UNIFORMED GROUPS,
KUO CHUAN PRESBYTERIAN SECONDARY SCHOOL,SECONDARY (S1-S5),NETBALL,PHYSICAL SPORTS,
KUO CHUAN PRESBYTERIAN SECONDARY SCHOOL,SECONDARY (S1-S5),PHOTOGRAPHY,CLUBS AND SOCIETIES,
KUO CHUAN PRESBYTERIAN SECONDARY SCHOOL,SECONDARY (S1-S5),ROBOTICS,CLUBS AND SOCIETIES,
KUO CHUAN PRESBYTERIAN SECONDARY SCHOOL,SECONDARY (S1-S5),SHOOTING,PHYSICAL SPORTS,
KUO CHUAN PRESBYTERIAN SECONDARY SCHOOL,SECONDARY (S1-S5),SP-CCA (ATHLETICS),PHYSICAL SPORTS,
KUO CHUAN PRESBYTERIAN SECONDARY SCHOOL,SECONDARY (S1-S5),SP-CCA (CANOEING),PHYSICAL SPORTS,
KUO CHUAN PRESBYTERIAN SECONDARY SCHOOL,SECONDARY (S1-S5),SP-CCA (WATER POLO),PHYSICAL SPORTS,
KUO CHUAN PRESBYTERIAN SECONDARY SCHOOL,SECONDARY (S1-S5),TABLE TENNIS,PHYSICAL SPORTS,
LAKESIDE PRIMARY SCHOOL,PRIMARY,ART AND CRAFTS,CLUBS AND SOCIETIES,VISUAL ARTS CLUB
LAKESIDE PRIMARY SCHOOL,PRIMARY,CHOIR,VISUAL AND PERFORMING ARTS,
LAKESIDE PRIMARY SCHOOL,PRIMARY,COMMUNITY SERVICE,CLUBS AND SOCIETIES,COMMUNITY LEADERSHIP CLUB
LAKESIDE PRIMARY SCHOOL,PRIMARY,CONCERT BAND,VISUAL AND PERFORMING ARTS,
LAKESIDE PRIMARY SCHOOL,PRIMARY,ENVIRONMENTAL SCIENCE,CLUBS AND SOCIETIES,GREEN CLUB
LAKESIDE PRIMARY SCHOOL,PRIMARY,FOOTBALL,PHYSICAL SPORTS,
LAKESIDE PRIMARY SCHOOL,PRIMARY,GUZHENG ENSEMBLE,VISUAL AND PERFORMING ARTS,
LAKESIDE PRIMARY SCHOOL,PRIMARY,INFOCOMM TECHNOLOGY (MEDIA PRODUCTION),CLUBS AND SOCIETIES,INNOVATORS' CLUB
LAKESIDE PRIMARY SCHOOL,PRIMARY,MODERN DANCE,VISUAL AND PERFORMING ARTS,INTERNATIONAL DANCE
LAKESIDE PRIMARY SCHOOL,PRIMARY,NETBALL,PHYSICAL SPORTS,
LAKESIDE PRIMARY SCHOOL,PRIMARY,SCOUTS,UNIFORMED GROUPS,
LAKESIDE PRIMARY SCHOOL,PRIMARY,SPEECH AND DRAMA,CLUBS AND SOCIETIES,
LAKESIDE PRIMARY SCHOOL,PRIMARY,VOLLEYBALL,PHYSICAL SPORTS,
LAKESIDE PRIMARY SCHOOL,PRIMARY,WUSHU,PHYSICAL SPORTS,
LIANHUA PRIMARY SCHOOL,PRIMARY,ART AND CRAFTS,CLUBS AND SOCIETIES,
LIANHUA PRIMARY SCHOOL,PRIMARY,BASKETBALL,PHYSICAL SPORTS,
LIANHUA PRIMARY SCHOOL,PRIMARY,CHINESE DANCE,VISUAL AND PERFORMING ARTS,
LIANHUA PRIMARY SCHOOL,PRIMARY,DIGITAL MEDIA,CLUBS AND SOCIETIES,
LIANHUA PRIMARY SCHOOL,PRIMARY,FOOTBALL,PHYSICAL SPORTS,
LIANHUA PRIMARY SCHOOL,PRIMARY,GAMELAN ENSEMBLE,VISUAL AND PERFORMING ARTS,
LIANHUA PRIMARY SCHOOL,PRIMARY,HANDBELL ENSEMBLE,VISUAL AND PERFORMING ARTS,
LIANHUA PRIMARY SCHOOL,PRIMARY,INDIAN DANCE,VISUAL AND PERFORMING ARTS,
LIANHUA PRIMARY SCHOOL,PRIMARY,MALAY DANCE,VISUAL AND PERFORMING ARTS,
LIANHUA PRIMARY SCHOOL,PRIMARY,MODERN DANCE,VISUAL AND PERFORMING ARTS,
LIANHUA PRIMARY SCHOOL,PRIMARY,PERCUSSION ENSEMBLE,VISUAL AND PERFORMING ARTS,
LIANHUA PRIMARY SCHOOL,PRIMARY,PHYSICAL SCIENCE,CLUBS AND SOCIETIES,
LIANHUA PRIMARY SCHOOL,PRIMARY,ROBOTICS,CLUBS AND SOCIETIES,
LIANHUA PRIMARY SCHOOL,PRIMARY,SCOUTS,UNIFORMED GROUPS,
LIANHUA PRIMARY SCHOOL,PRIMARY,STUDENT LEADERSHIP (PREFECT),OTHERS,
LIANHUA PRIMARY SCHOOL,PRIMARY,VOLLEYBALL,PHYSICAL SPORTS,
LOYANG VIEW SECONDARY SCHOOL,SECONDARY (S1-S5),BASKETBALL,PHYSICAL SPORTS,
LOYANG VIEW SECONDARY SCHOOL,SECONDARY (S1-S5),BOWLING,PHYSICAL SPORTS,
LOYANG VIEW SECONDARY SCHOOL,SECONDARY (S1-S5),BOYS' BRIGADE,UNIFORMED GROUPS,
LOYANG VIEW SECONDARY SCHOOL,SECONDARY (S1-S5),COMMUNITY SERVICE,CLUBS AND SOCIETIES,
LOYANG VIEW SECONDARY SCHOOL,SECONDARY (S1-S5),CONCERT BAND,VISUAL AND PERFORMING ARTS,LVSB
LOYANG VIEW SECONDARY SCHOOL,SECONDARY (S1-S5),ENGLISH DRAMA,VISUAL AND PERFORMING ARTS,
LOYANG VIEW SECONDARY SCHOOL,SECONDARY (S1-S5),ENVIRONMENTAL SCIENCE,CLUBS AND SOCIETIES,Eco Club
LOYANG VIEW SECONDARY SCHOOL,SECONDARY (S1-S5),FENCING,PHYSICAL SPORTS,
LOYANG VIEW SECONDARY SCHOOL,SECONDARY (S1-S5),FLOORBALL,PHYSICAL SPORTS,
LOYANG VIEW SECONDARY SCHOOL,SECONDARY (S1-S5),GIRL GUIDES,UNIFORMED GROUPS,
LOYANG VIEW SECONDARY SCHOOL,SECONDARY (S1-S5),INFOCOMM TECHNOLOGY (MEDIA PRODUCTION),CLUBS AND SOCIETIES,
LOYANG VIEW SECONDARY SCHOOL,SECONDARY (S1-S5),MODERN DANCE,VISUAL AND PERFORMING ARTS,Danceversity
LOYANG VIEW SECONDARY SCHOOL,SECONDARY (S1-S5),NATIONAL CADET CORPS (LAND),UNIFORMED GROUPS,
LOYANG VIEW SECONDARY SCHOOL,SECONDARY (S1-S5),NATIONAL POLICE CADET CORPS,UNIFORMED GROUPS,
LOYANG VIEW SECONDARY SCHOOL,SECONDARY (S1-S5),NETBALL,PHYSICAL SPORTS,
LOYANG VIEW SECONDARY SCHOOL,SECONDARY (S1-S5),ROCKWALL CLIMBING,PHYSICAL SPORTS,
LOYANG VIEW SECONDARY SCHOOL,SECONDARY (S1-S5),SHOOTING,PHYSICAL SPORTS,
LOYANG VIEW SECONDARY SCHOOL,SECONDARY (S1-S5),TAEKWONDO,PHYSICAL SPORTS,
MAHA BODHI SCHOOL,PRIMARY,ART AND CRAFTS,CLUBS AND SOCIETIES,ART CLUB
MAHA BODHI SCHOOL,PRIMARY,AUDIO VISUAL AID,CLUBS AND SOCIETIES,VIDEOGRAPHY CLUB
MAHA BODHI SCHOOL,PRIMARY,BADMINTON,PHYSICAL SPORTS,
MAHA BODHI SCHOOL,PRIMARY,BASKETBALL,PHYSICAL SPORTS,
MAHA BODHI SCHOOL,PRIMARY,CHINESE CALLIGRAPHY AND BRUSH PAINTING,CLUBS AND SOCIETIES,CHINESE CALLIGRAPHY
MAHA BODHI SCHOOL,PRIMARY,CHINESE CHESS,CLUBS AND SOCIETIES,CHINESE CHESS
MAHA BODHI SCHOOL,PRIMARY,CHINESE CULTURE AND LANGUAGE,CLUBS AND SOCIETIES,CHINESE CULTURAL CLUB
MAHA BODHI SCHOOL,PRIMARY,CHINESE DANCE,VISUAL AND PERFORMING ARTS,
MAHA BODHI SCHOOL,PRIMARY,CHINESE ORCHESTRA,VISUAL AND PERFORMING ARTS,
MAHA BODHI SCHOOL,PRIMARY,CHOIR,VISUAL AND PERFORMING ARTS,
MAHA BODHI SCHOOL,PRIMARY,CONCERT BAND,VISUAL AND PERFORMING ARTS,BAND
MAHA BODHI SCHOOL,PRIMARY,DEBATING AND PUBLIC SPEAKING,CLUBS AND SOCIETIES,DEBATE CLUB
MAHA BODHI SCHOOL,PRIMARY,ENGLISH DRAMA,VISUAL AND PERFORMING ARTS,DRAMA CLUB
MAHA BODHI SCHOOL,PRIMARY,ENTREPRENEURSHIP,CLUBS AND SOCIETIES,INFOCOMM
MAHA BODHI SCHOOL,PRIMARY,GUZHENG ENSEMBLE,VISUAL AND PERFORMING ARTS,GUZHENG
MAHA BODHI SCHOOL,PRIMARY,HOME ECONOMICS,CLUBS AND SOCIETIES,HOMEC
MAHA BODHI SCHOOL,PRIMARY,MEDIA RESOURCE LIBRARY,CLUBS AND SOCIETIES,MRL LIBRARY CLUB
MAHA BODHI SCHOOL,PRIMARY,PHYSICAL SCIENCE,CLUBS AND SOCIETIES,ENVIRONMENT AND SCIENCE CLUB
MAHA BODHI SCHOOL,PRIMARY,ROBOTICS,CLUBS AND SOCIETIES,
MAHA BODHI SCHOOL,PRIMARY,SCOUTS,UNIFORMED GROUPS,
MAHA BODHI SCHOOL,PRIMARY,TCHOUKBALL,PHYSICAL SPORTS,
MAHA BODHI SCHOOL,PRIMARY,WUSHU,PHYSICAL SPORTS,WUSHU AND LION DANCE
MANJUSRI SECONDARY SCHOOL,SECONDARY (S1-S5),BADMINTON,PHYSICAL SPORTS,
MANJUSRI SECONDARY SCHOOL,SECONDARY (S1-S5),BASKETBALL,PHYSICAL SPORTS,
MANJUSRI SECONDARY SCHOOL,SECONDARY (S1-S5),CHINESE CALLIGRAPHY AND BRUSH PAINTING,CLUBS AND SOCIETIES,
MANJUSRI SECONDARY SCHOOL,SECONDARY (S1-S5),CHINESE DANCE,VISUAL AND PERFORMING ARTS,
MANJUSRI SECONDARY SCHOOL,SECONDARY (S1-S5),CHINESE ORCHESTRA,VISUAL AND PERFORMING ARTS,
MANJUSRI SECONDARY SCHOOL,SECONDARY (S1-S5),CHOIR,VISUAL AND PERFORMING ARTS,
MANJUSRI SECONDARY SCHOOL,SECONDARY (S1-S5),COMMUNITY SERVICE,CLUBS AND SOCIETIES,INTERACT CLUB
MANJUSRI SECONDARY SCHOOL,SECONDARY (S1-S5),CONCERT BAND,VISUAL AND PERFORMING ARTS,
MANJUSRI SECONDARY SCHOOL,SECONDARY (S1-S5),FOOTBALL,PHYSICAL SPORTS,
MANJUSRI SECONDARY SCHOOL,SECONDARY (S1-S5),GIRL GUIDES,UNIFORMED GROUPS,
MANJUSRI SECONDARY SCHOOL,SECONDARY (S1-S5),INFOCOMM TECHNOLOGY (MEDIA PRODUCTION),CLUBS AND SOCIETIES,MEDIA CLUB
MANJUSRI SECONDARY SCHOOL,SECONDARY (S1-S5),NATIONAL CADET CORPS (LAND),UNIFORMED GROUPS,
MANJUSRI SECONDARY SCHOOL,SECONDARY (S1-S5),NATIONAL POLICE CADET CORPS,UNIFORMED GROUPS,
MANJUSRI SECONDARY SCHOOL,SECONDARY (S1-S5),SCOUTS,UNIFORMED GROUPS,
MANJUSRI SECONDARY SCHOOL,SECONDARY (S1-S5),SP-CCA (ATHLETICS),PHYSICAL SPORTS,
MANJUSRI SECONDARY SCHOOL,SECONDARY (S1-S5),SP-CCA (CANOEING),PHYSICAL SPORTS,
MANJUSRI SECONDARY SCHOOL,SECONDARY (S1-S5),TABLE TENNIS,PHYSICAL SPORTS,
MANJUSRI SECONDARY SCHOOL,SECONDARY (S1-S5),WUSHU,PHYSICAL SPORTS,
MARIS STELLA HIGH SCHOOL,MIXED LEVEL (P1-S4),ARCHERY,PHYSICAL SPORTS,
MARIS STELLA HIGH SCHOOL,MIXED LEVEL (P1-S4),ART AND CRAFTS,CLUBS AND SOCIETIES,
MARIS STELLA HIGH SCHOOL,MIXED LEVEL (P1-S4),BADMINTON,PHYSICAL SPORTS,
MARIS STELLA HIGH SCHOOL,MIXED LEVEL (P1-S4),BASKETBALL,PHYSICAL SPORTS,
MARIS STELLA HIGH SCHOOL,MIXED LEVEL (P1-S4),BOWLING,PHYSICAL SPORTS,
MARIS STELLA HIGH SCHOOL,MIXED LEVEL (P1-S4),CHINESE CHESS,CLUBS AND SOCIETIES,
MARIS STELLA HIGH SCHOOL,MIXED LEVEL (P1-S4),"CHINESE LANGUAGE, DRAMA AND DEBATING",CLUBS AND SOCIETIES,CHINESE LITERARY SOCIETY
MARIS STELLA HIGH SCHOOL,MIXED LEVEL (P1-S4),CHINESE ORCHESTRA,VISUAL AND PERFORMING ARTS,
MARIS STELLA HIGH SCHOOL,MIXED LEVEL (P1-S4),CONCERT BAND,VISUAL AND PERFORMING ARTS,BRASS BAND
MARIS STELLA HIGH SCHOOL,MIXED LEVEL (P1-S4),CONCERT BAND,VISUAL AND PERFORMING ARTS,SYMPHONIC BAND
MARIS STELLA HIGH SCHOOL,MIXED LEVEL (P1-S4),ENGLISH CULTURE AND LANGUAGE,CLUBS AND SOCIETIES,ENGLISH LITERARY SOCIETY
MARIS STELLA HIGH SCHOOL,MIXED LEVEL (P1-S4),ENVIRONMENTAL SCIENCE,CLUBS AND SOCIETIES,
MARIS STELLA HIGH SCHOOL,MIXED LEVEL (P1-S4),INFOCOMM TECHNOLOGY (MEDIA PRODUCTION),CLUBS AND SOCIETIES,MARIST DIGITAL MEDIA CLUB
MARIS STELLA HIGH SCHOOL,MIXED LEVEL (P1-S4),INTERNATIONAL CHESS,CLUBS AND SOCIETIES,
MARIS STELLA HIGH SCHOOL,MIXED LEVEL (P1-S4),MATHEMATICS,CLUBS AND SOCIETIES,Mathematics Society
MARIS STELLA HIGH SCHOOL,MIXED LEVEL (P1-S4),NATIONAL CADET CORPS (SEA),UNIFORMED GROUPS,
MARIS STELLA HIGH SCHOOL,MIXED LEVEL (P1-S4),NATIONAL POLICE CADET CORPS,UNIFORMED GROUPS,
MARIS STELLA HIGH SCHOOL,MIXED LEVEL (P1-S4),OUTDOOR ADVENTURE,PHYSICAL SPORTS,OUTDOOR ACTIVITIES CLUB
MARIS STELLA HIGH SCHOOL,MIXED LEVEL (P1-S4),PHYSICAL SCIENCE,CLUBS AND SOCIETIES,SCIENCE CLUB
MARIS STELLA HIGH SCHOOL,MIXED LEVEL (P1-S4),ROBOTICS,CLUBS AND SOCIETIES,MARIST ROBOTICS & PROGRAMMING CLUB
MARIS STELLA HIGH SCHOOL,MIXED LEVEL (P1-S4),ROCKWALL CLIMBING,PHYSICAL SPORTS,
MARIS STELLA HIGH SCHOOL,MIXED LEVEL (P1-S4),SCOUTS,UNIFORMED GROUPS,
MARIS STELLA HIGH SCHOOL,MIXED LEVEL (P1-S4),SINGAPORE NATIONAL YOUTH CHINESE ORCHESTRA,VISUAL AND PERFORMING ARTS,
MARIS STELLA HIGH SCHOOL,MIXED LEVEL (P1-S4),SINGAPORE NATIONAL YOUTH ORCHESTRA,VISUAL AND PERFORMING ARTS,
MARIS STELLA HIGH SCHOOL,MIXED LEVEL (P1-S4),SINGAPORE YOUTH FLYING CLUB,CLUBS AND SOCIETIES,
MARIS STELLA HIGH SCHOOL,MIXED LEVEL (P1-S4),SOFTBALL,PHYSICAL SPORTS,
MARIS STELLA HIGH SCHOOL,MIXED LEVEL (P1-S4),SP-CCA (ATHLETICS),PHYSICAL SPORTS,
MARIS STELLA HIGH SCHOOL,MIXED LEVEL (P1-S4),SP-CCA (CANOEING),PHYSICAL SPORTS,
MARIS STELLA HIGH SCHOOL,MIXED LEVEL (P1-S4),SP-CCA (HOCKEY),PHYSICAL SPORTS,
MARIS STELLA HIGH SCHOOL,MIXED LEVEL (P1-S4),SP-CCA (WATER POLO),PHYSICAL SPORTS,
MARIS STELLA HIGH SCHOOL,MIXED LEVEL (P1-S4),SPEECH AND DRAMA,CLUBS AND SOCIETIES,BICULTURAL CLUB
MARIS STELLA HIGH SCHOOL,MIXED LEVEL (P1-S4),ST JOHN BRIGADE,UNIFORMED GROUPS,
MARIS STELLA HIGH SCHOOL,MIXED LEVEL (P1-S4),STRING ENSEMBLE,VISUAL AND PERFORMING ARTS,
MARIS STELLA HIGH SCHOOL,MIXED LEVEL (P1-S4),STUDENT LEADERSHIP (PREFECT),OTHERS,
MARIS STELLA HIGH SCHOOL,MIXED LEVEL (P1-S4),TABLE TENNIS,PHYSICAL SPORTS,
MARIS STELLA HIGH SCHOOL,MIXED LEVEL (P1-S4),TAEKWONDO,PHYSICAL SPORTS,
MARIS STELLA HIGH SCHOOL,MIXED LEVEL (P1-S4),TRACK AND FIELD,PHYSICAL SPORTS,
MARIS STELLA HIGH SCHOOL,MIXED LEVEL (P1-S4),WUSHU,PHYSICAL SPORTS,
MARSILING PRIMARY SCHOOL,PRIMARY,ART AND CRAFTS,CLUBS AND SOCIETIES,
MARSILING PRIMARY SCHOOL,PRIMARY,BADMINTON,PHYSICAL SPORTS,
MARSILING PRIMARY SCHOOL,PRIMARY,CHINESE DANCE,VISUAL AND PERFORMING ARTS,
MARSILING PRIMARY SCHOOL,PRIMARY,CHOIR,VISUAL AND PERFORMING ARTS,
MARSILING PRIMARY SCHOOL,PRIMARY,GIRL GUIDES (BROWNIES),UNIFORMED GROUPS,
MARSILING PRIMARY SCHOOL,PRIMARY,INFOCOMM TECHNOLOGY (MEDIA PRODUCTION),CLUBS AND SOCIETIES,
MARSILING PRIMARY SCHOOL,PRIMARY,MALAY DANCE,VISUAL AND PERFORMING ARTS,
MARSILING PRIMARY SCHOOL,PRIMARY,PERCUSSION ENSEMBLE,VISUAL AND PERFORMING ARTS,
MARSILING PRIMARY SCHOOL,PRIMARY,RUGBY,PHYSICAL SPORTS,
MARSILING PRIMARY SCHOOL,PRIMARY,SCOUTS,UNIFORMED GROUPS,
MARSILING PRIMARY SCHOOL,PRIMARY,SPEECH AND DRAMA,CLUBS AND SOCIETIES,
MARSILING PRIMARY SCHOOL,PRIMARY,TAEKWONDO,PHYSICAL SPORTS,
MARSILING PRIMARY SCHOOL,PRIMARY,TCHOUKBALL,PHYSICAL SPORTS,
MARSILING PRIMARY SCHOOL,PRIMARY,TRACK AND FIELD,PHYSICAL SPORTS,
MARSILING SECONDARY SCHOOL,SECONDARY (S1-S5),ART AND CRAFTS,CLUBS AND SOCIETIES,
MARSILING SECONDARY SCHOOL,SECONDARY (S1-S5),BADMINTON,PHYSICAL SPORTS,
MARSILING SECONDARY SCHOOL,SECONDARY (S1-S5),BOYS' BRIGADE,UNIFORMED GROUPS,
MARSILING SECONDARY SCHOOL,SECONDARY (S1-S5),CHINESE ORCHESTRA,VISUAL AND PERFORMING ARTS,
MARSILING SECONDARY SCHOOL,SECONDARY (S1-S5),CHOIR,VISUAL AND PERFORMING ARTS,
MARSILING SECONDARY SCHOOL,SECONDARY (S1-S5),COMMUNITY SERVICE,CLUBS AND SOCIETIES,
MARSILING SECONDARY SCHOOL,SECONDARY (S1-S5),CONCERT BAND,VISUAL AND PERFORMING ARTS,
MARSILING SECONDARY SCHOOL,SECONDARY (S1-S5),ENGLISH DRAMA,VISUAL AND PERFORMING ARTS,
MARSILING SECONDARY SCHOOL,SECONDARY (S1-S5),FLOORBALL,PHYSICAL SPORTS,
MARSILING SECONDARY SCHOOL,SECONDARY (S1-S5),INFOCOMM TECHNOLOGY (MEDIA PRODUCTION),CLUBS AND SOCIETIES,AVA/ INFOCOMM CLUB
MARSILING SECONDARY SCHOOL,SECONDARY (S1-S5),MALAY DANCE,VISUAL AND PERFORMING ARTS,
MARSILING SECONDARY SCHOOL,SECONDARY (S1-S5),MODERN DANCE,VISUAL AND PERFORMING ARTS,INTERNATIONAL DANCE
MARSILING SECONDARY SCHOOL,SECONDARY (S1-S5),MODULAR CCA (SPORTS),PHYSICAL SPORTS,SHINE
MARSILING SECONDARY SCHOOL,SECONDARY (S1-S5),NATIONAL CADET CORPS (SEA),UNIFORMED GROUPS,
MARSILING SECONDARY SCHOOL,SECONDARY (S1-S5),NATIONAL POLICE CADET CORPS,UNIFORMED GROUPS,
MARSILING SECONDARY SCHOOL,SECONDARY (S1-S5),RED CROSS YOUTH,UNIFORMED GROUPS,
MARSILING SECONDARY SCHOOL,SECONDARY (S1-S5),SEPAKTAKRAW,PHYSICAL SPORTS,
MARSILING SECONDARY SCHOOL,SECONDARY (S1-S5),SILAT,PHYSICAL SPORTS,
MARSILING SECONDARY SCHOOL,SECONDARY (S1-S5),STRATEGY GAMES,CLUBS AND SOCIETIES,SCRABBLE
MARYMOUNT CONVENT SCHOOL,PRIMARY,ART AND CRAFTS,CLUBS AND SOCIETIES,
MARYMOUNT CONVENT SCHOOL,PRIMARY,ARTISTIC GYMNASTICS,PHYSICAL SPORTS,
MARYMOUNT CONVENT SCHOOL,PRIMARY,BADMINTON,PHYSICAL SPORTS,
MARYMOUNT CONVENT SCHOOL,PRIMARY,CHOIR,VISUAL AND PERFORMING ARTS,
MARYMOUNT CONVENT SCHOOL,PRIMARY,DEBATING AND PUBLIC SPEAKING,CLUBS AND SOCIETIES,
MARYMOUNT CONVENT SCHOOL,PRIMARY,DESIGN AND INNOVATION,CLUBS AND SOCIETIES,
MARYMOUNT CONVENT SCHOOL,PRIMARY,GIRL GUIDES (BROWNIES),UNIFORMED GROUPS,
MARYMOUNT CONVENT SCHOOL,PRIMARY,GUITAR ENSEMBLE,VISUAL AND PERFORMING ARTS,
MARYMOUNT CONVENT SCHOOL,PRIMARY,MODERN DANCE,VISUAL AND PERFORMING ARTS,
MARYMOUNT CONVENT SCHOOL,PRIMARY,NETBALL,PHYSICAL SPORTS,
MARYMOUNT CONVENT SCHOOL,PRIMARY,PHYSICAL SCIENCE,CLUBS AND SOCIETIES,
MARYMOUNT CONVENT SCHOOL,PRIMARY,RHYTHMIC GYMNASTICS,PHYSICAL SPORTS,
MARYMOUNT CONVENT SCHOOL,PRIMARY,ROPE SKIPPING,PHYSICAL SPORTS,
MAYFLOWER PRIMARY SCHOOL,PRIMARY,ART AND CRAFTS,CLUBS AND SOCIETIES,
MAYFLOWER PRIMARY SCHOOL,PRIMARY,BOYS' BRIGADE,UNIFORMED GROUPS,
MAYFLOWER PRIMARY SCHOOL,PRIMARY,CHINESE DANCE,VISUAL AND PERFORMING ARTS,
MAYFLOWER PRIMARY SCHOOL,PRIMARY,CHOIR,VISUAL AND PERFORMING ARTS,
MAYFLOWER PRIMARY SCHOOL,PRIMARY,ENGLISH DRAMA,VISUAL AND PERFORMING ARTS,
MAYFLOWER PRIMARY SCHOOL,PRIMARY,ENVIRONMENTAL SCIENCE,CLUBS AND SOCIETIES,
MAYFLOWER PRIMARY SCHOOL,PRIMARY,GIRLS' BRIGADE,UNIFORMED GROUPS,
MAYFLOWER PRIMARY SCHOOL,PRIMARY,GUZHENG ENSEMBLE,VISUAL AND PERFORMING ARTS,
MAYFLOWER PRIMARY SCHOOL,PRIMARY,INDIAN DANCE,VISUAL AND PERFORMING ARTS,
MAYFLOWER PRIMARY SCHOOL,PRIMARY,INFOCOMM TECHNOLOGY (MEDIA PRODUCTION),CLUBS AND SOCIETIES,
MAYFLOWER PRIMARY SCHOOL,PRIMARY,MALAY DANCE,VISUAL AND PERFORMING ARTS,
MAYFLOWER PRIMARY SCHOOL,PRIMARY,NETBALL,PHYSICAL SPORTS,
MAYFLOWER PRIMARY SCHOOL,PRIMARY,SCOUTS,UNIFORMED GROUPS,
MAYFLOWER PRIMARY SCHOOL,PRIMARY,STRING ENSEMBLE,VISUAL AND PERFORMING ARTS,
MAYFLOWER PRIMARY SCHOOL,PRIMARY,STUDENT LEADERSHIP (PREFECT),OTHERS,
MAYFLOWER PRIMARY SCHOOL,PRIMARY,TAEKWONDO,PHYSICAL SPORTS,
MAYFLOWER PRIMARY SCHOOL,PRIMARY,TRACK AND FIELD,PHYSICAL SPORTS,
MAYFLOWER PRIMARY SCHOOL,PRIMARY,VOLLEYBALL,PHYSICAL SPORTS,
MAYFLOWER SECONDARY SCHOOL,SECONDARY (S1-S5),BASKETBALL,PHYSICAL SPORTS,
MAYFLOWER SECONDARY SCHOOL,SECONDARY (S1-S5),BOWLING,PHYSICAL SPORTS,
MAYFLOWER SECONDARY SCHOOL,SECONDARY (S1-S5),CHINESE DANCE,VISUAL AND PERFORMING ARTS,
MAYFLOWER SECONDARY SCHOOL,SECONDARY (S1-S5),CHINESE INSTRUMENTAL ENSEMBLE,VISUAL AND PERFORMING ARTS,CHINESE ENSEMBLE
MAYFLOWER SECONDARY SCHOOL,SECONDARY (S1-S5),CHOIR,VISUAL AND PERFORMING ARTS,
MAYFLOWER SECONDARY SCHOOL,SECONDARY (S1-S5),CONCERT BAND,VISUAL AND PERFORMING ARTS,
MAYFLOWER SECONDARY SCHOOL,SECONDARY (S1-S5),DIVING,PHYSICAL SPORTS,
MAYFLOWER SECONDARY SCHOOL,SECONDARY (S1-S5),ENGLISH DRAMA,VISUAL AND PERFORMING ARTS,DRAMA
MAYFLOWER SECONDARY SCHOOL,SECONDARY (S1-S5),ENTREPRENEURSHIP,CLUBS AND SOCIETIES,ENTERPRISE CLUB
MAYFLOWER SECONDARY SCHOOL,SECONDARY (S1-S5),FOOTBALL,PHYSICAL SPORTS,
MAYFLOWER SECONDARY SCHOOL,SECONDARY (S1-S5),INFOCOMM TECHNOLOGY (COMPUTING),CLUBS AND SOCIETIES,INFOCOMM CLUB
MAYFLOWER SECONDARY SCHOOL,SECONDARY (S1-S5),INFOCOMM TECHNOLOGY (MEDIA PRODUCTION),CLUBS AND SOCIETIES,LITERARY AND ORATORICAL CLUB
MAYFLOWER SECONDARY SCHOOL,SECONDARY (S1-S5),MODERN DANCE,VISUAL AND PERFORMING ARTS,
MAYFLOWER SECONDARY SCHOOL,SECONDARY (S1-S5),NATIONAL CADET CORPS (LAND),UNIFORMED GROUPS,
MAYFLOWER SECONDARY SCHOOL,SECONDARY (S1-S5),NATIONAL POLICE CADET CORPS,UNIFORMED GROUPS,
MAYFLOWER SECONDARY SCHOOL,SECONDARY (S1-S5),NETBALL,PHYSICAL SPORTS,
MAYFLOWER SECONDARY SCHOOL,SECONDARY (S1-S5),SCOUTS,UNIFORMED GROUPS,
MAYFLOWER SECONDARY SCHOOL,SECONDARY (S1-S5),SINGAPORE NATIONAL YOUTH ORCHESTRA,VISUAL AND PERFORMING ARTS,
MAYFLOWER SECONDARY SCHOOL,SECONDARY (S1-S5),SP-CCA (ATHLETICS),PHYSICAL SPORTS,
MAYFLOWER SECONDARY SCHOOL,SECONDARY (S1-S5),TABLE TENNIS,PHYSICAL SPORTS,
MAYFLOWER SECONDARY SCHOOL,SECONDARY (S1-S5),TAEKWONDO,PHYSICAL SPORTS,
MAYFLOWER SECONDARY SCHOOL,SECONDARY (S1-S5),WATER POLO,PHYSICAL SPORTS,
MEE TOH SCHOOL,PRIMARY,ART AND CRAFTS,CLUBS AND SOCIETIES,
MEE TOH SCHOOL,PRIMARY,BADMINTON,PHYSICAL SPORTS,
MEE TOH SCHOOL,PRIMARY,BASKETBALL,PHYSICAL SPORTS,
MEE TOH SCHOOL,PRIMARY,CHINESE CALLIGRAPHY AND BRUSH PAINTING,CLUBS AND SOCIETIES,CHINESE CALLIGRAPHY
MEE TOH SCHOOL,PRIMARY,CHINESE DANCE,VISUAL AND PERFORMING ARTS,
MEE TOH SCHOOL,PRIMARY,CHINESE ORCHESTRA,VISUAL AND PERFORMING ARTS,
MEE TOH SCHOOL,PRIMARY,CHOIR,VISUAL AND PERFORMING ARTS,
MEE TOH SCHOOL,PRIMARY,ENGLISH DRAMA,VISUAL AND PERFORMING ARTS,
MEE TOH SCHOOL,PRIMARY,ENVIRONMENTAL SCIENCE,CLUBS AND SOCIETIES,
MEE TOH SCHOOL,PRIMARY,FLOORBALL,PHYSICAL SPORTS,
MEE TOH SCHOOL,PRIMARY,INFOCOMM TECHNOLOGY (MEDIA PRODUCTION),CLUBS AND SOCIETIES,INFOCOMM CLUB
MEE TOH SCHOOL,PRIMARY,MALAY DANCE,VISUAL AND PERFORMING ARTS,
MEE TOH SCHOOL,PRIMARY,MEDIA RESOURCE LIBRARY,CLUBS AND SOCIETIES,LIBRARY
MEE TOH SCHOOL,PRIMARY,MODERN DANCE,VISUAL AND PERFORMING ARTS,
MEE TOH SCHOOL,PRIMARY,MODULAR CCA (SPORTS),PHYSICAL SPORTS,SPORTS CLUB
MEE TOH SCHOOL,PRIMARY,MODULAR CCA (VPA),VISUAL AND PERFORMING ARTS,DIABOLO
MEE TOH SCHOOL,PRIMARY,PHYSICAL SCIENCE,CLUBS AND SOCIETIES,NATURE LOVERS CLUB
MEE TOH SCHOOL,PRIMARY,ROBOTICS,CLUBS AND SOCIETIES,
MEE TOH SCHOOL,PRIMARY,SCOUTS,UNIFORMED GROUPS,ODYSSEY CUB SCOUTS
MEE TOH SCHOOL,PRIMARY,SPEECH AND DRAMA,CLUBS AND SOCIETIES,CHINESE SPEECH AND DRAMA
MEE TOH SCHOOL,PRIMARY,STUDENT INITIATED ACTIVITIES (CLUBS & SOCIETIES),OTHERS,STUDENT LEADERSHIP (ENVIRONMENT)
MEE TOH SCHOOL,PRIMARY,STUDENT INITIATED ACTIVITIES (PHYSICAL SPORTS AND OUTDOORS),OTHERS,STUDENT LEADERSHIP (HEALTH CHAMPIONS)
MEE TOH SCHOOL,PRIMARY,STUDENT LEADERSHIP (HOUSE),OTHERS,STUDENT LEADERSHIP (CYBERWELLNESS)
MEE TOH SCHOOL,PRIMARY,STUDENT LEADERSHIP (PEER SUPPORT),OTHERS,
MEE TOH SCHOOL,PRIMARY,STUDENT LEADERSHIP (PREFECT),OTHERS,
MEE TOH SCHOOL,PRIMARY,WUSHU,PHYSICAL SPORTS,
MERIDIAN PRIMARY SCHOOL,PRIMARY,ART AND CRAFTS,CLUBS AND SOCIETIES,
MERIDIAN PRIMARY SCHOOL,PRIMARY,CHINESE DANCE,VISUAL AND PERFORMING ARTS,CHINESE DANCE
MERIDIAN PRIMARY SCHOOL,PRIMARY,CHOIR,VISUAL AND PERFORMING ARTS,
MERIDIAN PRIMARY SCHOOL,PRIMARY,ENVIRONMENTAL SCIENCE,CLUBS AND SOCIETIES,
MERIDIAN PRIMARY SCHOOL,PRIMARY,FLOORBALL,PHYSICAL SPORTS,
MERIDIAN PRIMARY SCHOOL,PRIMARY,FOOTBALL,PHYSICAL SPORTS,SOCCER
MERIDIAN PRIMARY SCHOOL,PRIMARY,GUZHENG ENSEMBLE,VISUAL AND PERFORMING ARTS,
MERIDIAN PRIMARY SCHOOL,PRIMARY,INFOCOMM TECHNOLOGY (COMPUTING),CLUBS AND SOCIETIES,
MERIDIAN PRIMARY SCHOOL,PRIMARY,INFOCOMM TECHNOLOGY (MEDIA PRODUCTION),CLUBS AND SOCIETIES,
MERIDIAN PRIMARY SCHOOL,PRIMARY,MALAY DANCE,VISUAL AND PERFORMING ARTS,
MERIDIAN PRIMARY SCHOOL,PRIMARY,MODULAR CCA (SPORTS),PHYSICAL SPORTS,
MERIDIAN PRIMARY SCHOOL,PRIMARY,SCOUTS,UNIFORMED GROUPS,
MERIDIAN PRIMARY SCHOOL,PRIMARY,STUDENT LEADERSHIP (HOUSE),OTHERS,
MERIDIAN PRIMARY SCHOOL,PRIMARY,TAEKWONDO,PHYSICAL SPORTS,
MERIDIAN SECONDARY SCHOOL,SECONDARY (S1-S5),ANGKLUNG/KULINTANG ENSEMBLE,VISUAL AND PERFORMING ARTS,
MERIDIAN SECONDARY SCHOOL,SECONDARY (S1-S5),BADMINTON,PHYSICAL SPORTS,
MERIDIAN SECONDARY SCHOOL,SECONDARY (S1-S5),BASKETBALL,PHYSICAL SPORTS,
MERIDIAN SECONDARY SCHOOL,SECONDARY (S1-S5),BOWLING,PHYSICAL SPORTS,
MERIDIAN SECONDARY SCHOOL,SECONDARY (S1-S5),CHOIR,VISUAL AND PERFORMING ARTS,
MERIDIAN SECONDARY SCHOOL,SECONDARY (S1-S5),CONCERT BAND,VISUAL AND PERFORMING ARTS,
MERIDIAN SECONDARY SCHOOL,SECONDARY (S1-S5),DIVING,PHYSICAL SPORTS,INDOOR SKYDIVING
MERIDIAN SECONDARY SCHOOL,SECONDARY (S1-S5),ENGLISH DRAMA,VISUAL AND PERFORMING ARTS,
MERIDIAN SECONDARY SCHOOL,SECONDARY (S1-S5),FLOORBALL,PHYSICAL SPORTS,
MERIDIAN SECONDARY SCHOOL,SECONDARY (S1-S5),FOOTBALL,PHYSICAL SPORTS,
MERIDIAN SECONDARY SCHOOL,SECONDARY (S1-S5),INFOCOMM TECHNOLOGY (MEDIA PRODUCTION),CLUBS AND SOCIETIES,
MERIDIAN SECONDARY SCHOOL,SECONDARY (S1-S5),MODERN DANCE,VISUAL AND PERFORMING ARTS,
MERIDIAN SECONDARY SCHOOL,SECONDARY (S1-S5),MODULAR CCA (SPORTS),PHYSICAL SPORTS,
MERIDIAN SECONDARY SCHOOL,SECONDARY (S1-S5),NATIONAL CADET CORPS (LAND),UNIFORMED GROUPS,
MERIDIAN SECONDARY SCHOOL,SECONDARY (S1-S5),NATIONAL CIVIL DEFENCE CADET CORPS,UNIFORMED GROUPS,
MERIDIAN SECONDARY SCHOOL,SECONDARY (S1-S5),NETBALL,PHYSICAL SPORTS,
MERIDIAN SECONDARY SCHOOL,SECONDARY (S1-S5),RED CROSS YOUTH,UNIFORMED GROUPS,
MERIDIAN SECONDARY SCHOOL,SECONDARY (S1-S5),ROBOTICS,CLUBS AND SOCIETIES,
MERIDIAN SECONDARY SCHOOL,SECONDARY (S1-S5),SHOOTING,PHYSICAL SPORTS,AIR RIFLE WOMEN 
MERIDIAN SECONDARY SCHOOL,SECONDARY (S1-S5),SILAT,PHYSICAL SPORTS,
MERIDIAN SECONDARY SCHOOL,SECONDARY (S1-S5),SINGAPORE YOUTH FLYING CLUB,CLUBS AND SOCIETIES,
MERIDIAN SECONDARY SCHOOL,SECONDARY (S1-S5),SP-CCA (ATHLETICS),PHYSICAL SPORTS,
MERIDIAN SECONDARY SCHOOL,SECONDARY (S1-S5),SP-CCA (WATER POLO),PHYSICAL SPORTS,
MERIDIAN SECONDARY SCHOOL,SECONDARY (S1-S5),TAEKWONDO,PHYSICAL SPORTS,
METHODIST GIRLS' SCHOOL (PRIMARY),PRIMARY,ART AND CRAFTS,CLUBS AND SOCIETIES,
METHODIST GIRLS' SCHOOL (PRIMARY),PRIMARY,ARTISTIC GYMNASTICS,PHYSICAL SPORTS,
METHODIST GIRLS' SCHOOL (PRIMARY),PRIMARY,ARTISTIC SWIMMING,PHYSICAL SPORTS,
METHODIST GIRLS' SCHOOL (PRIMARY),PRIMARY,BOWLING,PHYSICAL SPORTS,
METHODIST GIRLS' SCHOOL (PRIMARY),PRIMARY,CHOIR,VISUAL AND PERFORMING ARTS,
METHODIST GIRLS' SCHOOL (PRIMARY),PRIMARY,FAITH-BASED CCA,CLUBS AND SOCIETIES,CHRISTIAN FELLOWSHIP
METHODIST GIRLS' SCHOOL (PRIMARY),PRIMARY,FLOORBALL,PHYSICAL SPORTS,
METHODIST GIRLS' SCHOOL (PRIMARY),PRIMARY,GIRL GUIDES (BROWNIES),UNIFORMED GROUPS,
METHODIST GIRLS' SCHOOL (PRIMARY),PRIMARY,GIRLS' BRIGADE,UNIFORMED GROUPS,
METHODIST GIRLS' SCHOOL (PRIMARY),PRIMARY,HANDBELL ENSEMBLE,VISUAL AND PERFORMING ARTS,
METHODIST GIRLS' SCHOOL (PRIMARY),PRIMARY,INFOCOMM TECHNOLOGY (COMPUTING),CLUBS AND SOCIETIES,
METHODIST GIRLS' SCHOOL (PRIMARY),PRIMARY,INFOCOMM TECHNOLOGY (MEDIA PRODUCTION),CLUBS AND SOCIETIES,
METHODIST GIRLS' SCHOOL (PRIMARY),PRIMARY,MODERN DANCE,VISUAL AND PERFORMING ARTS,INTERNATIONAL DANCE
METHODIST GIRLS' SCHOOL (PRIMARY),PRIMARY,NETBALL,PHYSICAL SPORTS,
METHODIST GIRLS' SCHOOL (PRIMARY),PRIMARY,POP AND JAZZ,VISUAL AND PERFORMING ARTS,
METHODIST GIRLS' SCHOOL (PRIMARY),PRIMARY,RHYTHMIC GYMNASTICS,PHYSICAL SPORTS,
METHODIST GIRLS' SCHOOL (PRIMARY),PRIMARY,SOFTBALL,PHYSICAL SPORTS,
METHODIST GIRLS' SCHOOL (PRIMARY),PRIMARY,STRING ENSEMBLE,VISUAL AND PERFORMING ARTS,
METHODIST GIRLS' SCHOOL (PRIMARY),PRIMARY,SWIMMING,PHYSICAL SPORTS,
METHODIST GIRLS' SCHOOL (PRIMARY),PRIMARY,TENNIS,PHYSICAL SPORTS,
METHODIST GIRLS' SCHOOL (SECONDARY),SECONDARY (S1-S4),AIKIDO,PHYSICAL SPORTS,
METHODIST GIRLS' SCHOOL (SECONDARY),SECONDARY (S1-S4),ART AND CRAFTS,CLUBS AND SOCIETIES,
METHODIST GIRLS' SCHOOL (SECONDARY),SECONDARY (S1-S4),ARTISTIC GYMNASTICS,PHYSICAL SPORTS,
METHODIST GIRLS' SCHOOL (SECONDARY),SECONDARY (S1-S4),ARTISTIC SWIMMING,PHYSICAL SPORTS,
METHODIST GIRLS' SCHOOL (SECONDARY),SECONDARY (S1-S4),BOWLING,PHYSICAL SPORTS,
METHODIST GIRLS' SCHOOL (SECONDARY),SECONDARY (S1-S4),CANOEING,PHYSICAL SPORTS,
METHODIST GIRLS' SCHOOL (SECONDARY),SECONDARY (S1-S4),"CHINESE LANGUAGE, DRAMA AND DEBATING",CLUBS AND SOCIETIES,
METHODIST GIRLS' SCHOOL (SECONDARY),SECONDARY (S1-S4),CHOIR,VISUAL AND PERFORMING ARTS,
METHODIST GIRLS' SCHOOL (SECONDARY),SECONDARY (S1-S4),CRICKET,PHYSICAL SPORTS,SPORTS RECREATIONAL CLUB
METHODIST GIRLS' SCHOOL (SECONDARY),SECONDARY (S1-S4),CROSS COUNTRY,PHYSICAL SPORTS,
METHODIST GIRLS' SCHOOL (SECONDARY),SECONDARY (S1-S4),DEBATING AND PUBLIC SPEAKING,CLUBS AND SOCIETIES,SOPHIA SOCIETY
METHODIST GIRLS' SCHOOL (SECONDARY),SECONDARY (S1-S4),DIVING,PHYSICAL SPORTS,
METHODIST GIRLS' SCHOOL (SECONDARY),SECONDARY (S1-S4),ENGLISH DRAMA,VISUAL AND PERFORMING ARTS,
METHODIST GIRLS' SCHOOL (SECONDARY),SECONDARY (S1-S4),EQUESTRIAN,PHYSICAL SPORTS,
METHODIST GIRLS' SCHOOL (SECONDARY),SECONDARY (S1-S4),FAITH-BASED CCA,CLUBS AND SOCIETIES,
METHODIST GIRLS' SCHOOL (SECONDARY),SECONDARY (S1-S4),FENCING,PHYSICAL SPORTS,
METHODIST GIRLS' SCHOOL (SECONDARY),SECONDARY (S1-S4),FOOTBALL,PHYSICAL SPORTS,
METHODIST GIRLS' SCHOOL (SECONDARY),SECONDARY (S1-S4),GIRL GUIDES,UNIFORMED GROUPS,
METHODIST GIRLS' SCHOOL (SECONDARY),SECONDARY (S1-S4),GIRLS' BRIGADE,UNIFORMED GROUPS,
METHODIST GIRLS' SCHOOL (SECONDARY),SECONDARY (S1-S4),GUITAR ENSEMBLE,VISUAL AND PERFORMING ARTS,
METHODIST GIRLS' SCHOOL (SECONDARY),SECONDARY (S1-S4),HANDBELL ENSEMBLE,VISUAL AND PERFORMING ARTS,
METHODIST GIRLS' SCHOOL (SECONDARY),SECONDARY (S1-S4),HISTORY,CLUBS AND SOCIETIES,
METHODIST GIRLS' SCHOOL (SECONDARY),SECONDARY (S1-S4),HOME ECONOMICS,CLUBS AND SOCIETIES,
METHODIST GIRLS' SCHOOL (SECONDARY),SECONDARY (S1-S4),ICE SKATING,PHYSICAL SPORTS,
METHODIST GIRLS' SCHOOL (SECONDARY),SECONDARY (S1-S4),INDIAN CULTURE AND LANGUAGE,CLUBS AND SOCIETIES,
METHODIST GIRLS' SCHOOL (SECONDARY),SECONDARY (S1-S4),INFOCOMM TECHNOLOGY (MEDIA PRODUCTION),CLUBS AND SOCIETIES,INFOCOMM
METHODIST GIRLS' SCHOOL (SECONDARY),SECONDARY (S1-S4),INTERNATIONAL CHESS,CLUBS AND SOCIETIES,
METHODIST GIRLS' SCHOOL (SECONDARY),SECONDARY (S1-S4),MATHEMATICS,CLUBS AND SOCIETIES,
METHODIST GIRLS' SCHOOL (SECONDARY),SECONDARY (S1-S4),MEDIA RESOURCE LIBRARY,CLUBS AND SOCIETIES,
METHODIST GIRLS' SCHOOL (SECONDARY),SECONDARY (S1-S4),MODERN DANCE,VISUAL AND PERFORMING ARTS,DANCE CLUB
METHODIST GIRLS' SCHOOL (SECONDARY),SECONDARY (S1-S4),MODULAR CCA (C&S),CLUBS AND SOCIETIES,
METHODIST GIRLS' SCHOOL (SECONDARY),SECONDARY (S1-S4),MODULAR CCA (SPORTS),PHYSICAL SPORTS,HOUSE
METHODIST GIRLS' SCHOOL (SECONDARY),SECONDARY (S1-S4),NATIONAL CADET CORPS (AIR),UNIFORMED GROUPS,
METHODIST GIRLS' SCHOOL (SECONDARY),SECONDARY (S1-S4),NETBALL,PHYSICAL SPORTS,
METHODIST GIRLS' SCHOOL (SECONDARY),SECONDARY (S1-S4),PHYSICAL SCIENCE,CLUBS AND SOCIETIES,
METHODIST GIRLS' SCHOOL (SECONDARY),SECONDARY (S1-S4),RHYTHMIC GYMNASTICS,PHYSICAL SPORTS,
METHODIST GIRLS' SCHOOL (SECONDARY),SECONDARY (S1-S4),ROCKWALL CLIMBING,PHYSICAL SPORTS,
METHODIST GIRLS' SCHOOL (SECONDARY),SECONDARY (S1-S4),SINGAPORE NATIONAL YOUTH CHINESE ORCHESTRA,VISUAL AND PERFORMING ARTS,
METHODIST GIRLS' SCHOOL (SECONDARY),SECONDARY (S1-S4),SINGAPORE NATIONAL YOUTH ORCHESTRA,VISUAL AND PERFORMING ARTS,
METHODIST GIRLS' SCHOOL (SECONDARY),SECONDARY (S1-S4),SINGAPORE YOUTH FLYING CLUB,CLUBS AND SOCIETIES,
METHODIST GIRLS' SCHOOL (SECONDARY),SECONDARY (S1-S4),SOFTBALL,PHYSICAL SPORTS,
METHODIST GIRLS' SCHOOL (SECONDARY),SECONDARY (S1-S4),SP-CCA (WATER POLO),PHYSICAL SPORTS,
METHODIST GIRLS' SCHOOL (SECONDARY),SECONDARY (S1-S4),SQUASH,PHYSICAL SPORTS,
METHODIST GIRLS' SCHOOL (SECONDARY),SECONDARY (S1-S4),STRATEGY GAMES,CLUBS AND SOCIETIES,
METHODIST GIRLS' SCHOOL (SECONDARY),SECONDARY (S1-S4),STRING ENSEMBLE,VISUAL AND PERFORMING ARTS,
METHODIST GIRLS' SCHOOL (SECONDARY),SECONDARY (S1-S4),STUDENT LEADERSHIP (HOUSE),OTHERS,
METHODIST GIRLS' SCHOOL (SECONDARY),SECONDARY (S1-S4),STUDENT LEADERSHIP (PEER SUPPORT),OTHERS,
METHODIST GIRLS' SCHOOL (SECONDARY),SECONDARY (S1-S4),STUDENT LEADERSHIP (PREFECT),OTHERS,
METHODIST GIRLS' SCHOOL (SECONDARY),SECONDARY (S1-S4),SWIMMING,PHYSICAL SPORTS,
METHODIST GIRLS' SCHOOL (SECONDARY),SECONDARY (S1-S4),TAEKWONDO,PHYSICAL SPORTS,
METHODIST GIRLS' SCHOOL (SECONDARY),SECONDARY (S1-S4),TENNIS,PHYSICAL SPORTS,
METHODIST GIRLS' SCHOOL (SECONDARY),SECONDARY (S1-S4),TRACK AND FIELD,PHYSICAL SPORTS,
METHODIST GIRLS' SCHOOL (SECONDARY),SECONDARY (S1-S4),WATER POLO,PHYSICAL SPORTS,
MILLENNIA INSTITUTE,CENTRALISED INSTITUTE,ANGKLUNG/KULINTANG ENSEMBLE,VISUAL AND PERFORMING ARTS,THE MUSIC ENSEMBLE
MILLENNIA INSTITUTE,CENTRALISED INSTITUTE,ART AND CRAFTS,CLUBS AND SOCIETIES,
MILLENNIA INSTITUTE,CENTRALISED INSTITUTE,BADMINTON,PHYSICAL SPORTS,
MILLENNIA INSTITUTE,CENTRALISED INSTITUTE,BASKETBALL,PHYSICAL SPORTS,
MILLENNIA INSTITUTE,CENTRALISED INSTITUTE,BOWLING,PHYSICAL SPORTS,
MILLENNIA INSTITUTE,CENTRALISED INSTITUTE,BOYS' BRIGADE,UNIFORMED GROUPS,
MILLENNIA INSTITUTE,CENTRALISED INSTITUTE,BRASS BAND,VISUAL AND PERFORMING ARTS,
MILLENNIA INSTITUTE,CENTRALISED INSTITUTE,CHINESE WEIQI,CLUBS AND SOCIETIES,
MILLENNIA INSTITUTE,CENTRALISED INSTITUTE,COMMUNITY SERVICE,CLUBS AND SOCIETIES,SERVICE LEARNING CLUB
MILLENNIA INSTITUTE,CENTRALISED INSTITUTE,CONCERT BAND,VISUAL AND PERFORMING ARTS,BAND
MILLENNIA INSTITUTE,CENTRALISED INSTITUTE,CRICKET,PHYSICAL SPORTS,
MILLENNIA INSTITUTE,CENTRALISED INSTITUTE,CROSS COUNTRY,PHYSICAL SPORTS,
MILLENNIA INSTITUTE,CENTRALISED INSTITUTE,DIGITAL MEDIA,CLUBS AND SOCIETIES,NEW MEDIA CLUB
MILLENNIA INSTITUTE,CENTRALISED INSTITUTE,"ENGLISH LANGUAGE, DRAMA AND DEBATING",CLUBS AND SOCIETIES,ENGLISH LANGUAGE & DRAMA CLUB
MILLENNIA INSTITUTE,CENTRALISED INSTITUTE,ENTREPRENEURSHIP,CLUBS AND SOCIETIES,
MILLENNIA INSTITUTE,CENTRALISED INSTITUTE,FLOORBALL,PHYSICAL SPORTS,
MILLENNIA INSTITUTE,CENTRALISED INSTITUTE,FOOTBALL,PHYSICAL SPORTS,
MILLENNIA INSTITUTE,CENTRALISED INSTITUTE,GIRLS' BRIGADE,UNIFORMED GROUPS,
MILLENNIA INSTITUTE,CENTRALISED INSTITUTE,HOCKEY,PHYSICAL SPORTS,
MILLENNIA INSTITUTE,CENTRALISED INSTITUTE,INTERNATIONAL AND GLOBAL STUDIES,CLUBS AND SOCIETIES,YOUTH DIPLOMATS SOCIETY
MILLENNIA INSTITUTE,CENTRALISED INSTITUTE,MODERN DANCE,VISUAL AND PERFORMING ARTS,DANCE
MILLENNIA INSTITUTE,CENTRALISED INSTITUTE,MODULAR CCA (VPA),VISUAL AND PERFORMING ARTS,
MILLENNIA INSTITUTE,CENTRALISED INSTITUTE,NATIONAL CADET CORPS (LAND),UNIFORMED GROUPS,
MILLENNIA INSTITUTE,CENTRALISED INSTITUTE,NATIONAL CADET CORPS (SEA),UNIFORMED GROUPS,
MILLENNIA INSTITUTE,CENTRALISED INSTITUTE,NATIONAL CIVIL DEFENCE CADET CORPS,UNIFORMED GROUPS,
MILLENNIA INSTITUTE,CENTRALISED INSTITUTE,NATIONAL POLICE CADET CORPS,UNIFORMED GROUPS,
MILLENNIA INSTITUTE,CENTRALISED INSTITUTE,NETBALL,PHYSICAL SPORTS,
MILLENNIA INSTITUTE,CENTRALISED INSTITUTE,SCOUTS,UNIFORMED GROUPS,
MILLENNIA INSTITUTE,CENTRALISED INSTITUTE,SINGAPORE NATIONAL YOUTH CHINESE ORCHESTRA,VISUAL AND PERFORMING ARTS,
MILLENNIA INSTITUTE,CENTRALISED INSTITUTE,ST JOHN BRIGADE,UNIFORMED GROUPS,
MILLENNIA INSTITUTE,CENTRALISED INSTITUTE,STUDENT LEADERSHIP (COUNCIL),OTHERS,
MILLENNIA INSTITUTE,CENTRALISED INSTITUTE,TCHOUKBALL,PHYSICAL SPORTS,
MILLENNIA INSTITUTE,CENTRALISED INSTITUTE,TENNIS,PHYSICAL SPORTS,
MILLENNIA INSTITUTE,CENTRALISED INSTITUTE,WUSHU,PHYSICAL SPORTS,
MONTFORT JUNIOR SCHOOL,PRIMARY,ART AND CRAFTS,CLUBS AND SOCIETIES,
MONTFORT JUNIOR SCHOOL,PRIMARY,BADMINTON,PHYSICAL SPORTS,
MONTFORT JUNIOR SCHOOL,PRIMARY,FOOTBALL,PHYSICAL SPORTS,
MONTFORT JUNIOR SCHOOL,PRIMARY,GUITAR ENSEMBLE,VISUAL AND PERFORMING ARTS,
MONTFORT JUNIOR SCHOOL,PRIMARY,INFOCOMM TECHNOLOGY (COMPUTING),CLUBS AND SOCIETIES,
MONTFORT JUNIOR SCHOOL,PRIMARY,MODERN DANCE,VISUAL AND PERFORMING ARTS,
MONTFORT JUNIOR SCHOOL,PRIMARY,ROBOTICS,CLUBS AND SOCIETIES,
MONTFORT JUNIOR SCHOOL,PRIMARY,SCOUTS,UNIFORMED GROUPS,
MONTFORT JUNIOR SCHOOL,PRIMARY,TABLE TENNIS,PHYSICAL SPORTS,
MONTFORT JUNIOR SCHOOL,PRIMARY,WUSHU,PHYSICAL SPORTS,
MONTFORT SECONDARY SCHOOL,SECONDARY (S1-S5),ARCHERY,PHYSICAL SPORTS,
MONTFORT SECONDARY SCHOOL,SECONDARY (S1-S5),AUDIO VISUAL AID,CLUBS AND SOCIETIES,AV CLUB
MONTFORT SECONDARY SCHOOL,SECONDARY (S1-S5),BADMINTON,PHYSICAL SPORTS,
MONTFORT SECONDARY SCHOOL,SECONDARY (S1-S5),BASKETBALL,PHYSICAL SPORTS,
MONTFORT SECONDARY SCHOOL,SECONDARY (S1-S5),BOWLING,PHYSICAL SPORTS,
MONTFORT SECONDARY SCHOOL,SECONDARY (S1-S5),CANOEING,PHYSICAL SPORTS,
MONTFORT SECONDARY SCHOOL,SECONDARY (S1-S5),CHOIR,VISUAL AND PERFORMING ARTS,
MONTFORT SECONDARY SCHOOL,SECONDARY (S1-S5),CONCERT BAND,VISUAL AND PERFORMING ARTS,
MONTFORT SECONDARY SCHOOL,SECONDARY (S1-S5),DESIGN AND INNOVATION,CLUBS AND SOCIETIES,MAKER CLUB
MONTFORT SECONDARY SCHOOL,SECONDARY (S1-S5),"ENGLISH LANGUAGE, DRAMA AND DEBATING",CLUBS AND SOCIETIES,
MONTFORT SECONDARY SCHOOL,SECONDARY (S1-S5),FAITH-BASED CCA,CLUBS AND SOCIETIES,CATHOLIC SOCIETY
MONTFORT SECONDARY SCHOOL,SECONDARY (S1-S5),FENCING,PHYSICAL SPORTS,
MONTFORT SECONDARY SCHOOL,SECONDARY (S1-S5),FOOTBALL,PHYSICAL SPORTS,
MONTFORT SECONDARY SCHOOL,SECONDARY (S1-S5),GOLF,PHYSICAL SPORTS,
MONTFORT SECONDARY SCHOOL,SECONDARY (S1-S5),INFOCOMM TECHNOLOGY (COMPUTING),CLUBS AND SOCIETIES,INFO COMM (MM)
MONTFORT SECONDARY SCHOOL,SECONDARY (S1-S5),INFOCOMM TECHNOLOGY (MEDIA PRODUCTION),CLUBS AND SOCIETIES,INFO COMM CLUB
MONTFORT SECONDARY SCHOOL,SECONDARY (S1-S5),KARATE,PHYSICAL SPORTS,
MONTFORT SECONDARY SCHOOL,SECONDARY (S1-S5),NATIONAL CADET CORPS (LAND),UNIFORMED GROUPS,
MONTFORT SECONDARY SCHOOL,SECONDARY (S1-S5),NATIONAL CIVIL DEFENCE CADET CORPS,UNIFORMED GROUPS,
MONTFORT SECONDARY SCHOOL,SECONDARY (S1-S5),NATIONAL POLICE CADET CORPS,UNIFORMED GROUPS,
MONTFORT SECONDARY SCHOOL,SECONDARY (S1-S5),RUGBY,PHYSICAL SPORTS,
MONTFORT SECONDARY SCHOOL,SECONDARY (S1-S5),SCOUTS,UNIFORMED GROUPS,
MONTFORT SECONDARY SCHOOL,SECONDARY (S1-S5),SILAT,PHYSICAL SPORTS,
MONTFORT SECONDARY SCHOOL,SECONDARY (S1-S5),SINGAPORE YOUTH FLYING CLUB,CLUBS AND SOCIETIES,
MONTFORT SECONDARY SCHOOL,SECONDARY (S1-S5),SOFTBALL,PHYSICAL SPORTS,
MONTFORT SECONDARY SCHOOL,SECONDARY (S1-S5),SP-CCA (ATHLETICS),PHYSICAL SPORTS,
MONTFORT SECONDARY SCHOOL,SECONDARY (S1-S5),SP-CCA (HOCKEY),PHYSICAL SPORTS,
MONTFORT SECONDARY SCHOOL,SECONDARY (S1-S5),SP-CCA (WATER POLO),PHYSICAL SPORTS,
MONTFORT SECONDARY SCHOOL,SECONDARY (S1-S5),STUDENTS' COUNCIL,CLUBS AND SOCIETIES,
MONTFORT SECONDARY SCHOOL,SECONDARY (S1-S5),SWIMMING,PHYSICAL SPORTS,
MONTFORT SECONDARY SCHOOL,SECONDARY (S1-S5),TAEKWONDO,PHYSICAL SPORTS,
MONTFORT SECONDARY SCHOOL,SECONDARY (S1-S5),TCHOUKBALL,PHYSICAL SPORTS,
MONTFORT SECONDARY SCHOOL,SECONDARY (S1-S5),TRACK AND FIELD,PHYSICAL SPORTS,
MONTFORT SECONDARY SCHOOL,SECONDARY (S1-S5),WRESTLING,PHYSICAL SPORTS,WEIGHTLIFTING
MONTFORT SECONDARY SCHOOL,SECONDARY (S1-S5),WUSHU,PHYSICAL SPORTS,
NAN CHIAU HIGH SCHOOL,SECONDARY (S1-S5),ART AND CRAFTS,CLUBS AND SOCIETIES,VISUAL ARTS CLUB
NAN CHIAU HIGH SCHOOL,SECONDARY (S1-S5),AUDIO VISUAL AID,CLUBS AND SOCIETIES,MULTI-MEDIA CLUB
NAN CHIAU HIGH SCHOOL,SECONDARY (S1-S5),BADMINTON,PHYSICAL SPORTS,
NAN CHIAU HIGH SCHOOL,SECONDARY (S1-S5),BASKETBALL,PHYSICAL SPORTS,
NAN CHIAU HIGH SCHOOL,SECONDARY (S1-S5),CHINESE CALLIGRAPHY AND BRUSH PAINTING,CLUBS AND SOCIETIES,
NAN CHIAU HIGH SCHOOL,SECONDARY (S1-S5),CHINESE DANCE,VISUAL AND PERFORMING ARTS,
NAN CHIAU HIGH SCHOOL,SECONDARY (S1-S5),CHINESE DRAMA,VISUAL AND PERFORMING ARTS,
NAN CHIAU HIGH SCHOOL,SECONDARY (S1-S5),CHINESE ORCHESTRA,VISUAL AND PERFORMING ARTS,
NAN CHIAU HIGH SCHOOL,SECONDARY (S1-S5),CHOIR,VISUAL AND PERFORMING ARTS,
NAN CHIAU HIGH SCHOOL,SECONDARY (S1-S5),CONCERT BAND,VISUAL AND PERFORMING ARTS,WIND ORCHESTRA
NAN CHIAU HIGH SCHOOL,SECONDARY (S1-S5),DEBATING AND PUBLIC SPEAKING,CLUBS AND SOCIETIES,DEBATE CLUB
NAN CHIAU HIGH SCHOOL,SECONDARY (S1-S5),DESIGN AND INNOVATION,CLUBS AND SOCIETIES,CODE BUILDERS CLUB
NAN CHIAU HIGH SCHOOL,SECONDARY (S1-S5),ENGLISH DRAMA,VISUAL AND PERFORMING ARTS,
NAN CHIAU HIGH SCHOOL,SECONDARY (S1-S5),ENVIRONMENTAL SCIENCE,CLUBS AND SOCIETIES,GREEN CLUB
NAN CHIAU HIGH SCHOOL,SECONDARY (S1-S5),INFOCOMM TECHNOLOGY (COMPUTING),CLUBS AND SOCIETIES,CODE BUILDERS CLUB(I)
NAN CHIAU HIGH SCHOOL,SECONDARY (S1-S5),MEDIA RESOURCE LIBRARY,CLUBS AND SOCIETIES,LIBRARY
NAN CHIAU HIGH SCHOOL,SECONDARY (S1-S5),MODERN DANCE,VISUAL AND PERFORMING ARTS,CONTEMPORARY DANCE
NAN CHIAU HIGH SCHOOL,SECONDARY (S1-S5),NATIONAL CADET CORPS (LAND),UNIFORMED GROUPS,
NAN CHIAU HIGH SCHOOL,SECONDARY (S1-S5),NATIONAL POLICE CADET CORPS,UNIFORMED GROUPS,
NAN CHIAU HIGH SCHOOL,SECONDARY (S1-S5),RED CROSS YOUTH,UNIFORMED GROUPS,
NAN CHIAU HIGH SCHOOL,SECONDARY (S1-S5),ROBOTICS,CLUBS AND SOCIETIES,CODE BUILDERS CLUB(R)
NAN CHIAU HIGH SCHOOL,SECONDARY (S1-S5),SCOUTS,UNIFORMED GROUPS,
NAN CHIAU HIGH SCHOOL,SECONDARY (S1-S5),SINGAPORE NATIONAL YOUTH CHINESE ORCHESTRA,VISUAL AND PERFORMING ARTS,
NAN CHIAU HIGH SCHOOL,SECONDARY (S1-S5),SINGAPORE YOUTH FLYING CLUB,CLUBS AND SOCIETIES,
NAN CHIAU HIGH SCHOOL,SECONDARY (S1-S5),STRING ENSEMBLE,VISUAL AND PERFORMING ARTS,
NAN CHIAU HIGH SCHOOL,SECONDARY (S1-S5),STUDENT LEADERSHIP (COUNCIL),OTHERS,
NAN CHIAU HIGH SCHOOL,SECONDARY (S1-S5),STUDENT LEADERSHIP (HOUSE),OTHERS,
NAN CHIAU HIGH SCHOOL,SECONDARY (S1-S5),TABLE TENNIS,PHYSICAL SPORTS,
NAN CHIAU HIGH SCHOOL,SECONDARY (S1-S5),TRACK AND FIELD,PHYSICAL SPORTS,
NAN CHIAU HIGH SCHOOL,SECONDARY (S1-S5),WUSHU,PHYSICAL SPORTS,
NAN CHIAU PRIMARY SCHOOL,PRIMARY,ART AND CRAFTS,CLUBS AND SOCIETIES,
NAN CHIAU PRIMARY SCHOOL,PRIMARY,BADMINTON,PHYSICAL SPORTS,
NAN CHIAU PRIMARY SCHOOL,PRIMARY,BASKETBALL,PHYSICAL SPORTS,
NAN CHIAU PRIMARY SCHOOL,PRIMARY,CHOIR,VISUAL AND PERFORMING ARTS,
NAN CHIAU PRIMARY SCHOOL,PRIMARY,ENGLISH CULTURE AND LANGUAGE,CLUBS AND SOCIETIES,LANGUAGE CULTURAL ARTS & COMMUNICATION CLUB
NAN CHIAU PRIMARY SCHOOL,PRIMARY,ENVIRONMENTAL SCIENCE,CLUBS AND SOCIETIES,ENVIRONMENTAL CLUB
NAN CHIAU PRIMARY SCHOOL,PRIMARY,FOOTBALL,PHYSICAL SPORTS,
NAN CHIAU PRIMARY SCHOOL,PRIMARY,GIRL GUIDES (BROWNIES),UNIFORMED GROUPS,
NAN CHIAU PRIMARY SCHOOL,PRIMARY,GUZHENG ENSEMBLE,VISUAL AND PERFORMING ARTS,
NAN CHIAU PRIMARY SCHOOL,PRIMARY,INFOCOMM TECHNOLOGY (MEDIA PRODUCTION),CLUBS AND SOCIETIES,INFOCOMM & MEDIA
NAN CHIAU PRIMARY SCHOOL,PRIMARY,MODERN DANCE,VISUAL AND PERFORMING ARTS,
NAN CHIAU PRIMARY SCHOOL,PRIMARY,MODULAR CCA (SPORTS),PHYSICAL SPORTS,SPORTS CLUB
NAN CHIAU PRIMARY SCHOOL,PRIMARY,NETBALL,PHYSICAL SPORTS,
NAN CHIAU PRIMARY SCHOOL,PRIMARY,PERCUSSION ENSEMBLE,VISUAL AND PERFORMING ARTS,FESTIVE DRUMMING
NAN CHIAU PRIMARY SCHOOL,PRIMARY,ROBOTICS,CLUBS AND SOCIETIES,
NAN CHIAU PRIMARY SCHOOL,PRIMARY,SCOUTS,UNIFORMED GROUPS,
NAN CHIAU PRIMARY SCHOOL,PRIMARY,STRATEGY GAMES,CLUBS AND SOCIETIES,
NAN CHIAU PRIMARY SCHOOL,PRIMARY,STUDENT LEADERSHIP (PEER SUPPORT),OTHERS,
NAN CHIAU PRIMARY SCHOOL,PRIMARY,STUDENT LEADERSHIP (PREFECT),OTHERS,
NAN CHIAU PRIMARY SCHOOL,PRIMARY,TABLE TENNIS,PHYSICAL SPORTS,
NAN CHIAU PRIMARY SCHOOL,PRIMARY,TRACK AND FIELD,PHYSICAL SPORTS,
NAN CHIAU PRIMARY SCHOOL,PRIMARY,WUSHU,PHYSICAL SPORTS,
NAN HUA HIGH SCHOOL,SECONDARY (S1-S5),ART AND CRAFTS,CLUBS AND SOCIETIES,ART & DESIGN CLUB
NAN HUA HIGH SCHOOL,SECONDARY (S1-S5),BADMINTON,PHYSICAL SPORTS,
NAN HUA HIGH SCHOOL,SECONDARY (S1-S5),BASKETBALL,PHYSICAL SPORTS,
NAN HUA HIGH SCHOOL,SECONDARY (S1-S5),BOYS' BRIGADE,UNIFORMED GROUPS,
NAN HUA HIGH SCHOOL,SECONDARY (S1-S5),CHINESE CALLIGRAPHY AND BRUSH PAINTING,CLUBS AND SOCIETIES,CALLIGRAPHY CLUB
NAN HUA HIGH SCHOOL,SECONDARY (S1-S5),CHINESE DRAMA,VISUAL AND PERFORMING ARTS,CHINESE DRAMA SOCIETY
NAN HUA HIGH SCHOOL,SECONDARY (S1-S5),CHINESE ORCHESTRA,VISUAL AND PERFORMING ARTS,
NAN HUA HIGH SCHOOL,SECONDARY (S1-S5),CHOIR,VISUAL AND PERFORMING ARTS,
NAN HUA HIGH SCHOOL,SECONDARY (S1-S5),COMMUNITY SERVICE,CLUBS AND SOCIETIES,SERVICE LEARNING CLUB
NAN HUA HIGH SCHOOL,SECONDARY (S1-S5),CONCERT BAND,VISUAL AND PERFORMING ARTS,SYMPHONIC BAND
NAN HUA HIGH SCHOOL,SECONDARY (S1-S5),CROSS COUNTRY,PHYSICAL SPORTS,ATHLETICS
NAN HUA HIGH SCHOOL,SECONDARY (S1-S5),DESIGN AND INNOVATION,CLUBS AND SOCIETIES,ROBOTICS CLUB
NAN HUA HIGH SCHOOL,SECONDARY (S1-S5),ENGLISH DRAMA,VISUAL AND PERFORMING ARTS,ENGLISH DRAMA & DEBATING CLUB
NAN HUA HIGH SCHOOL,SECONDARY (S1-S5),FOOTBALL,PHYSICAL SPORTS,
NAN HUA HIGH SCHOOL,SECONDARY (S1-S5),GIRL GUIDES,UNIFORMED GROUPS,
NAN HUA HIGH SCHOOL,SECONDARY (S1-S5),GUZHENG ENSEMBLE,VISUAL AND PERFORMING ARTS,
NAN HUA HIGH SCHOOL,SECONDARY (S1-S5),HARP ENSEMBLE,VISUAL AND PERFORMING ARTS,
NAN HUA HIGH SCHOOL,SECONDARY (S1-S5),INFOCOMM TECHNOLOGY (COMPUTING),CLUBS AND SOCIETIES,INFOCOMM CLUB
NAN HUA HIGH SCHOOL,SECONDARY (S1-S5),MODERN DANCE,VISUAL AND PERFORMING ARTS,DANCE SOCIETY
NAN HUA HIGH SCHOOL,SECONDARY (S1-S5),NATIONAL CADET CORPS (LAND),UNIFORMED GROUPS,
NAN HUA HIGH SCHOOL,SECONDARY (S1-S5),NATIONAL POLICE CADET CORPS,UNIFORMED GROUPS,
NAN HUA HIGH SCHOOL,SECONDARY (S1-S5),NETBALL,PHYSICAL SPORTS,NETBALL (GIRLS)
NAN HUA HIGH SCHOOL,SECONDARY (S1-S5),PIPE BAND,VISUAL AND PERFORMING ARTS,BB PIPES & DRUMS BAND
NAN HUA HIGH SCHOOL,SECONDARY (S1-S5),SINGAPORE NATIONAL YOUTH CHINESE ORCHESTRA,VISUAL AND PERFORMING ARTS,
NAN HUA HIGH SCHOOL,SECONDARY (S1-S5),SINGAPORE NATIONAL YOUTH ORCHESTRA,VISUAL AND PERFORMING ARTS,
NAN HUA HIGH SCHOOL,SECONDARY (S1-S5),SOFTBALL,PHYSICAL SPORTS,SOFTBALL (GIRLS)
NAN HUA HIGH SCHOOL,SECONDARY (S1-S5),SP-CCA (ATHLETICS),PHYSICAL SPORTS,
NAN HUA HIGH SCHOOL,SECONDARY (S1-S5),SP-CCA (WATER POLO),PHYSICAL SPORTS,
NAN HUA HIGH SCHOOL,SECONDARY (S1-S5),ST JOHN BRIGADE,UNIFORMED GROUPS,
NAN HUA HIGH SCHOOL,SECONDARY (S1-S5),TABLE TENNIS,PHYSICAL SPORTS,
NAN HUA HIGH SCHOOL,SECONDARY (S1-S5),TAEKWONDO,PHYSICAL SPORTS,
NAN HUA PRIMARY SCHOOL,PRIMARY,ART AND CRAFTS,CLUBS AND SOCIETIES,
NAN HUA PRIMARY SCHOOL,PRIMARY,BADMINTON,PHYSICAL SPORTS,
NAN HUA PRIMARY SCHOOL,PRIMARY,CHINESE DANCE,VISUAL AND PERFORMING ARTS,
NAN HUA PRIMARY SCHOOL,PRIMARY,CHINESE WEIQI,CLUBS AND SOCIETIES,
NAN HUA PRIMARY SCHOOL,PRIMARY,CHOIR,VISUAL AND PERFORMING ARTS,
NAN HUA PRIMARY SCHOOL,PRIMARY,FOOTBALL,PHYSICAL SPORTS,
NAN HUA PRIMARY SCHOOL,PRIMARY,GIRL GUIDES (BROWNIES),UNIFORMED GROUPS,
NAN HUA PRIMARY SCHOOL,PRIMARY,GUZHENG ENSEMBLE,VISUAL AND PERFORMING ARTS,
NAN HUA PRIMARY SCHOOL,PRIMARY,INFOCOMM TECHNOLOGY (COMPUTING),CLUBS AND SOCIETIES,
NAN HUA PRIMARY SCHOOL,PRIMARY,INTERNATIONAL CHESS,CLUBS AND SOCIETIES,
NAN HUA PRIMARY SCHOOL,PRIMARY,JOURNALISM,CLUBS AND SOCIETIES,JOURNALISM & BROADCASTING
NAN HUA PRIMARY SCHOOL,PRIMARY,PERCUSSION ENSEMBLE,VISUAL AND PERFORMING ARTS,
NAN HUA PRIMARY SCHOOL,PRIMARY,PHYSICAL SCIENCE,CLUBS AND SOCIETIES,
NAN HUA PRIMARY SCHOOL,PRIMARY,ROBOTICS,CLUBS AND SOCIETIES,
NAN HUA PRIMARY SCHOOL,PRIMARY,SCOUTS,UNIFORMED GROUPS,
NAN HUA PRIMARY SCHOOL,PRIMARY,SPEECH AND DRAMA,CLUBS AND SOCIETIES,
NAN HUA PRIMARY SCHOOL,PRIMARY,TABLE TENNIS,PHYSICAL SPORTS,
NAN HUA PRIMARY SCHOOL,PRIMARY,TRACK AND FIELD,PHYSICAL SPORTS,
NAN HUA PRIMARY SCHOOL,PRIMARY,VOLLEYBALL,PHYSICAL SPORTS,
NAN HUA PRIMARY SCHOOL,PRIMARY,WUSHU,PHYSICAL SPORTS,
NANYANG GIRLS' HIGH SCHOOL,SECONDARY (S1-S4),ARTISTIC GYMNASTICS,PHYSICAL SPORTS,ARTISTIC GYMNASTICS / TRAMPOLINE
NANYANG GIRLS' HIGH SCHOOL,SECONDARY (S1-S4),AUDIO VISUAL AID,CLUBS AND SOCIETIES,AUDIO VISUAL CLUB
NANYANG GIRLS' HIGH SCHOOL,SECONDARY (S1-S4),BADMINTON,PHYSICAL SPORTS,BADMINTON
NANYANG GIRLS' HIGH SCHOOL,SECONDARY (S1-S4),BASKETBALL,PHYSICAL SPORTS,
NANYANG GIRLS' HIGH SCHOOL,SECONDARY (S1-S4),CHINESE CULTURE AND LANGUAGE,CLUBS AND SOCIETIES,CHINESE CALLIGRAPHY
NANYANG GIRLS' HIGH SCHOOL,SECONDARY (S1-S4),CHINESE DANCE,VISUAL AND PERFORMING ARTS,
NANYANG GIRLS' HIGH SCHOOL,SECONDARY (S1-S4),CHINESE ORCHESTRA,VISUAL AND PERFORMING ARTS,
NANYANG GIRLS' HIGH SCHOOL,SECONDARY (S1-S4),CHOIR,VISUAL AND PERFORMING ARTS,
NANYANG GIRLS' HIGH SCHOOL,SECONDARY (S1-S4),CONCERT BAND,VISUAL AND PERFORMING ARTS,
NANYANG GIRLS' HIGH SCHOOL,SECONDARY (S1-S4),DEBATING AND PUBLIC SPEAKING,CLUBS AND SOCIETIES,NANYANG DEBATE CLUB
NANYANG GIRLS' HIGH SCHOOL,SECONDARY (S1-S4),ENVIRONMENTAL SCIENCE,CLUBS AND SOCIETIES,NATURE SOCIETY
NANYANG GIRLS' HIGH SCHOOL,SECONDARY (S1-S4),GIRL GUIDES,UNIFORMED GROUPS,
NANYANG GIRLS' HIGH SCHOOL,SECONDARY (S1-S4),GUZHENG ENSEMBLE,VISUAL AND PERFORMING ARTS,
NANYANG GIRLS' HIGH SCHOOL,SECONDARY (S1-S4),INFOCOMM TECHNOLOGY (COMPUTING),CLUBS AND SOCIETIES,INFOCOMM CLUB
NANYANG GIRLS' HIGH SCHOOL,SECONDARY (S1-S4),JUDO,PHYSICAL SPORTS,
NANYANG GIRLS' HIGH SCHOOL,SECONDARY (S1-S4),LION AND DRAGON DANCE,CLUBS AND SOCIETIES,LION DANCE TROUPE / DRUM ENSEMBLE
NANYANG GIRLS' HIGH SCHOOL,SECONDARY (S1-S4),MODERN DANCE,VISUAL AND PERFORMING ARTS,
NANYANG GIRLS' HIGH SCHOOL,SECONDARY (S1-S4),MODULAR CCA (SPORTS),PHYSICAL SPORTS,SPORTS CLUB
NANYANG GIRLS' HIGH SCHOOL,SECONDARY (S1-S4),NATIONAL POLICE CADET CORPS,UNIFORMED GROUPS,
NANYANG GIRLS' HIGH SCHOOL,SECONDARY (S1-S4),NETBALL,PHYSICAL SPORTS,
NANYANG GIRLS' HIGH SCHOOL,SECONDARY (S1-S4),OUTDOOR ADVENTURE,PHYSICAL SPORTS,NANYANG OUTDOORS CLUB
NANYANG GIRLS' HIGH SCHOOL,SECONDARY (S1-S4),SAILING,PHYSICAL SPORTS,
NANYANG GIRLS' HIGH SCHOOL,SECONDARY (S1-S4),SINGAPORE NATIONAL YOUTH CHINESE ORCHESTRA,VISUAL AND PERFORMING ARTS,
NANYANG GIRLS' HIGH SCHOOL,SECONDARY (S1-S4),SINGAPORE NATIONAL YOUTH ORCHESTRA,VISUAL AND PERFORMING ARTS,
NANYANG GIRLS' HIGH SCHOOL,SECONDARY (S1-S4),SOFTBALL,PHYSICAL SPORTS,
NANYANG GIRLS' HIGH SCHOOL,SECONDARY (S1-S4),SPEECH AND DRAMA,CLUBS AND SOCIETIES,THEATRE CLUB
NANYANG GIRLS' HIGH SCHOOL,SECONDARY (S1-S4),ST JOHN BRIGADE,UNIFORMED GROUPS,
NANYANG GIRLS' HIGH SCHOOL,SECONDARY (S1-S4),STRATEGY GAMES,CLUBS AND SOCIETIES,MIND SPORTS CLUB
NANYANG GIRLS' HIGH SCHOOL,SECONDARY (S1-S4),STRING ENSEMBLE,VISUAL AND PERFORMING ARTS,
NANYANG GIRLS' HIGH SCHOOL,SECONDARY (S1-S4),TABLE TENNIS,PHYSICAL SPORTS,
NANYANG GIRLS' HIGH SCHOOL,SECONDARY (S1-S4),TENNIS,PHYSICAL SPORTS,
NANYANG GIRLS' HIGH SCHOOL,SECONDARY (S1-S4),TRACK AND FIELD,PHYSICAL SPORTS,
NANYANG GIRLS' HIGH SCHOOL,SECONDARY (S1-S4),VOLLEYBALL,PHYSICAL SPORTS,
NANYANG GIRLS' HIGH SCHOOL,SECONDARY (S1-S4),WATER POLO,PHYSICAL SPORTS,
NANYANG GIRLS' HIGH SCHOOL,SECONDARY (S1-S4),WUSHU,PHYSICAL SPORTS,
NANYANG JUNIOR COLLEGE,JUNIOR COLLEGE,ART AND CRAFTS,CLUBS AND SOCIETIES,ART CLUB
NANYANG JUNIOR COLLEGE,JUNIOR COLLEGE,AUDIO VISUAL AID,CLUBS AND SOCIETIES,AUDIO VISUAL AIDS CLUB (AVA)
NANYANG JUNIOR COLLEGE,JUNIOR COLLEGE,BADMINTON,PHYSICAL SPORTS,
NANYANG JUNIOR COLLEGE,JUNIOR COLLEGE,BASKETBALL,PHYSICAL SPORTS,
NANYANG JUNIOR COLLEGE,JUNIOR COLLEGE,BOYS' BRIGADE,UNIFORMED GROUPS,BOYS' BRIGADE (EXTERNAL)
NANYANG JUNIOR COLLEGE,JUNIOR COLLEGE,BROADCASTING,CLUBS AND SOCIETIES,CHANNEL NEWS NANYANG (CNNY)
NANYANG JUNIOR COLLEGE,JUNIOR COLLEGE,CHINESE CULTURE AND LANGUAGE,CLUBS AND SOCIETIES,CHINESE LITERARY CLUB
NANYANG JUNIOR COLLEGE,JUNIOR COLLEGE,CHINESE DRAMA,VISUAL AND PERFORMING ARTS,CHINESE CULTURAL SOCIETY
NANYANG JUNIOR COLLEGE,JUNIOR COLLEGE,CHINESE ORCHESTRA,VISUAL AND PERFORMING ARTS,
NANYANG JUNIOR COLLEGE,JUNIOR COLLEGE,CHOIR,VISUAL AND PERFORMING ARTS,
NANYANG JUNIOR COLLEGE,JUNIOR COLLEGE,COMICS AND ILLUSTRATION,VISUAL AND PERFORMING ARTS,
NANYANG JUNIOR COLLEGE,JUNIOR COLLEGE,COMMUNITY SERVICE (FIRST AID),CLUBS AND SOCIETIES,RED CROSS YOUTH (NANYANG JC CHAPTER)
NANYANG JUNIOR COLLEGE,JUNIOR COLLEGE,COMMUNITY SERVICE (ROTARY-SPONSORED),CLUBS AND SOCIETIES,INTERACT CLUB
NANYANG JUNIOR COLLEGE,JUNIOR COLLEGE,CONCERT BAND,VISUAL AND PERFORMING ARTS,SYMPHONIC BAND
NANYANG JUNIOR COLLEGE,JUNIOR COLLEGE,DEBATING AND PUBLIC SPEAKING,CLUBS AND SOCIETIES,NANYANG DEBATERS AND ORATORS
NANYANG JUNIOR COLLEGE,JUNIOR COLLEGE,DRAGON BOAT,PHYSICAL SPORTS,
NANYANG JUNIOR COLLEGE,JUNIOR COLLEGE,ENGLISH DRAMA,VISUAL AND PERFORMING ARTS,DRAMA CLUB
NANYANG JUNIOR COLLEGE,JUNIOR COLLEGE,ENTREPRENEURSHIP,CLUBS AND SOCIETIES,BIZ CLUB
NANYANG JUNIOR COLLEGE,JUNIOR COLLEGE,FLOORBALL,PHYSICAL SPORTS,
NANYANG JUNIOR COLLEGE,JUNIOR COLLEGE,FOOTBALL,PHYSICAL SPORTS,
NANYANG JUNIOR COLLEGE,JUNIOR COLLEGE,GIRL GUIDES,UNIFORMED GROUPS,GIRL GUIDES (EXTERNAL)
NANYANG JUNIOR COLLEGE,JUNIOR COLLEGE,GIRLS' BRIGADE,UNIFORMED GROUPS,
NANYANG JUNIOR COLLEGE,JUNIOR COLLEGE,GUZHENG ENSEMBLE,VISUAL AND PERFORMING ARTS,
NANYANG JUNIOR COLLEGE,JUNIOR COLLEGE,HEALTH AND FITNESS,PHYSICAL SPORTS,GYM CLUB
NANYANG JUNIOR COLLEGE,JUNIOR COLLEGE,KARATE,PHYSICAL SPORTS,
NANYANG JUNIOR COLLEGE,JUNIOR COLLEGE,MODERN DANCE,VISUAL AND PERFORMING ARTS,DANCE - MODERN / STREET
NANYANG JUNIOR COLLEGE,JUNIOR COLLEGE,NATIONAL CADET CORPS (AIR),UNIFORMED GROUPS,
NANYANG JUNIOR COLLEGE,JUNIOR COLLEGE,NATIONAL CADET CORPS (LAND),UNIFORMED GROUPS,NATIONAL CADET CORPS (EXTERNAL)
NANYANG JUNIOR COLLEGE,JUNIOR COLLEGE,NATIONAL CADET CORPS (SEA),UNIFORMED GROUPS,
NANYANG JUNIOR COLLEGE,JUNIOR COLLEGE,NATIONAL CIVIL DEFENCE CADET CORPS,UNIFORMED GROUPS,
NANYANG JUNIOR COLLEGE,JUNIOR COLLEGE,NATIONAL POLICE CADET CORPS,UNIFORMED GROUPS,NPCC (EXTERNAL)
NANYANG JUNIOR COLLEGE,JUNIOR COLLEGE,NETBALL,PHYSICAL SPORTS,
NANYANG JUNIOR COLLEGE,JUNIOR COLLEGE,OUTDOOR ADVENTURE,PHYSICAL SPORTS,OUTDOOR ADVENTURE CLUB (ODAC)
NANYANG JUNIOR COLLEGE,JUNIOR COLLEGE,PHOTOGRAPHY,CLUBS AND SOCIETIES,PHOTOGRAPHIC SOCIETY
NANYANG JUNIOR COLLEGE,JUNIOR COLLEGE,RED CROSS YOUTH,UNIFORMED GROUPS,EXTERNAL CCA: RED CROSS YOUTH
NANYANG JUNIOR COLLEGE,JUNIOR COLLEGE,ROBOTICS,CLUBS AND SOCIETIES,ROBOTICS AND COMPUTER SCIENCE CLUB
NANYANG JUNIOR COLLEGE,JUNIOR COLLEGE,SCOUTS,UNIFORMED GROUPS,SCOUTS
NANYANG JUNIOR COLLEGE,JUNIOR COLLEGE,SINGAPORE NATIONAL YOUTH CHINESE ORCHESTRA,VISUAL AND PERFORMING ARTS,SINGAPORE NATIONAL YOUTH CHINESE ORCHESTRA (SNYCO)
NANYANG JUNIOR COLLEGE,JUNIOR COLLEGE,SINGAPORE NATIONAL YOUTH ORCHESTRA,VISUAL AND PERFORMING ARTS, SINGAPORE NATIONAL YOUTH ORCHESTRA (SNYO)
NANYANG JUNIOR COLLEGE,JUNIOR COLLEGE,SINGAPORE YOUTH FLYING CLUB,CLUBS AND SOCIETIES,SINGAPORE YOUTH FLYING CLUB (EXTERNAL)
NANYANG JUNIOR COLLEGE,JUNIOR COLLEGE,SQUASH,PHYSICAL SPORTS,
NANYANG JUNIOR COLLEGE,JUNIOR COLLEGE,ST JOHN BRIGADE,UNIFORMED GROUPS,ST. JOHN BRIGADE (EXTERNAL)
NANYANG JUNIOR COLLEGE,JUNIOR COLLEGE,STUDENT LEADERSHIP (HOUSE),OTHERS,CLASS LEADERS EXECUTIVE COMMITTEE (CLEXCO)
NANYANG JUNIOR COLLEGE,JUNIOR COLLEGE,TABLE TENNIS,PHYSICAL SPORTS,
NANYANG JUNIOR COLLEGE,JUNIOR COLLEGE,TCHOUKBALL,PHYSICAL SPORTS,
NANYANG JUNIOR COLLEGE,JUNIOR COLLEGE,TENNIS,PHYSICAL SPORTS,
NANYANG JUNIOR COLLEGE,JUNIOR COLLEGE,TOUCH RUGBY,PHYSICAL SPORTS,
NANYANG JUNIOR COLLEGE,JUNIOR COLLEGE,TRACK AND FIELD,PHYSICAL SPORTS,
NANYANG JUNIOR COLLEGE,JUNIOR COLLEGE,VOLLEYBALL,PHYSICAL SPORTS,
NANYANG PRIMARY SCHOOL,PRIMARY,ART AND CRAFTS,CLUBS AND SOCIETIES,
NANYANG PRIMARY SCHOOL,PRIMARY,ARTISTIC GYMNASTICS,PHYSICAL SPORTS,
NANYANG PRIMARY SCHOOL,PRIMARY,BADMINTON,PHYSICAL SPORTS,
NANYANG PRIMARY SCHOOL,PRIMARY,BASKETBALL,PHYSICAL SPORTS,
NANYANG PRIMARY SCHOOL,PRIMARY,BOYS' BRIGADE,UNIFORMED GROUPS,
NANYANG PRIMARY SCHOOL,PRIMARY,CHINESE CALLIGRAPHY AND BRUSH PAINTING,CLUBS AND SOCIETIES,
NANYANG PRIMARY SCHOOL,PRIMARY,CHINESE CULTURE AND LANGUAGE,CLUBS AND SOCIETIES,
NANYANG PRIMARY SCHOOL,PRIMARY,CHINESE DANCE,VISUAL AND PERFORMING ARTS,
NANYANG PRIMARY SCHOOL,PRIMARY,CHINESE ORCHESTRA,VISUAL AND PERFORMING ARTS,
NANYANG PRIMARY SCHOOL,PRIMARY,CHOIR,VISUAL AND PERFORMING ARTS,
NANYANG PRIMARY SCHOOL,PRIMARY,DEBATING AND PUBLIC SPEAKING,CLUBS AND SOCIETIES,
NANYANG PRIMARY SCHOOL,PRIMARY,DESIGN AND INNOVATION,CLUBS AND SOCIETIES,MAKER & ENVIRONMENTAL SCIENCE CLUB
NANYANG PRIMARY SCHOOL,PRIMARY,FOOTBALL,PHYSICAL SPORTS,
NANYANG PRIMARY SCHOOL,PRIMARY,GIRL GUIDES (BROWNIES),UNIFORMED GROUPS,
NANYANG PRIMARY SCHOOL,PRIMARY,GIRLS' BRIGADE,UNIFORMED GROUPS,
NANYANG PRIMARY SCHOOL,PRIMARY,GUZHENG ENSEMBLE,VISUAL AND PERFORMING ARTS,
NANYANG PRIMARY SCHOOL,PRIMARY,INTERNATIONAL CHESS,CLUBS AND SOCIETIES,
NANYANG PRIMARY SCHOOL,PRIMARY,MODERN DANCE,VISUAL AND PERFORMING ARTS,INTERNATIONAL DANCE
NANYANG PRIMARY SCHOOL,PRIMARY,ROBOTICS,CLUBS AND SOCIETIES,
NANYANG PRIMARY SCHOOL,PRIMARY,SCOUTS,UNIFORMED GROUPS,
NANYANG PRIMARY SCHOOL,PRIMARY,SINGAPORE NATIONAL YOUTH CHINESE ORCHESTRA,VISUAL AND PERFORMING ARTS,
NANYANG PRIMARY SCHOOL,PRIMARY,SINGAPORE NATIONAL YOUTH ORCHESTRA,VISUAL AND PERFORMING ARTS,
NANYANG PRIMARY SCHOOL,PRIMARY,STRING ENSEMBLE,VISUAL AND PERFORMING ARTS,
NANYANG PRIMARY SCHOOL,PRIMARY,STUDENT LEADERSHIP (PEER SUPPORT),OTHERS,
NANYANG PRIMARY SCHOOL,PRIMARY,STUDENT LEADERSHIP (PREFECT),OTHERS,
NANYANG PRIMARY SCHOOL,PRIMARY,TABLE TENNIS,PHYSICAL SPORTS,
NANYANG PRIMARY SCHOOL,PRIMARY,TENNIS,PHYSICAL SPORTS,
NANYANG PRIMARY SCHOOL,PRIMARY,TRACK AND FIELD,PHYSICAL SPORTS,
NANYANG PRIMARY SCHOOL,PRIMARY,WUSHU,PHYSICAL SPORTS,
NATIONAL JUNIOR COLLEGE,MIXED LEVEL (S1-JC2),AUDIO VISUAL AID,CLUBS AND SOCIETIES,AVA & PA CLUB
NATIONAL JUNIOR COLLEGE,MIXED LEVEL (S1-JC2),BADMINTON,PHYSICAL SPORTS,
NATIONAL JUNIOR COLLEGE,MIXED LEVEL (S1-JC2),BASKETBALL,PHYSICAL SPORTS,
NATIONAL JUNIOR COLLEGE,MIXED LEVEL (S1-JC2),CANOEING,PHYSICAL SPORTS,CANOEING & DRAGON BOAT
NATIONAL JUNIOR COLLEGE,MIXED LEVEL (S1-JC2),CHINESE DANCE,VISUAL AND PERFORMING ARTS,
NATIONAL JUNIOR COLLEGE,MIXED LEVEL (S1-JC2),"CHINESE LANGUAGE, DRAMA AND DEBATING",CLUBS AND SOCIETIES,CLDDS
NATIONAL JUNIOR COLLEGE,MIXED LEVEL (S1-JC2),CHINESE ORCHESTRA,VISUAL AND PERFORMING ARTS,CHINESE ORCHESTRA & GUZHENG ENSEMBLE
NATIONAL JUNIOR COLLEGE,MIXED LEVEL (S1-JC2),CHOIR,VISUAL AND PERFORMING ARTS,
NATIONAL JUNIOR COLLEGE,MIXED LEVEL (S1-JC2),COMMUNITY SERVICE (ROTARY-SPONSORED),CLUBS AND SOCIETIES,INTERACT CLUB
NATIONAL JUNIOR COLLEGE,MIXED LEVEL (S1-JC2),CONCERT BAND,VISUAL AND PERFORMING ARTS,SYMPHONIC BAND
NATIONAL JUNIOR COLLEGE,MIXED LEVEL (S1-JC2),DESIGN AND INNOVATION,CLUBS AND SOCIETIES,MAKERS.
NATIONAL JUNIOR COLLEGE,MIXED LEVEL (S1-JC2),"ENGLISH LANGUAGE, DRAMA AND DEBATING",CLUBS AND SOCIETIES,ELDDES
NATIONAL JUNIOR COLLEGE,MIXED LEVEL (S1-JC2),ENVIRONMENTAL SCIENCE,CLUBS AND SOCIETIES,GREENLINK
NATIONAL JUNIOR COLLEGE,MIXED LEVEL (S1-JC2),FLOORBALL,PHYSICAL SPORTS,
NATIONAL JUNIOR COLLEGE,MIXED LEVEL (S1-JC2),FOOTBALL,PHYSICAL SPORTS,
NATIONAL JUNIOR COLLEGE,MIXED LEVEL (S1-JC2),GIRL GUIDES,UNIFORMED GROUPS,
NATIONAL JUNIOR COLLEGE,MIXED LEVEL (S1-JC2),GIRLS' BRIGADE,UNIFORMED GROUPS,
NATIONAL JUNIOR COLLEGE,MIXED LEVEL (S1-JC2),GUITAR ENSEMBLE,VISUAL AND PERFORMING ARTS,
NATIONAL JUNIOR COLLEGE,MIXED LEVEL (S1-JC2),GUZHENG ENSEMBLE,VISUAL AND PERFORMING ARTS,
NATIONAL JUNIOR COLLEGE,MIXED LEVEL (S1-JC2),INDIAN DANCE,VISUAL AND PERFORMING ARTS,
NATIONAL JUNIOR COLLEGE,MIXED LEVEL (S1-JC2),"INDIAN LANGUAGE, DRAMA AND DEBATING",CLUBS AND SOCIETIES,ILDDS
NATIONAL JUNIOR COLLEGE,MIXED LEVEL (S1-JC2),INFOCOMM TECHNOLOGY (MEDIA PRODUCTION),CLUBS AND SOCIETIES,NJPRODUCTIONS
NATIONAL JUNIOR COLLEGE,MIXED LEVEL (S1-JC2),KEYBOARD ENSEMBLE,VISUAL AND PERFORMING ARTS,
NATIONAL JUNIOR COLLEGE,MIXED LEVEL (S1-JC2),MALAY DANCE,VISUAL AND PERFORMING ARTS,
NATIONAL JUNIOR COLLEGE,MIXED LEVEL (S1-JC2),"MALAY LANGUAGE, DRAMA AND DEBATING",CLUBS AND SOCIETIES,MALAY CULTURAL SOCIETY
NATIONAL JUNIOR COLLEGE,MIXED LEVEL (S1-JC2),MODERN DANCE,VISUAL AND PERFORMING ARTS,WESTERN DANCE
NATIONAL JUNIOR COLLEGE,MIXED LEVEL (S1-JC2),NATIONAL CADET CORPS (LAND),UNIFORMED GROUPS,
NATIONAL JUNIOR COLLEGE,MIXED LEVEL (S1-JC2),NATIONAL POLICE CADET CORPS,UNIFORMED GROUPS,
NATIONAL JUNIOR COLLEGE,MIXED LEVEL (S1-JC2),NETBALL,PHYSICAL SPORTS,
NATIONAL JUNIOR COLLEGE,MIXED LEVEL (S1-JC2),PHYSICAL SCIENCE,CLUBS AND SOCIETIES,ASTRONOMY
NATIONAL JUNIOR COLLEGE,MIXED LEVEL (S1-JC2),RED CROSS YOUTH,UNIFORMED GROUPS,
NATIONAL JUNIOR COLLEGE,MIXED LEVEL (S1-JC2),ROCKWALL CLIMBING,PHYSICAL SPORTS,
NATIONAL JUNIOR COLLEGE,MIXED LEVEL (S1-JC2),SCOUTS,UNIFORMED GROUPS,
NATIONAL JUNIOR COLLEGE,MIXED LEVEL (S1-JC2),SHOOTING,PHYSICAL SPORTS,
NATIONAL JUNIOR COLLEGE,MIXED LEVEL (S1-JC2),SINGAPORE NATIONAL YOUTH CHINESE ORCHESTRA,VISUAL AND PERFORMING ARTS,
NATIONAL JUNIOR COLLEGE,MIXED LEVEL (S1-JC2),SINGAPORE NATIONAL YOUTH ORCHESTRA,VISUAL AND PERFORMING ARTS,
NATIONAL JUNIOR COLLEGE,MIXED LEVEL (S1-JC2),SINGAPORE YOUTH FLYING CLUB,CLUBS AND SOCIETIES,
NATIONAL JUNIOR COLLEGE,MIXED LEVEL (S1-JC2),SOFTBALL,PHYSICAL SPORTS,
NATIONAL JUNIOR COLLEGE,MIXED LEVEL (S1-JC2),SQUASH,PHYSICAL SPORTS,
NATIONAL JUNIOR COLLEGE,MIXED LEVEL (S1-JC2),ST JOHN BRIGADE,UNIFORMED GROUPS,
NATIONAL JUNIOR COLLEGE,MIXED LEVEL (S1-JC2),STRING ENSEMBLE,VISUAL AND PERFORMING ARTS,
NATIONAL JUNIOR COLLEGE,MIXED LEVEL (S1-JC2),STUDENT LEADERSHIP (COUNCIL),OTHERS,
NATIONAL JUNIOR COLLEGE,MIXED LEVEL (S1-JC2),STUDENTS' COUNCIL,CLUBS AND SOCIETIES,
NATIONAL JUNIOR COLLEGE,MIXED LEVEL (S1-JC2),TABLE TENNIS,PHYSICAL SPORTS,
NATIONAL JUNIOR COLLEGE,MIXED LEVEL (S1-JC2),TOUCH RUGBY,PHYSICAL SPORTS,
NATIONAL JUNIOR COLLEGE,MIXED LEVEL (S1-JC2),TRACK AND FIELD,PHYSICAL SPORTS,
NATIONAL JUNIOR COLLEGE,MIXED LEVEL (S1-JC2),WUSHU,PHYSICAL SPORTS,
NAVAL BASE PRIMARY SCHOOL,PRIMARY,ART AND CRAFTS,CLUBS AND SOCIETIES,
NAVAL BASE PRIMARY SCHOOL,PRIMARY,BASKETBALL,PHYSICAL SPORTS,
NAVAL BASE PRIMARY SCHOOL,PRIMARY,BOYS' BRIGADE,UNIFORMED GROUPS,
NAVAL BASE PRIMARY SCHOOL,PRIMARY,CHOIR,VISUAL AND PERFORMING ARTS,
NAVAL BASE PRIMARY SCHOOL,PRIMARY,CONCERT BAND,VISUAL AND PERFORMING ARTS,
NAVAL BASE PRIMARY SCHOOL,PRIMARY,FLOORBALL,PHYSICAL SPORTS,
NAVAL BASE PRIMARY SCHOOL,PRIMARY,FOOTBALL,PHYSICAL SPORTS,
NAVAL BASE PRIMARY SCHOOL,PRIMARY,GIRLS' BRIGADE,UNIFORMED GROUPS,
NAVAL BASE PRIMARY SCHOOL,PRIMARY,INFOCOMM TECHNOLOGY (COMPUTING),CLUBS AND SOCIETIES,
NAVAL BASE PRIMARY SCHOOL,PRIMARY,MODERN DANCE,VISUAL AND PERFORMING ARTS,
NAVAL BASE PRIMARY SCHOOL,PRIMARY,NETBALL,PHYSICAL SPORTS,
NAVAL BASE PRIMARY SCHOOL,PRIMARY,OUTDOOR ADVENTURE,PHYSICAL SPORTS,
NAVAL BASE PRIMARY SCHOOL,PRIMARY,RED CROSS YOUTH,UNIFORMED GROUPS,
NAVAL BASE PRIMARY SCHOOL,PRIMARY,SPEECH AND DRAMA,CLUBS AND SOCIETIES,
NAVAL BASE PRIMARY SCHOOL,PRIMARY,STUDENT LEADERSHIP (COUNCIL),OTHERS,
NAVAL BASE PRIMARY SCHOOL,PRIMARY,STUDENT LEADERSHIP (PREFECT),OTHERS,
NAVAL BASE PRIMARY SCHOOL,PRIMARY,TAEKWONDO,PHYSICAL SPORTS,
NAVAL BASE SECONDARY SCHOOL,SECONDARY (S1-S5),ART AND CRAFTS,CLUBS AND SOCIETIES,Art Club
NAVAL BASE SECONDARY SCHOOL,SECONDARY (S1-S5),BASKETBALL,PHYSICAL SPORTS,
NAVAL BASE SECONDARY SCHOOL,SECONDARY (S1-S5),CHOIR,VISUAL AND PERFORMING ARTS,
NAVAL BASE SECONDARY SCHOOL,SECONDARY (S1-S5),CONCERT BAND,VISUAL AND PERFORMING ARTS,
NAVAL BASE SECONDARY SCHOOL,SECONDARY (S1-S5),ENGLISH DRAMA,VISUAL AND PERFORMING ARTS,
NAVAL BASE SECONDARY SCHOOL,SECONDARY (S1-S5),FOOTBALL,PHYSICAL SPORTS,
NAVAL BASE SECONDARY SCHOOL,SECONDARY (S1-S5),GIRL GUIDES,UNIFORMED GROUPS,
NAVAL BASE SECONDARY SCHOOL,SECONDARY (S1-S5),INFOCOMM TECHNOLOGY (MEDIA PRODUCTION),CLUBS AND SOCIETIES,
NAVAL BASE SECONDARY SCHOOL,SECONDARY (S1-S5),MODERN DANCE,VISUAL AND PERFORMING ARTS,
NAVAL BASE SECONDARY SCHOOL,SECONDARY (S1-S5),NATIONAL CADET CORPS (LAND),UNIFORMED GROUPS,
NAVAL BASE SECONDARY SCHOOL,SECONDARY (S1-S5),NATIONAL POLICE CADET CORPS,UNIFORMED GROUPS,
NAVAL BASE SECONDARY SCHOOL,SECONDARY (S1-S5),NETBALL,PHYSICAL SPORTS,
NAVAL BASE SECONDARY SCHOOL,SECONDARY (S1-S5),SEPAKTAKRAW,PHYSICAL SPORTS,
NAVAL BASE SECONDARY SCHOOL,SECONDARY (S1-S5),ST JOHN BRIGADE,UNIFORMED GROUPS,
NAVAL BASE SECONDARY SCHOOL,SECONDARY (S1-S5),TABLE TENNIS,PHYSICAL SPORTS,
NEW TOWN PRIMARY SCHOOL,PRIMARY,ART AND CRAFTS,CLUBS AND SOCIETIES,
NEW TOWN PRIMARY SCHOOL,PRIMARY,BADMINTON,PHYSICAL SPORTS,
NEW TOWN PRIMARY SCHOOL,PRIMARY,BASKETBALL,PHYSICAL SPORTS,
NEW TOWN PRIMARY SCHOOL,PRIMARY,BRASS BAND,VISUAL AND PERFORMING ARTS,
NEW TOWN PRIMARY SCHOOL,PRIMARY,CHINESE DANCE,VISUAL AND PERFORMING ARTS,
NEW TOWN PRIMARY SCHOOL,PRIMARY,CHOIR,VISUAL AND PERFORMING ARTS,
NEW TOWN PRIMARY SCHOOL,PRIMARY,FOOTBALL,PHYSICAL SPORTS,
NEW TOWN PRIMARY SCHOOL,PRIMARY,GIRL GUIDES (BROWNIES),UNIFORMED GROUPS,
NEW TOWN PRIMARY SCHOOL,PRIMARY,MALAY DANCE,VISUAL AND PERFORMING ARTS,
NEW TOWN PRIMARY SCHOOL,PRIMARY,MODERN DANCE,VISUAL AND PERFORMING ARTS,
NEW TOWN PRIMARY SCHOOL,PRIMARY,NETBALL,PHYSICAL SPORTS,
NEW TOWN PRIMARY SCHOOL,PRIMARY,RED CROSS YOUTH,UNIFORMED GROUPS,
NEW TOWN PRIMARY SCHOOL,PRIMARY,ROBOTICS,CLUBS AND SOCIETIES,
NEW TOWN PRIMARY SCHOOL,PRIMARY,SPEECH AND DRAMA,CLUBS AND SOCIETIES,
NEW TOWN SECONDARY SCHOOL,SECONDARY (S1-S5),ART AND CRAFTS,CLUBS AND SOCIETIES,
NEW TOWN SECONDARY SCHOOL,SECONDARY (S1-S5),BADMINTON,PHYSICAL SPORTS,
NEW TOWN SECONDARY SCHOOL,SECONDARY (S1-S5),BASKETBALL,PHYSICAL SPORTS,
NEW TOWN SECONDARY SCHOOL,SECONDARY (S1-S5),CHINESE DANCE,VISUAL AND PERFORMING ARTS,
NEW TOWN SECONDARY SCHOOL,SECONDARY (S1-S5),CONCERT BAND,VISUAL AND PERFORMING ARTS,
NEW TOWN SECONDARY SCHOOL,SECONDARY (S1-S5),CROSS COUNTRY,PHYSICAL SPORTS,
NEW TOWN SECONDARY SCHOOL,SECONDARY (S1-S5),FENCING,PHYSICAL SPORTS,
NEW TOWN SECONDARY SCHOOL,SECONDARY (S1-S5),FOOTBALL,PHYSICAL SPORTS,
NEW TOWN SECONDARY SCHOOL,SECONDARY (S1-S5),GIRL GUIDES,UNIFORMED GROUPS,
NEW TOWN SECONDARY SCHOOL,SECONDARY (S1-S5),GUZHENG ENSEMBLE,VISUAL AND PERFORMING ARTS,
NEW TOWN SECONDARY SCHOOL,SECONDARY (S1-S5),INFOCOMM TECHNOLOGY (MEDIA PRODUCTION),CLUBS AND SOCIETIES,
NEW TOWN SECONDARY SCHOOL,SECONDARY (S1-S5),MODERN DANCE,VISUAL AND PERFORMING ARTS,
NEW TOWN SECONDARY SCHOOL,SECONDARY (S1-S5),NATIONAL CADET CORPS (LAND),UNIFORMED GROUPS,
NEW TOWN SECONDARY SCHOOL,SECONDARY (S1-S5),NATIONAL POLICE CADET CORPS,UNIFORMED GROUPS,
NEW TOWN SECONDARY SCHOOL,SECONDARY (S1-S5),NETBALL,PHYSICAL SPORTS,
NEW TOWN SECONDARY SCHOOL,SECONDARY (S1-S5),SOFTBALL,PHYSICAL SPORTS,
NEW TOWN SECONDARY SCHOOL,SECONDARY (S1-S5),TABLE TENNIS,PHYSICAL SPORTS,
NGEE ANN PRIMARY SCHOOL,PRIMARY,ART AND CRAFTS,CLUBS AND SOCIETIES,
NGEE ANN PRIMARY SCHOOL,PRIMARY,BADMINTON,PHYSICAL SPORTS,
NGEE ANN PRIMARY SCHOOL,PRIMARY,CHINESE DANCE,VISUAL AND PERFORMING ARTS,
NGEE ANN PRIMARY SCHOOL,PRIMARY,CHINESE ORCHESTRA,VISUAL AND PERFORMING ARTS,
NGEE ANN PRIMARY SCHOOL,PRIMARY,CHOIR,VISUAL AND PERFORMING ARTS,
NGEE ANN PRIMARY SCHOOL,PRIMARY,"ENGLISH LANGUAGE, DRAMA AND DEBATING",CLUBS AND SOCIETIES,
NGEE ANN PRIMARY SCHOOL,PRIMARY,ENVIRONMENTAL SCIENCE,CLUBS AND SOCIETIES,
NGEE ANN PRIMARY SCHOOL,PRIMARY,FLOORBALL,PHYSICAL SPORTS,
NGEE ANN PRIMARY SCHOOL,PRIMARY,FOOTBALL,PHYSICAL SPORTS,
NGEE ANN PRIMARY SCHOOL,PRIMARY,GIRL GUIDES (BROWNIES),UNIFORMED GROUPS,
NGEE ANN PRIMARY SCHOOL,PRIMARY,GUZHENG ENSEMBLE,VISUAL AND PERFORMING ARTS,
NGEE ANN PRIMARY SCHOOL,PRIMARY,INFOCOMM TECHNOLOGY (MEDIA PRODUCTION),CLUBS AND SOCIETIES,
NGEE ANN PRIMARY SCHOOL,PRIMARY,MALAY DANCE,VISUAL AND PERFORMING ARTS,
NGEE ANN PRIMARY SCHOOL,PRIMARY,MODULAR CCA (SPORTS),PHYSICAL SPORTS,
NGEE ANN PRIMARY SCHOOL,PRIMARY,SCOUTS,UNIFORMED GROUPS,
NGEE ANN PRIMARY SCHOOL,PRIMARY,SINGAPORE NATIONAL YOUTH ORCHESTRA,VISUAL AND PERFORMING ARTS,
NGEE ANN PRIMARY SCHOOL,PRIMARY,STUDENT INITIATED ACTIVITIES (CLUBS & SOCIETIES),OTHERS,
NGEE ANN PRIMARY SCHOOL,PRIMARY,STUDENT LEADERSHIP (PEER SUPPORT),OTHERS,
NGEE ANN PRIMARY SCHOOL,PRIMARY,STUDENT LEADERSHIP (PREFECT),OTHERS,
NGEE ANN PRIMARY SCHOOL,PRIMARY,TABLE TENNIS,PHYSICAL SPORTS,
NGEE ANN PRIMARY SCHOOL,PRIMARY,TRACK AND FIELD,PHYSICAL SPORTS,
NGEE ANN PRIMARY SCHOOL,PRIMARY,WUSHU,PHYSICAL SPORTS,
NGEE ANN SECONDARY SCHOOL,SECONDARY (S1-S5),ART AND CRAFTS,CLUBS AND SOCIETIES,
NGEE ANN SECONDARY SCHOOL,SECONDARY (S1-S5),BADMINTON,PHYSICAL SPORTS,
NGEE ANN SECONDARY SCHOOL,SECONDARY (S1-S5),BASKETBALL,PHYSICAL SPORTS,
NGEE ANN SECONDARY SCHOOL,SECONDARY (S1-S5),CHINESE ORCHESTRA,VISUAL AND PERFORMING ARTS,
NGEE ANN SECONDARY SCHOOL,SECONDARY (S1-S5),CHOIR,VISUAL AND PERFORMING ARTS,
NGEE ANN SECONDARY SCHOOL,SECONDARY (S1-S5),CONCERT BAND,VISUAL AND PERFORMING ARTS,
NGEE ANN SECONDARY SCHOOL,SECONDARY (S1-S5),CROSS COUNTRY,PHYSICAL SPORTS,
NGEE ANN SECONDARY SCHOOL,SECONDARY (S1-S5),ENGLISH DRAMA,VISUAL AND PERFORMING ARTS,
NGEE ANN SECONDARY SCHOOL,SECONDARY (S1-S5),GIRL GUIDES,UNIFORMED GROUPS,
NGEE ANN SECONDARY SCHOOL,SECONDARY (S1-S5),INFOCOMM TECHNOLOGY (MEDIA PRODUCTION),CLUBS AND SOCIETIES,
NGEE ANN SECONDARY SCHOOL,SECONDARY (S1-S5),INTERNATIONAL CHESS,CLUBS AND SOCIETIES,
NGEE ANN SECONDARY SCHOOL,SECONDARY (S1-S5),MODERN DANCE,VISUAL AND PERFORMING ARTS,
NGEE ANN SECONDARY SCHOOL,SECONDARY (S1-S5),NATIONAL CADET CORPS (LAND),UNIFORMED GROUPS,
NGEE ANN SECONDARY SCHOOL,SECONDARY (S1-S5),NATIONAL POLICE CADET CORPS,UNIFORMED GROUPS,
NGEE ANN SECONDARY SCHOOL,SECONDARY (S1-S5),OUTDOOR ADVENTURE,PHYSICAL SPORTS,
NGEE ANN SECONDARY SCHOOL,SECONDARY (S1-S5),PHOTOGRAPHY,CLUBS AND SOCIETIES,
NGEE ANN SECONDARY SCHOOL,SECONDARY (S1-S5),POP AND JAZZ,VISUAL AND PERFORMING ARTS,
NGEE ANN SECONDARY SCHOOL,SECONDARY (S1-S5),ROBOTICS,CLUBS AND SOCIETIES,
NGEE ANN SECONDARY SCHOOL,SECONDARY (S1-S5),SCOUTS,UNIFORMED GROUPS,
NGEE ANN SECONDARY SCHOOL,SECONDARY (S1-S5),SINGAPORE NATIONAL YOUTH CHINESE ORCHESTRA,VISUAL AND PERFORMING ARTS,
NGEE ANN SECONDARY SCHOOL,SECONDARY (S1-S5),SINGAPORE NATIONAL YOUTH ORCHESTRA,VISUAL AND PERFORMING ARTS,
NGEE ANN SECONDARY SCHOOL,SECONDARY (S1-S5),SP-CCA (ATHLETICS),PHYSICAL SPORTS,
NGEE ANN SECONDARY SCHOOL,SECONDARY (S1-S5),SP-CCA (WATER POLO),PHYSICAL SPORTS,
NGEE ANN SECONDARY SCHOOL,SECONDARY (S1-S5),VOLLEYBALL,PHYSICAL SPORTS,
NGEE ANN SECONDARY SCHOOL,SECONDARY (S1-S5),WUSHU,PHYSICAL SPORTS,
NORTH SPRING PRIMARY SCHOOL,PRIMARY,ART AND CRAFTS,CLUBS AND SOCIETIES,ARTY-CRAFTY (WIRE SCULPTURE)
NORTH SPRING PRIMARY SCHOOL,PRIMARY,BASKETBALL,PHYSICAL SPORTS,
NORTH SPRING PRIMARY SCHOOL,PRIMARY,CERAMICS,CLUBS AND SOCIETIES,ARTY-CRAFTY (DIGITAL ART)
NORTH SPRING PRIMARY SCHOOL,PRIMARY,CHOIR,VISUAL AND PERFORMING ARTS,
NORTH SPRING PRIMARY SCHOOL,PRIMARY,CULTURAL DANCE,VISUAL AND PERFORMING ARTS,INTERNATIONAL DANCE
NORTH SPRING PRIMARY SCHOOL,PRIMARY,ENGLISH DRAMA,VISUAL AND PERFORMING ARTS,
NORTH SPRING PRIMARY SCHOOL,PRIMARY,FOOTBALL,PHYSICAL SPORTS,
NORTH SPRING PRIMARY SCHOOL,PRIMARY,GIRL GUIDES (BROWNIES),UNIFORMED GROUPS,
NORTH SPRING PRIMARY SCHOOL,PRIMARY,GUITAR ENSEMBLE,VISUAL AND PERFORMING ARTS,
NORTH SPRING PRIMARY SCHOOL,PRIMARY,INFOCOMM TECHNOLOGY (MEDIA PRODUCTION),CLUBS AND SOCIETIES,
NORTH SPRING PRIMARY SCHOOL,PRIMARY,PHYSICAL SCIENCE,CLUBS AND SOCIETIES,
NORTH SPRING PRIMARY SCHOOL,PRIMARY,SCOUTS,UNIFORMED GROUPS,
NORTH SPRING PRIMARY SCHOOL,PRIMARY,STRING ENSEMBLE,VISUAL AND PERFORMING ARTS,
NORTH SPRING PRIMARY SCHOOL,PRIMARY,TAP DANCE,VISUAL AND PERFORMING ARTS,
NORTH SPRING PRIMARY SCHOOL,PRIMARY,WUSHU,PHYSICAL SPORTS,
NORTH VIEW PRIMARY SCHOOL,PRIMARY,ART AND CRAFTS,CLUBS AND SOCIETIES,
NORTH VIEW PRIMARY SCHOOL,PRIMARY,BASKETBALL,PHYSICAL SPORTS,
NORTH VIEW PRIMARY SCHOOL,PRIMARY,BOYS' BRIGADE,UNIFORMED GROUPS,
NORTH VIEW PRIMARY SCHOOL,PRIMARY,CHINESE DANCE,VISUAL AND PERFORMING ARTS,
NORTH VIEW PRIMARY SCHOOL,PRIMARY,CHOIR,VISUAL AND PERFORMING ARTS,
NORTH VIEW PRIMARY SCHOOL,PRIMARY,ENGLISH DRAMA,VISUAL AND PERFORMING ARTS,
NORTH VIEW PRIMARY SCHOOL,PRIMARY,FLOORBALL,PHYSICAL SPORTS,
NORTH VIEW PRIMARY SCHOOL,PRIMARY,FOOTBALL,PHYSICAL SPORTS,
NORTH VIEW PRIMARY SCHOOL,PRIMARY,GIRLS' BRIGADE,UNIFORMED GROUPS,
NORTH VIEW PRIMARY SCHOOL,PRIMARY,INFOCOMM TECHNOLOGY (COMPUTING),CLUBS AND SOCIETIES,
NORTH VIEW PRIMARY SCHOOL,PRIMARY,MALAY DANCE,VISUAL AND PERFORMING ARTS,
NORTH VIEW PRIMARY SCHOOL,PRIMARY,MODERN DANCE,VISUAL AND PERFORMING ARTS,
NORTH VIEW PRIMARY SCHOOL,PRIMARY,OUTDOOR ADVENTURE,PHYSICAL SPORTS,
NORTH VIEW PRIMARY SCHOOL,PRIMARY,PHYSICAL SCIENCE,CLUBS AND SOCIETIES,
NORTH VIEW PRIMARY SCHOOL,PRIMARY,SCOUTS,UNIFORMED GROUPS,
NORTH VISTA PRIMARY SCHOOL,PRIMARY,ART AND CRAFTS,CLUBS AND SOCIETIES,
NORTH VISTA PRIMARY SCHOOL,PRIMARY,BASKETBALL,PHYSICAL SPORTS,
NORTH VISTA PRIMARY SCHOOL,PRIMARY,BOYS' BRIGADE,UNIFORMED GROUPS,
NORTH VISTA PRIMARY SCHOOL,PRIMARY,CHINESE DANCE,VISUAL AND PERFORMING ARTS,
NORTH VISTA PRIMARY SCHOOL,PRIMARY,CHOIR,VISUAL AND PERFORMING ARTS,
NORTH VISTA PRIMARY SCHOOL,PRIMARY,CONCERT BAND,VISUAL AND PERFORMING ARTS,
NORTH VISTA PRIMARY SCHOOL,PRIMARY,ENGLISH CULTURE AND LANGUAGE,CLUBS AND SOCIETIES,VISTA DRAMA CLUB
NORTH VISTA PRIMARY SCHOOL,PRIMARY,ENVIRONMENTAL SCIENCE,CLUBS AND SOCIETIES,
NORTH VISTA PRIMARY SCHOOL,PRIMARY,GIRLS' BRIGADE,UNIFORMED GROUPS,
NORTH VISTA PRIMARY SCHOOL,PRIMARY,HEALTH AND FITNESS,PHYSICAL SPORTS,
NORTH VISTA PRIMARY SCHOOL,PRIMARY,INFOCOMM TECHNOLOGY (COMPUTING),CLUBS AND SOCIETIES,
NORTH VISTA PRIMARY SCHOOL,PRIMARY,MALAY CULTURE AND LANGUAGE,CLUBS AND SOCIETIES,
NORTH VISTA PRIMARY SCHOOL,PRIMARY,MODERN DANCE,VISUAL AND PERFORMING ARTS,
NORTH VISTA PRIMARY SCHOOL,PRIMARY,MODULAR CCA (SPORTS),PHYSICAL SPORTS,
NORTH VISTA PRIMARY SCHOOL,PRIMARY,MODULAR CCA (VPA),VISUAL AND PERFORMING ARTS,
NORTH VISTA PRIMARY SCHOOL,PRIMARY,RUGBY,PHYSICAL SPORTS,
NORTH VISTA PRIMARY SCHOOL,PRIMARY,SCOUTS,UNIFORMED GROUPS,
NORTH VISTA PRIMARY SCHOOL,PRIMARY,SOFTBALL,PHYSICAL SPORTS,
NORTH VISTA PRIMARY SCHOOL,PRIMARY,SPEECH AND DRAMA,CLUBS AND SOCIETIES,
NORTH VISTA PRIMARY SCHOOL,PRIMARY,STUDENT INITIATED ACTIVITIES (CLUBS & SOCIETIES),OTHERS,STUDENT AFFAIRS COMMITTEE
NORTH VISTA PRIMARY SCHOOL,PRIMARY,STUDENT INITIATED ACTIVITIES (PHYSICAL SPORTS AND OUTDOORS),OTHERS,WELFARE COMMITTEE
NORTH VISTA PRIMARY SCHOOL,PRIMARY,STUDENT INITIATED ACTIVITIES (VISUAL & PERFORMING ARTS),OTHERS,EVENTS COMMITTEE
NORTH VISTA PRIMARY SCHOOL,PRIMARY,STUDENT LEADERSHIP (PREFECT),OTHERS,
NORTH VISTA SECONDARY SCHOOL,SECONDARY (S1-S5),BASKETBALL,PHYSICAL SPORTS,
NORTH VISTA SECONDARY SCHOOL,SECONDARY (S1-S5),CHINESE DANCE,VISUAL AND PERFORMING ARTS,
NORTH VISTA SECONDARY SCHOOL,SECONDARY (S1-S5),CHOIR,VISUAL AND PERFORMING ARTS,
NORTH VISTA SECONDARY SCHOOL,SECONDARY (S1-S5),COMMUNITY SERVICE,CLUBS AND SOCIETIES,SERVICE LEARNING CLUB
NORTH VISTA SECONDARY SCHOOL,SECONDARY (S1-S5),CONCERT BAND,VISUAL AND PERFORMING ARTS,SYMPHONIC BAND
NORTH VISTA SECONDARY SCHOOL,SECONDARY (S1-S5),ENGLISH DRAMA,VISUAL AND PERFORMING ARTS,DRAMA CLUB
NORTH VISTA SECONDARY SCHOOL,SECONDARY (S1-S5),FOOTBALL,PHYSICAL SPORTS,
NORTH VISTA SECONDARY SCHOOL,SECONDARY (S1-S5),GIRL GUIDES,UNIFORMED GROUPS,
NORTH VISTA SECONDARY SCHOOL,SECONDARY (S1-S5),GOLF,PHYSICAL SPORTS,
NORTH VISTA SECONDARY SCHOOL,SECONDARY (S1-S5),HEALTH AND FITNESS,PHYSICAL SPORTS,
NORTH VISTA SECONDARY SCHOOL,SECONDARY (S1-S5),INFOCOMM TECHNOLOGY (MEDIA PRODUCTION),CLUBS AND SOCIETIES,
NORTH VISTA SECONDARY SCHOOL,SECONDARY (S1-S5),MEDIA RESOURCE LIBRARY,CLUBS AND SOCIETIES,
NORTH VISTA SECONDARY SCHOOL,SECONDARY (S1-S5),MODERN DANCE,VISUAL AND PERFORMING ARTS,
NORTH VISTA SECONDARY SCHOOL,SECONDARY (S1-S5),MODULAR CCA (SPORTS),PHYSICAL SPORTS,
NORTH VISTA SECONDARY SCHOOL,SECONDARY (S1-S5),NATIONAL CADET CORPS (LAND),UNIFORMED GROUPS,
NORTH VISTA SECONDARY SCHOOL,SECONDARY (S1-S5),NATIONAL POLICE CADET CORPS,UNIFORMED GROUPS,
NORTH VISTA SECONDARY SCHOOL,SECONDARY (S1-S5),NETBALL,PHYSICAL SPORTS,
NORTH VISTA SECONDARY SCHOOL,SECONDARY (S1-S5),OUTDOOR ADVENTURE,PHYSICAL SPORTS,
NORTH VISTA SECONDARY SCHOOL,SECONDARY (S1-S5),SCOUTS,UNIFORMED GROUPS,
NORTH VISTA SECONDARY SCHOOL,SECONDARY (S1-S5),SINGAPORE YOUTH FLYING CLUB,CLUBS AND SOCIETIES,
NORTH VISTA SECONDARY SCHOOL,SECONDARY (S1-S5),SP-CCA (WATER POLO),PHYSICAL SPORTS,
NORTH VISTA SECONDARY SCHOOL,SECONDARY (S1-S5),ST JOHN BRIGADE,UNIFORMED GROUPS,
NORTH VISTA SECONDARY SCHOOL,SECONDARY (S1-S5),STRING ENSEMBLE,VISUAL AND PERFORMING ARTS,
NORTH VISTA SECONDARY SCHOOL,SECONDARY (S1-S5),STUDENT LEADERSHIP (COUNCIL),OTHERS,
NORTH VISTA SECONDARY SCHOOL,SECONDARY (S1-S5),STUDENT LEADERSHIP (HOUSE),OTHERS,
NORTH VISTA SECONDARY SCHOOL,SECONDARY (S1-S5),STUDENT LEADERSHIP (PEER SUPPORT),OTHERS,
NORTH VISTA SECONDARY SCHOOL,SECONDARY (S1-S5),STUDENT LEADERSHIP (PREFECT),OTHERS,
NORTH VISTA SECONDARY SCHOOL,SECONDARY (S1-S5),TRACK AND FIELD,PHYSICAL SPORTS,ATHLETICS
NORTHBROOKS SECONDARY SCHOOL,SECONDARY (S1-S5),AERO-MODELLING,CLUBS AND SOCIETIES,
NORTHBROOKS SECONDARY SCHOOL,SECONDARY (S1-S5),AIKIDO,PHYSICAL SPORTS,
NORTHBROOKS SECONDARY SCHOOL,SECONDARY (S1-S5),ANGKLUNG/KULINTANG ENSEMBLE,VISUAL AND PERFORMING ARTS,
NORTHBROOKS SECONDARY SCHOOL,SECONDARY (S1-S5),ANIMATION,CLUBS AND SOCIETIES,
NORTHBROOKS SECONDARY SCHOOL,SECONDARY (S1-S5),ARCHERY,PHYSICAL SPORTS,
NORTHBROOKS SECONDARY SCHOOL,SECONDARY (S1-S5),ART AND CRAFTS,CLUBS AND SOCIETIES,
NORTHBROOKS SECONDARY SCHOOL,SECONDARY (S1-S5),ARTISTIC GYMNASTICS,PHYSICAL SPORTS,
NORTHBROOKS SECONDARY SCHOOL,SECONDARY (S1-S5),ARTISTIC SWIMMING,PHYSICAL SPORTS,
NORTHBROOKS SECONDARY SCHOOL,SECONDARY (S1-S5),AUDIO VISUAL AID,CLUBS AND SOCIETIES,
NORTHBROOKS SECONDARY SCHOOL,SECONDARY (S1-S5),BADMINTON,PHYSICAL SPORTS,
NORTHBROOKS SECONDARY SCHOOL,SECONDARY (S1-S5),BALLET,VISUAL AND PERFORMING ARTS,
NORTHBROOKS SECONDARY SCHOOL,SECONDARY (S1-S5),BASKETBALL,PHYSICAL SPORTS,
NORTHBROOKS SECONDARY SCHOOL,SECONDARY (S1-S5),BIOLOGICAL SCIENCE,CLUBS AND SOCIETIES,
NORTHBROOKS SECONDARY SCHOOL,SECONDARY (S1-S5),BOCCIA,PHYSICAL SPORTS,
NORTHBROOKS SECONDARY SCHOOL,SECONDARY (S1-S5),BOWLING,PHYSICAL SPORTS,
NORTHBROOKS SECONDARY SCHOOL,SECONDARY (S1-S5),BOYS' BRIGADE,UNIFORMED GROUPS,
NORTHBROOKS SECONDARY SCHOOL,SECONDARY (S1-S5),CONCERT BAND,VISUAL AND PERFORMING ARTS,
NORTHBROOKS SECONDARY SCHOOL,SECONDARY (S1-S5),ENGLISH DRAMA,VISUAL AND PERFORMING ARTS,
NORTHBROOKS SECONDARY SCHOOL,SECONDARY (S1-S5),ENVIRONMENTAL SCIENCE,CLUBS AND SOCIETIES,
NORTHBROOKS SECONDARY SCHOOL,SECONDARY (S1-S5),FLOORBALL,PHYSICAL SPORTS,
NORTHBROOKS SECONDARY SCHOOL,SECONDARY (S1-S5),GUITAR ENSEMBLE,VISUAL AND PERFORMING ARTS,
NORTHBROOKS SECONDARY SCHOOL,SECONDARY (S1-S5),GUZHENG ENSEMBLE,VISUAL AND PERFORMING ARTS,
NORTHBROOKS SECONDARY SCHOOL,SECONDARY (S1-S5),INFOCOMM TECHNOLOGY (MEDIA PRODUCTION),CLUBS AND SOCIETIES,
NORTHBROOKS SECONDARY SCHOOL,SECONDARY (S1-S5),MODERN DANCE,VISUAL AND PERFORMING ARTS,
NORTHBROOKS SECONDARY SCHOOL,SECONDARY (S1-S5),NATIONAL CADET CORPS (AIR),UNIFORMED GROUPS,
NORTHBROOKS SECONDARY SCHOOL,SECONDARY (S1-S5),NATIONAL POLICE CADET CORPS,UNIFORMED GROUPS,
NORTHBROOKS SECONDARY SCHOOL,SECONDARY (S1-S5),OUTDOOR ADVENTURE,PHYSICAL SPORTS,
NORTHBROOKS SECONDARY SCHOOL,SECONDARY (S1-S5),RED CROSS YOUTH,UNIFORMED GROUPS,
NORTHBROOKS SECONDARY SCHOOL,SECONDARY (S1-S5),SP-CCA (ATHLETICS),PHYSICAL SPORTS,
NORTHBROOKS SECONDARY SCHOOL,SECONDARY (S1-S5),STUDENT LEADERSHIP (COUNCIL),OTHERS,
NORTHLAND PRIMARY SCHOOL,PRIMARY,ART AND CRAFTS,CLUBS AND SOCIETIES,ART CLUB
NORTHLAND PRIMARY SCHOOL,PRIMARY,BASKETBALL,PHYSICAL SPORTS,
NORTHLAND PRIMARY SCHOOL,PRIMARY,CHINESE DANCE,VISUAL AND PERFORMING ARTS,CHINESE CULTURAL DANCE
NORTHLAND PRIMARY SCHOOL,PRIMARY,CHOIR,VISUAL AND PERFORMING ARTS,CHOIR
NORTHLAND PRIMARY SCHOOL,PRIMARY,ENGLISH DRAMA,VISUAL AND PERFORMING ARTS,DRAMA CLUB
NORTHLAND PRIMARY SCHOOL,PRIMARY,FOOTBALL,PHYSICAL SPORTS,
NORTHLAND PRIMARY SCHOOL,PRIMARY,GIRL GUIDES (BROWNIES),UNIFORMED GROUPS,BROWNIES
NORTHLAND PRIMARY SCHOOL,PRIMARY,HANDBELL ENSEMBLE,VISUAL AND PERFORMING ARTS,
NORTHLAND PRIMARY SCHOOL,PRIMARY,INFOCOMM TECHNOLOGY (MEDIA PRODUCTION),CLUBS AND SOCIETIES,ROBOTICS CLUB
NORTHLAND PRIMARY SCHOOL,PRIMARY,INTERNATIONAL CHESS,CLUBS AND SOCIETIES,CHESS CLUB
NORTHLAND PRIMARY SCHOOL,PRIMARY,MALAY CULTURE AND LANGUAGE,CLUBS AND SOCIETIES,
NORTHLAND PRIMARY SCHOOL,PRIMARY,MODERN DANCE,VISUAL AND PERFORMING ARTS,
NORTHLAND PRIMARY SCHOOL,PRIMARY,NETBALL,PHYSICAL SPORTS,
NORTHLAND PRIMARY SCHOOL,PRIMARY,SCOUTS,UNIFORMED GROUPS,CUB SCOUTS
NORTHLAND PRIMARY SCHOOL,PRIMARY,STRING ENSEMBLE,VISUAL AND PERFORMING ARTS,
NORTHLAND PRIMARY SCHOOL,PRIMARY,TRACK AND FIELD,PHYSICAL SPORTS,
NORTHLAND PRIMARY SCHOOL,PRIMARY,WUSHU,PHYSICAL SPORTS,
NORTHLAND SECONDARY SCHOOL,SECONDARY (S1-S5),BASKETBALL,PHYSICAL SPORTS,
NORTHLAND SECONDARY SCHOOL,SECONDARY (S1-S5),BOWLING,PHYSICAL SPORTS,
NORTHLAND SECONDARY SCHOOL,SECONDARY (S1-S5),CONCERT BAND,VISUAL AND PERFORMING ARTS,
NORTHLAND SECONDARY SCHOOL,SECONDARY (S1-S5),DESIGN AND INNOVATION,CLUBS AND SOCIETIES,HEART CLUB
NORTHLAND SECONDARY SCHOOL,SECONDARY (S1-S5),FLOORBALL,PHYSICAL SPORTS,
NORTHLAND SECONDARY SCHOOL,SECONDARY (S1-S5),FOOTBALL,PHYSICAL SPORTS,CLUSTER FOOTBALL
NORTHLAND SECONDARY SCHOOL,SECONDARY (S1-S5),GIRL GUIDES,UNIFORMED GROUPS,
NORTHLAND SECONDARY SCHOOL,SECONDARY (S1-S5),GUZHENG ENSEMBLE,VISUAL AND PERFORMING ARTS,
NORTHLAND SECONDARY SCHOOL,SECONDARY (S1-S5),HOCKEY,PHYSICAL SPORTS,
NORTHLAND SECONDARY SCHOOL,SECONDARY (S1-S5),INDIAN DANCE,VISUAL AND PERFORMING ARTS,
NORTHLAND SECONDARY SCHOOL,SECONDARY (S1-S5),INFOCOMM TECHNOLOGY (MEDIA PRODUCTION),CLUBS AND SOCIETIES,
NORTHLAND SECONDARY SCHOOL,SECONDARY (S1-S5),MALAY DANCE,VISUAL AND PERFORMING ARTS,
NORTHLAND SECONDARY SCHOOL,SECONDARY (S1-S5),MODERN DANCE,VISUAL AND PERFORMING ARTS,MCAC
NORTHLAND SECONDARY SCHOOL,SECONDARY (S1-S5),NATIONAL CADET CORPS (AIR),UNIFORMED GROUPS,
NORTHLAND SECONDARY SCHOOL,SECONDARY (S1-S5),NATIONAL POLICE CADET CORPS,UNIFORMED GROUPS,
NORTHLAND SECONDARY SCHOOL,SECONDARY (S1-S5),NETBALL,PHYSICAL SPORTS,
NORTHLAND SECONDARY SCHOOL,SECONDARY (S1-S5),PIPE BAND,VISUAL AND PERFORMING ARTS,
NORTHLAND SECONDARY SCHOOL,SECONDARY (S1-S5),ROBOTICS,CLUBS AND SOCIETIES,CLUSTER INFOCOMM-ROBOTICS
NORTHLAND SECONDARY SCHOOL,SECONDARY (S1-S5),WUSHU,PHYSICAL SPORTS,
NORTHLIGHT SCHOOL,SECONDARY (S1-S4),ART AND CRAFTS,CLUBS AND SOCIETIES,ART CLUB
NORTHLIGHT SCHOOL,SECONDARY (S1-S4),BASKETBALL,PHYSICAL SPORTS,
NORTHLIGHT SCHOOL,SECONDARY (S1-S4),ENGLISH DRAMA,VISUAL AND PERFORMING ARTS,MUSIC CLUB
NORTHLIGHT SCHOOL,SECONDARY (S1-S4),ENTREPRENEURSHIP,CLUBS AND SOCIETIES,
NORTHLIGHT SCHOOL,SECONDARY (S1-S4),ENVIRONMENTAL SCIENCE,CLUBS AND SOCIETIES,ENVIRONMENTAL CLUB
NORTHLIGHT SCHOOL,SECONDARY (S1-S4),FLOORBALL,PHYSICAL SPORTS,
NORTHLIGHT SCHOOL,SECONDARY (S1-S4),FOOD AND CONSUMER EDUCATION,CLUBS AND SOCIETIES,CLUB DE CUISINE
NORTHLIGHT SCHOOL,SECONDARY (S1-S4),FOOTBALL,PHYSICAL SPORTS,
NORTHLIGHT SCHOOL,SECONDARY (S1-S4),GIRL GUIDES,UNIFORMED GROUPS,
NORTHLIGHT SCHOOL,SECONDARY (S1-S4),INFOCOMM TECHNOLOGY (MEDIA PRODUCTION),CLUBS AND SOCIETIES,IT CLUB
NORTHLIGHT SCHOOL,SECONDARY (S1-S4),MODERN DANCE,VISUAL AND PERFORMING ARTS,DANCE
NORTHLIGHT SCHOOL,SECONDARY (S1-S4),NATIONAL CIVIL DEFENCE CADET CORPS,UNIFORMED GROUPS,
NORTHLIGHT SCHOOL,SECONDARY (S1-S4),NETBALL,PHYSICAL SPORTS,
NORTHLIGHT SCHOOL,SECONDARY (S1-S4),READING AND WRITING,CLUBS AND SOCIETIES,RIPPLES CLUB
NORTHLIGHT SCHOOL,SECONDARY (S1-S4),SEPAKTAKRAW,PHYSICAL SPORTS,
NORTHLIGHT SCHOOL,SECONDARY (S1-S4),STUDENT LEADERSHIP (COUNCIL),OTHERS,
NORTHLIGHT SCHOOL,SECONDARY (S1-S4),TRACK AND FIELD,PHYSICAL SPORTS,
NORTHOAKS PRIMARY SCHOOL,PRIMARY,ART AND CRAFTS,CLUBS AND SOCIETIES,
NORTHOAKS PRIMARY SCHOOL,PRIMARY,CHOIR,VISUAL AND PERFORMING ARTS,
NORTHOAKS PRIMARY SCHOOL,PRIMARY,ENVIRONMENTAL SCIENCE,CLUBS AND SOCIETIES,
NORTHOAKS PRIMARY SCHOOL,PRIMARY,FLOORBALL,PHYSICAL SPORTS,
NORTHOAKS PRIMARY SCHOOL,PRIMARY,FOOTBALL,PHYSICAL SPORTS,
NORTHOAKS PRIMARY SCHOOL,PRIMARY,GUITAR ENSEMBLE,VISUAL AND PERFORMING ARTS,
NORTHOAKS PRIMARY SCHOOL,PRIMARY,INFOCOMM TECHNOLOGY (COMPUTING),CLUBS AND SOCIETIES,
NORTHOAKS PRIMARY SCHOOL,PRIMARY,MODERN DANCE,VISUAL AND PERFORMING ARTS,
NORTHOAKS PRIMARY SCHOOL,PRIMARY,NETBALL,PHYSICAL SPORTS,
NORTHOAKS PRIMARY SCHOOL,PRIMARY,WUSHU,PHYSICAL SPORTS,
NORTHSHORE PRIMARY SCHOOL,PRIMARY,ART AND CRAFTS,CLUBS AND SOCIETIES,VISUAL ARTS CLUB
NORTHSHORE PRIMARY SCHOOL,PRIMARY,BADMINTON,PHYSICAL SPORTS,
NORTHSHORE PRIMARY SCHOOL,PRIMARY,BASKETBALL,PHYSICAL SPORTS,
NORTHSHORE PRIMARY SCHOOL,PRIMARY,CHOIR,VISUAL AND PERFORMING ARTS,
NORTHSHORE PRIMARY SCHOOL,PRIMARY,DIGITAL MEDIA,CLUBS AND SOCIETIES,MEDIA & STEM
NORTHSHORE PRIMARY SCHOOL,PRIMARY,ENVIRONMENTAL SCIENCE,CLUBS AND SOCIETIES,GREEN CLUB
NORTHSHORE PRIMARY SCHOOL,PRIMARY,MODERN DANCE,VISUAL AND PERFORMING ARTS,
NORTHSHORE PRIMARY SCHOOL,PRIMARY,MODULAR CCA (SPORTS),PHYSICAL SPORTS,
NORTHSHORE PRIMARY SCHOOL,PRIMARY,SCOUTS,UNIFORMED GROUPS,
NORTHSHORE PRIMARY SCHOOL,PRIMARY,STRING ENSEMBLE,VISUAL AND PERFORMING ARTS,
NORTHSHORE PRIMARY SCHOOL,PRIMARY,TRACK AND FIELD,PHYSICAL SPORTS,
NORTHSHORE PRIMARY SCHOOL,PRIMARY,WUSHU,PHYSICAL SPORTS,
OASIS PRIMARY SCHOOL,PRIMARY,ART AND CRAFTS,CLUBS AND SOCIETIES,
OASIS PRIMARY SCHOOL,PRIMARY,BADMINTON,PHYSICAL SPORTS,
OASIS PRIMARY SCHOOL,PRIMARY,ENGLISH DRAMA,VISUAL AND PERFORMING ARTS,
OASIS PRIMARY SCHOOL,PRIMARY,ENVIRONMENTAL SCIENCE,CLUBS AND SOCIETIES,
OASIS PRIMARY SCHOOL,PRIMARY,FOOTBALL,PHYSICAL SPORTS,
OASIS PRIMARY SCHOOL,PRIMARY,GUITAR ENSEMBLE,VISUAL AND PERFORMING ARTS,
OASIS PRIMARY SCHOOL,PRIMARY,GUZHENG ENSEMBLE,VISUAL AND PERFORMING ARTS,
OASIS PRIMARY SCHOOL,PRIMARY,HOCKEY,PHYSICAL SPORTS,
OASIS PRIMARY SCHOOL,PRIMARY,INFOCOMM TECHNOLOGY (MEDIA PRODUCTION),CLUBS AND SOCIETIES,
OASIS PRIMARY SCHOOL,PRIMARY,MODERN DANCE,VISUAL AND PERFORMING ARTS,
OASIS PRIMARY SCHOOL,PRIMARY,MODULAR CCA (SPORTS),PHYSICAL SPORTS,
OASIS PRIMARY SCHOOL,PRIMARY,PUBLICATION,CLUBS AND SOCIETIES,
OASIS PRIMARY SCHOOL,PRIMARY,ROCKWALL CLIMBING,PHYSICAL SPORTS,
OASIS PRIMARY SCHOOL,PRIMARY,SCOUTS,UNIFORMED GROUPS,
OASIS PRIMARY SCHOOL,PRIMARY,TABLE TENNIS,PHYSICAL SPORTS,
OASIS PRIMARY SCHOOL,PRIMARY,WUSHU,PHYSICAL SPORTS,
OPERA ESTATE PRIMARY SCHOOL,PRIMARY,ANGKLUNG/KULINTANG ENSEMBLE,VISUAL AND PERFORMING ARTS,
OPERA ESTATE PRIMARY SCHOOL,PRIMARY,ART AND CRAFTS,CLUBS AND SOCIETIES,
OPERA ESTATE PRIMARY SCHOOL,PRIMARY,ENGLISH DRAMA,VISUAL AND PERFORMING ARTS,
OPERA ESTATE PRIMARY SCHOOL,PRIMARY,FLOORBALL,PHYSICAL SPORTS,
OPERA ESTATE PRIMARY SCHOOL,PRIMARY,FOOTBALL,PHYSICAL SPORTS,
OPERA ESTATE PRIMARY SCHOOL,PRIMARY,GIRL GUIDES (BROWNIES),UNIFORMED GROUPS,
OPERA ESTATE PRIMARY SCHOOL,PRIMARY,INFOCOMM TECHNOLOGY (COMPUTING),CLUBS AND SOCIETIES,
OPERA ESTATE PRIMARY SCHOOL,PRIMARY,MODERN DANCE,VISUAL AND PERFORMING ARTS,
OPERA ESTATE PRIMARY SCHOOL,PRIMARY,NETBALL,PHYSICAL SPORTS,
OPERA ESTATE PRIMARY SCHOOL,PRIMARY,SCOUTS,UNIFORMED GROUPS,
OPERA ESTATE PRIMARY SCHOOL,PRIMARY,STRATEGY GAMES,CLUBS AND SOCIETIES,
OPERA ESTATE PRIMARY SCHOOL,PRIMARY,STUDENT LEADERSHIP (PREFECT),OTHERS,
ORCHID PARK SECONDARY SCHOOL,SECONDARY (S1-S5),ART AND CRAFTS,CLUBS AND SOCIETIES,
ORCHID PARK SECONDARY SCHOOL,SECONDARY (S1-S5),BASKETBALL,PHYSICAL SPORTS,
ORCHID PARK SECONDARY SCHOOL,SECONDARY (S1-S5),BOYS' BRIGADE,UNIFORMED GROUPS,
ORCHID PARK SECONDARY SCHOOL,SECONDARY (S1-S5),CONCERT BAND,VISUAL AND PERFORMING ARTS,
ORCHID PARK SECONDARY SCHOOL,SECONDARY (S1-S5),ENGLISH DRAMA,VISUAL AND PERFORMING ARTS,
ORCHID PARK SECONDARY SCHOOL,SECONDARY (S1-S5),FLOORBALL,PHYSICAL SPORTS,
ORCHID PARK SECONDARY SCHOOL,SECONDARY (S1-S5),FOOTBALL,PHYSICAL SPORTS,
ORCHID PARK SECONDARY SCHOOL,SECONDARY (S1-S5),GIRLS' BRIGADE,UNIFORMED GROUPS,
ORCHID PARK SECONDARY SCHOOL,SECONDARY (S1-S5),GUITAR ENSEMBLE,VISUAL AND PERFORMING ARTS,
ORCHID PARK SECONDARY SCHOOL,SECONDARY (S1-S5),HOCKEY,PHYSICAL SPORTS,
ORCHID PARK SECONDARY SCHOOL,SECONDARY (S1-S5),INFOCOMM TECHNOLOGY (MEDIA PRODUCTION),CLUBS AND SOCIETIES,
ORCHID PARK SECONDARY SCHOOL,SECONDARY (S1-S5),MODERN DANCE,VISUAL AND PERFORMING ARTS,
ORCHID PARK SECONDARY SCHOOL,SECONDARY (S1-S5),MODULAR CCA (C&S),CLUBS AND SOCIETIES,
ORCHID PARK SECONDARY SCHOOL,SECONDARY (S1-S5),NATIONAL CADET CORPS (SEA),UNIFORMED GROUPS,
ORCHID PARK SECONDARY SCHOOL,SECONDARY (S1-S5),NATIONAL CIVIL DEFENCE CADET CORPS,UNIFORMED GROUPS,
ORCHID PARK SECONDARY SCHOOL,SECONDARY (S1-S5),NATIONAL POLICE CADET CORPS,UNIFORMED GROUPS,
ORCHID PARK SECONDARY SCHOOL,SECONDARY (S1-S5),NETBALL,PHYSICAL SPORTS,
ORCHID PARK SECONDARY SCHOOL,SECONDARY (S1-S5),SEPAKTAKRAW,PHYSICAL SPORTS,
ORCHID PARK SECONDARY SCHOOL,SECONDARY (S1-S5),SINGAPORE YOUTH FLYING CLUB,CLUBS AND SOCIETIES,
ORCHID PARK SECONDARY SCHOOL,SECONDARY (S1-S5),SP-CCA (ATHLETICS),PHYSICAL SPORTS,
ORCHID PARK SECONDARY SCHOOL,SECONDARY (S1-S5),STUDENT LEADERSHIP (COUNCIL),OTHERS,
ORCHID PARK SECONDARY SCHOOL,SECONDARY (S1-S5),STUDENT LEADERSHIP (PEER SUPPORT),OTHERS,
ORCHID PARK SECONDARY SCHOOL,SECONDARY (S1-S5),TAEKWONDO,PHYSICAL SPORTS,
ORCHID PARK SECONDARY SCHOOL,SECONDARY (S1-S5),VOLLEYBALL,PHYSICAL SPORTS,
ORCHID PARK SECONDARY SCHOOL,SECONDARY (S1-S5),WUSHU,PHYSICAL SPORTS,
OUTRAM SECONDARY SCHOOL,SECONDARY (S1-S5),AUDIO VISUAL AID,CLUBS AND SOCIETIES,
OUTRAM SECONDARY SCHOOL,SECONDARY (S1-S5),BADMINTON,PHYSICAL SPORTS,
OUTRAM SECONDARY SCHOOL,SECONDARY (S1-S5),BASKETBALL,PHYSICAL SPORTS,
OUTRAM SECONDARY SCHOOL,SECONDARY (S1-S5),CONCERT BAND,VISUAL AND PERFORMING ARTS,
OUTRAM SECONDARY SCHOOL,SECONDARY (S1-S5),FRISBEE,PHYSICAL SPORTS,
OUTRAM SECONDARY SCHOOL,SECONDARY (S1-S5),MODERN DANCE,VISUAL AND PERFORMING ARTS,
OUTRAM SECONDARY SCHOOL,SECONDARY (S1-S5),NATIONAL CADET CORPS (LAND),UNIFORMED GROUPS,
OUTRAM SECONDARY SCHOOL,SECONDARY (S1-S5),NATIONAL CIVIL DEFENCE CADET CORPS,UNIFORMED GROUPS,
OUTRAM SECONDARY SCHOOL,SECONDARY (S1-S5),NATIONAL POLICE CADET CORPS,UNIFORMED GROUPS,
OUTRAM SECONDARY SCHOOL,SECONDARY (S1-S5),NETBALL,PHYSICAL SPORTS,
OUTRAM SECONDARY SCHOOL,SECONDARY (S1-S5),PHOTOGRAPHY,CLUBS AND SOCIETIES,
OUTRAM SECONDARY SCHOOL,SECONDARY (S1-S5),ROCKWALL CLIMBING,PHYSICAL SPORTS,
OUTRAM SECONDARY SCHOOL,SECONDARY (S1-S5),STUDENT LEADERSHIP (COUNCIL),OTHERS,
OUTRAM SECONDARY SCHOOL,SECONDARY (S1-S5),STUDENT LEADERSHIP (HOUSE),OTHERS,
OUTRAM SECONDARY SCHOOL,SECONDARY (S1-S5),STUDENT LEADERSHIP (PEER SUPPORT),OTHERS,
OUTRAM SECONDARY SCHOOL,SECONDARY (S1-S5),SWIMMING,PHYSICAL SPORTS,
OUTRAM SECONDARY SCHOOL,SECONDARY (S1-S5),WATER POLO,PHYSICAL SPORTS,
PALM VIEW PRIMARY SCHOOL,PRIMARY,ART AND CRAFTS,CLUBS AND SOCIETIES,
PALM VIEW PRIMARY SCHOOL,PRIMARY,BADMINTON,PHYSICAL SPORTS,
PALM VIEW PRIMARY SCHOOL,PRIMARY,BASKETBALL,PHYSICAL SPORTS,
PALM VIEW PRIMARY SCHOOL,PRIMARY,CHOIR,VISUAL AND PERFORMING ARTS,
PALM VIEW PRIMARY SCHOOL,PRIMARY,ENGLISH DRAMA,VISUAL AND PERFORMING ARTS,
PALM VIEW PRIMARY SCHOOL,PRIMARY,FOOTBALL,PHYSICAL SPORTS,
PALM VIEW PRIMARY SCHOOL,PRIMARY,INFOCOMM TECHNOLOGY (MEDIA PRODUCTION),CLUBS AND SOCIETIES,
PALM VIEW PRIMARY SCHOOL,PRIMARY,MODERN DANCE,VISUAL AND PERFORMING ARTS,
PALM VIEW PRIMARY SCHOOL,PRIMARY,NETBALL,PHYSICAL SPORTS,
PALM VIEW PRIMARY SCHOOL,PRIMARY,PHYSICAL SCIENCE,CLUBS AND SOCIETIES,
PALM VIEW PRIMARY SCHOOL,PRIMARY,ROBOTICS,CLUBS AND SOCIETIES,
PALM VIEW PRIMARY SCHOOL,PRIMARY,STUDENT LEADERSHIP (PREFECT),OTHERS,
PALM VIEW PRIMARY SCHOOL,PRIMARY,TABLE TENNIS,PHYSICAL SPORTS,
PARK VIEW PRIMARY SCHOOL,PRIMARY,ART AND CRAFTS,CLUBS AND SOCIETIES,
PARK VIEW PRIMARY SCHOOL,PRIMARY,CHOIR,VISUAL AND PERFORMING ARTS,Show Choir
PARK VIEW PRIMARY SCHOOL,PRIMARY,COMMUNITY SERVICE,CLUBS AND SOCIETIES,Student Leadership Council (SLC)
PARK VIEW PRIMARY SCHOOL,PRIMARY,"ENGLISH LANGUAGE, DRAMA AND DEBATING",CLUBS AND SOCIETIES,Drama Club
PARK VIEW PRIMARY SCHOOL,PRIMARY,ENVIRONMENTAL SCIENCE,CLUBS AND SOCIETIES,Environment Club
PARK VIEW PRIMARY SCHOOL,PRIMARY,FLOORBALL,PHYSICAL SPORTS,
PARK VIEW PRIMARY SCHOOL,PRIMARY,FOOTBALL,PHYSICAL SPORTS,
PARK VIEW PRIMARY SCHOOL,PRIMARY,GUZHENG ENSEMBLE,VISUAL AND PERFORMING ARTS,
PARK VIEW PRIMARY SCHOOL,PRIMARY,INFOCOMM TECHNOLOGY (MEDIA PRODUCTION),CLUBS AND SOCIETIES,Infocomm Club
PARK VIEW PRIMARY SCHOOL,PRIMARY,MATHEMATICS,CLUBS AND SOCIETIES,
PARK VIEW PRIMARY SCHOOL,PRIMARY,MODERN DANCE,VISUAL AND PERFORMING ARTS,Creative Dance
PARK VIEW PRIMARY SCHOOL,PRIMARY,NETBALL,PHYSICAL SPORTS,
PARK VIEW PRIMARY SCHOOL,PRIMARY,SCOUTS,UNIFORMED GROUPS,
PARK VIEW PRIMARY SCHOOL,PRIMARY,STUDENT LEADERSHIP (COUNCIL),OTHERS,
PARK VIEW PRIMARY SCHOOL,PRIMARY,STUDENT LEADERSHIP (HOUSE),OTHERS,
PARK VIEW PRIMARY SCHOOL,PRIMARY,STUDENT LEADERSHIP (PEER SUPPORT),OTHERS,
PARK VIEW PRIMARY SCHOOL,PRIMARY,STUDENT LEADERSHIP (PREFECT),OTHERS,
PARK VIEW PRIMARY SCHOOL,PRIMARY,VOLLEYBALL,PHYSICAL SPORTS,
PARK VIEW PRIMARY SCHOOL,PRIMARY,WUSHU,PHYSICAL SPORTS,
PASIR RIS CREST SECONDARY SCHOOL,SECONDARY (S1-S5),AUDIO VISUAL AID,CLUBS AND SOCIETIES,AV/PA CLUB
PASIR RIS CREST SECONDARY SCHOOL,SECONDARY (S1-S5),BOWLING,PHYSICAL SPORTS,
PASIR RIS CREST SECONDARY SCHOOL,SECONDARY (S1-S5),CHINESE ORCHESTRA,VISUAL AND PERFORMING ARTS,
PASIR RIS CREST SECONDARY SCHOOL,SECONDARY (S1-S5),CHOIR,VISUAL AND PERFORMING ARTS,
PASIR RIS CREST SECONDARY SCHOOL,SECONDARY (S1-S5),CONCERT BAND,VISUAL AND PERFORMING ARTS,
PASIR RIS CREST SECONDARY SCHOOL,SECONDARY (S1-S5),DEBATING AND PUBLIC SPEAKING,CLUBS AND SOCIETIES,MEDIA COMMUNICATIONS CLUB
PASIR RIS CREST SECONDARY SCHOOL,SECONDARY (S1-S5),ENGLISH DRAMA,VISUAL AND PERFORMING ARTS,
PASIR RIS CREST SECONDARY SCHOOL,SECONDARY (S1-S5),FENCING,PHYSICAL SPORTS,
PASIR RIS CREST SECONDARY SCHOOL,SECONDARY (S1-S5),GIRL GUIDES,UNIFORMED GROUPS,
PASIR RIS CREST SECONDARY SCHOOL,SECONDARY (S1-S5),GUZHENG ENSEMBLE,VISUAL AND PERFORMING ARTS,
PASIR RIS CREST SECONDARY SCHOOL,SECONDARY (S1-S5),MODERN DANCE,VISUAL AND PERFORMING ARTS,
PASIR RIS CREST SECONDARY SCHOOL,SECONDARY (S1-S5),NATIONAL CADET CORPS (LAND),UNIFORMED GROUPS,
PASIR RIS CREST SECONDARY SCHOOL,SECONDARY (S1-S5),NATIONAL POLICE CADET CORPS,UNIFORMED GROUPS,
PASIR RIS CREST SECONDARY SCHOOL,SECONDARY (S1-S5),NETBALL,PHYSICAL SPORTS,
PASIR RIS CREST SECONDARY SCHOOL,SECONDARY (S1-S5),SAILING,PHYSICAL SPORTS,
PASIR RIS CREST SECONDARY SCHOOL,SECONDARY (S1-S5),SINGAPORE YOUTH FLYING CLUB,CLUBS AND SOCIETIES,
PASIR RIS CREST SECONDARY SCHOOL,SECONDARY (S1-S5),SOFTBALL,PHYSICAL SPORTS,
PASIR RIS CREST SECONDARY SCHOOL,SECONDARY (S1-S5),SP-CCA (ATHLETICS),PHYSICAL SPORTS,
PASIR RIS CREST SECONDARY SCHOOL,SECONDARY (S1-S5),ST JOHN BRIGADE,UNIFORMED GROUPS,
PASIR RIS CREST SECONDARY SCHOOL,SECONDARY (S1-S5),TABLE TENNIS,PHYSICAL SPORTS,
PASIR RIS CREST SECONDARY SCHOOL,SECONDARY (S1-S5),TAEKWONDO,PHYSICAL SPORTS,
PASIR RIS CREST SECONDARY SCHOOL,SECONDARY (S1-S5),TRACK AND FIELD,PHYSICAL SPORTS,
PASIR RIS CREST SECONDARY SCHOOL,SECONDARY (S1-S5),VOLLEYBALL,PHYSICAL SPORTS,
PASIR RIS PRIMARY SCHOOL,PRIMARY,ART AND CRAFTS,CLUBS AND SOCIETIES,
PASIR RIS PRIMARY SCHOOL,PRIMARY,ARTISTIC GYMNASTICS,PHYSICAL SPORTS,
PASIR RIS PRIMARY SCHOOL,PRIMARY,CHOIR,VISUAL AND PERFORMING ARTS,
PASIR RIS PRIMARY SCHOOL,PRIMARY,CULTURAL DANCE,VISUAL AND PERFORMING ARTS,
PASIR RIS PRIMARY SCHOOL,PRIMARY,FLOORBALL,PHYSICAL SPORTS,
PASIR RIS PRIMARY SCHOOL,PRIMARY,FOOTBALL,PHYSICAL SPORTS,
PASIR RIS PRIMARY SCHOOL,PRIMARY,GUZHENG ENSEMBLE,VISUAL AND PERFORMING ARTS,
PASIR RIS PRIMARY SCHOOL,PRIMARY,INFOCOMM TECHNOLOGY (MEDIA PRODUCTION),CLUBS AND SOCIETIES,
PASIR RIS PRIMARY SCHOOL,PRIMARY,INTERNATIONAL CHESS,CLUBS AND SOCIETIES,
PASIR RIS PRIMARY SCHOOL,PRIMARY,NETBALL,PHYSICAL SPORTS,
PASIR RIS PRIMARY SCHOOL,PRIMARY,OUTDOOR ADVENTURE,PHYSICAL SPORTS,
PASIR RIS PRIMARY SCHOOL,PRIMARY,ROPE SKIPPING,PHYSICAL SPORTS,
PASIR RIS PRIMARY SCHOOL,PRIMARY,SAILING,PHYSICAL SPORTS,
PASIR RIS PRIMARY SCHOOL,PRIMARY,SPEECH AND DRAMA,CLUBS AND SOCIETIES,
PASIR RIS PRIMARY SCHOOL,PRIMARY,STUDENT LEADERSHIP (PREFECT),OTHERS,
PASIR RIS PRIMARY SCHOOL,PRIMARY,SWIMMING,PHYSICAL SPORTS,
PASIR RIS PRIMARY SCHOOL,PRIMARY,TABLE TENNIS,PHYSICAL SPORTS,
PASIR RIS PRIMARY SCHOOL,PRIMARY,TAEKWONDO,PHYSICAL SPORTS,
PASIR RIS PRIMARY SCHOOL,PRIMARY,TENNIS,PHYSICAL SPORTS,
PASIR RIS PRIMARY SCHOOL,PRIMARY,TRACK AND FIELD,PHYSICAL SPORTS,
PASIR RIS PRIMARY SCHOOL,PRIMARY,WUSHU,PHYSICAL SPORTS,
PASIR RIS SECONDARY SCHOOL,SECONDARY (S1-S5),BADMINTON,PHYSICAL SPORTS,
PASIR RIS SECONDARY SCHOOL,SECONDARY (S1-S5),BASKETBALL,PHYSICAL SPORTS,
PASIR RIS SECONDARY SCHOOL,SECONDARY (S1-S5),CHINESE ORCHESTRA,VISUAL AND PERFORMING ARTS,
PASIR RIS SECONDARY SCHOOL,SECONDARY (S1-S5),CHOIR,VISUAL AND PERFORMING ARTS,
PASIR RIS SECONDARY SCHOOL,SECONDARY (S1-S5),CONCERT BAND,VISUAL AND PERFORMING ARTS,
PASIR RIS SECONDARY SCHOOL,SECONDARY (S1-S5),DESIGN AND INNOVATION,CLUBS AND SOCIETIES,TINKERS CLUB
PASIR RIS SECONDARY SCHOOL,SECONDARY (S1-S5),ENGLISH DRAMA,VISUAL AND PERFORMING ARTS,
PASIR RIS SECONDARY SCHOOL,SECONDARY (S1-S5),FLOORBALL,PHYSICAL SPORTS,
PASIR RIS SECONDARY SCHOOL,SECONDARY (S1-S5),FOOTBALL,PHYSICAL SPORTS,
PASIR RIS SECONDARY SCHOOL,SECONDARY (S1-S5),INFOCOMM TECHNOLOGY (MEDIA PRODUCTION),CLUBS AND SOCIETIES,AUDIO VISUAL LIGHTS
PASIR RIS SECONDARY SCHOOL,SECONDARY (S1-S5),MODERN DANCE,VISUAL AND PERFORMING ARTS,
PASIR RIS SECONDARY SCHOOL,SECONDARY (S1-S5),NATIONAL CADET CORPS (LAND),UNIFORMED GROUPS,
PASIR RIS SECONDARY SCHOOL,SECONDARY (S1-S5),NATIONAL CIVIL DEFENCE CADET CORPS,UNIFORMED GROUPS,
PASIR RIS SECONDARY SCHOOL,SECONDARY (S1-S5),NATIONAL POLICE CADET CORPS,UNIFORMED GROUPS,
PASIR RIS SECONDARY SCHOOL,SECONDARY (S1-S5),NETBALL,PHYSICAL SPORTS,
PASIR RIS SECONDARY SCHOOL,SECONDARY (S1-S5),SINGAPORE NATIONAL YOUTH ORCHESTRA,VISUAL AND PERFORMING ARTS,
PASIR RIS SECONDARY SCHOOL,SECONDARY (S1-S5),SINGAPORE YOUTH FLYING CLUB,CLUBS AND SOCIETIES,
PASIR RIS SECONDARY SCHOOL,SECONDARY (S1-S5),SP-CCA (ATHLETICS),PHYSICAL SPORTS,
PASIR RIS SECONDARY SCHOOL,SECONDARY (S1-S5),SP-CCA (CANOEING),PHYSICAL SPORTS,
PASIR RIS SECONDARY SCHOOL,SECONDARY (S1-S5),SP-CCA (WATER POLO),PHYSICAL SPORTS,
PASIR RIS SECONDARY SCHOOL,SECONDARY (S1-S5),STUDENT LEADERSHIP (COUNCIL),OTHERS,
PASIR RIS SECONDARY SCHOOL,SECONDARY (S1-S5),VOLLEYBALL,PHYSICAL SPORTS,
PAYA LEBAR METHODIST GIRLS' SCHOOL (PRIMARY),PRIMARY,ANGKLUNG/KULINTANG ENSEMBLE,VISUAL AND PERFORMING ARTS,
PAYA LEBAR METHODIST GIRLS' SCHOOL (PRIMARY),PRIMARY,ART AND CRAFTS,CLUBS AND SOCIETIES,
PAYA LEBAR METHODIST GIRLS' SCHOOL (PRIMARY),PRIMARY,BADMINTON,PHYSICAL SPORTS,
PAYA LEBAR METHODIST GIRLS' SCHOOL (PRIMARY),PRIMARY,CHOIR,VISUAL AND PERFORMING ARTS,
PAYA LEBAR METHODIST GIRLS' SCHOOL (PRIMARY),PRIMARY,"ENGLISH LANGUAGE, DRAMA AND DEBATING",CLUBS AND SOCIETIES,
PAYA LEBAR METHODIST GIRLS' SCHOOL (PRIMARY),PRIMARY,ENVIRONMENTAL SCIENCE,CLUBS AND SOCIETIES,ENVIRONMENTCLUB
PAYA LEBAR METHODIST GIRLS' SCHOOL (PRIMARY),PRIMARY,FAITH-BASED CCA,CLUBS AND SOCIETIES,CHRISTIAN FELLOWSHIP
PAYA LEBAR METHODIST GIRLS' SCHOOL (PRIMARY),PRIMARY,GIRLS' BRIGADE,UNIFORMED GROUPS,
PAYA LEBAR METHODIST GIRLS' SCHOOL (PRIMARY),PRIMARY,HANDBELL ENSEMBLE,VISUAL AND PERFORMING ARTS,
PAYA LEBAR METHODIST GIRLS' SCHOOL (PRIMARY),PRIMARY,INFOCOMM TECHNOLOGY (COMPUTING),CLUBS AND SOCIETIES,INNOVATION CLUB
PAYA LEBAR METHODIST GIRLS' SCHOOL (PRIMARY),PRIMARY,MODERN DANCE,VISUAL AND PERFORMING ARTS,INTERNATIONAL DANCE
PAYA LEBAR METHODIST GIRLS' SCHOOL (PRIMARY),PRIMARY,MODULAR CCA (SPORTS),PHYSICAL SPORTS,
PAYA LEBAR METHODIST GIRLS' SCHOOL (PRIMARY),PRIMARY,NETBALL,PHYSICAL SPORTS,
PAYA LEBAR METHODIST GIRLS' SCHOOL (PRIMARY),PRIMARY,RHYTHMIC GYMNASTICS,PHYSICAL SPORTS,
PAYA LEBAR METHODIST GIRLS' SCHOOL (PRIMARY),PRIMARY,ROPE SKIPPING,PHYSICAL SPORTS,
PAYA LEBAR METHODIST GIRLS' SCHOOL (PRIMARY),PRIMARY,STRING ENSEMBLE,VISUAL AND PERFORMING ARTS,
PAYA LEBAR METHODIST GIRLS' SCHOOL (PRIMARY),PRIMARY,STUDENT LEADERSHIP (PREFECT),OTHERS,
PAYA LEBAR METHODIST GIRLS' SCHOOL (PRIMARY),PRIMARY,TABLE TENNIS,PHYSICAL SPORTS,
PAYA LEBAR METHODIST GIRLS' SCHOOL (PRIMARY),PRIMARY,TRACK AND FIELD,PHYSICAL SPORTS,
PAYA LEBAR METHODIST GIRLS' SCHOOL (SECONDARY),SECONDARY (S1-S5),BADMINTON,PHYSICAL SPORTS,
PAYA LEBAR METHODIST GIRLS' SCHOOL (SECONDARY),SECONDARY (S1-S5),CHINESE DRAMA,VISUAL AND PERFORMING ARTS,
PAYA LEBAR METHODIST GIRLS' SCHOOL (SECONDARY),SECONDARY (S1-S5),CHOIR,VISUAL AND PERFORMING ARTS,
PAYA LEBAR METHODIST GIRLS' SCHOOL (SECONDARY),SECONDARY (S1-S5),CONCERT BAND,VISUAL AND PERFORMING ARTS,
PAYA LEBAR METHODIST GIRLS' SCHOOL (SECONDARY),SECONDARY (S1-S5),ENGLISH DRAMA,VISUAL AND PERFORMING ARTS,
PAYA LEBAR METHODIST GIRLS' SCHOOL (SECONDARY),SECONDARY (S1-S5),"ENGLISH LANGUAGE, DRAMA AND DEBATING",CLUBS AND SOCIETIES,
PAYA LEBAR METHODIST GIRLS' SCHOOL (SECONDARY),SECONDARY (S1-S5),GIRLS' BRIGADE,UNIFORMED GROUPS,
PAYA LEBAR METHODIST GIRLS' SCHOOL (SECONDARY),SECONDARY (S1-S5),GUITAR ENSEMBLE,VISUAL AND PERFORMING ARTS,
PAYA LEBAR METHODIST GIRLS' SCHOOL (SECONDARY),SECONDARY (S1-S5),GUZHENG ENSEMBLE,VISUAL AND PERFORMING ARTS,
PAYA LEBAR METHODIST GIRLS' SCHOOL (SECONDARY),SECONDARY (S1-S5),HANDBELL ENSEMBLE,VISUAL AND PERFORMING ARTS,
PAYA LEBAR METHODIST GIRLS' SCHOOL (SECONDARY),SECONDARY (S1-S5),HARP ENSEMBLE,VISUAL AND PERFORMING ARTS,
PAYA LEBAR METHODIST GIRLS' SCHOOL (SECONDARY),SECONDARY (S1-S5),INFOCOMM TECHNOLOGY (MEDIA PRODUCTION),CLUBS AND SOCIETIES,
PAYA LEBAR METHODIST GIRLS' SCHOOL (SECONDARY),SECONDARY (S1-S5),MODERN DANCE,VISUAL AND PERFORMING ARTS,
PAYA LEBAR METHODIST GIRLS' SCHOOL (SECONDARY),SECONDARY (S1-S5),NATIONAL POLICE CADET CORPS,UNIFORMED GROUPS,
PAYA LEBAR METHODIST GIRLS' SCHOOL (SECONDARY),SECONDARY (S1-S5),NETBALL,PHYSICAL SPORTS,
PAYA LEBAR METHODIST GIRLS' SCHOOL (SECONDARY),SECONDARY (S1-S5),RHYTHMIC GYMNASTICS,PHYSICAL SPORTS,
PAYA LEBAR METHODIST GIRLS' SCHOOL (SECONDARY),SECONDARY (S1-S5),ST JOHN BRIGADE,UNIFORMED GROUPS,
PAYA LEBAR METHODIST GIRLS' SCHOOL (SECONDARY),SECONDARY (S1-S5),SWIMMING,PHYSICAL SPORTS,
PAYA LEBAR METHODIST GIRLS' SCHOOL (SECONDARY),SECONDARY (S1-S5),TABLE TENNIS,PHYSICAL SPORTS,
PAYA LEBAR METHODIST GIRLS' SCHOOL (SECONDARY),SECONDARY (S1-S5),TRACK AND FIELD,PHYSICAL SPORTS,
PAYA LEBAR METHODIST GIRLS' SCHOOL (SECONDARY),SECONDARY (S1-S5),VOLLEYBALL,PHYSICAL SPORTS,
PEI CHUN PUBLIC SCHOOL,PRIMARY,ART AND CRAFTS,CLUBS AND SOCIETIES,
PEI CHUN PUBLIC SCHOOL,PRIMARY,BASKETBALL,PHYSICAL SPORTS,
PEI CHUN PUBLIC SCHOOL,PRIMARY,CHINESE CALLIGRAPHY AND BRUSH PAINTING,CLUBS AND SOCIETIES,CHINESE INK BRUSH PAINTING
PEI CHUN PUBLIC SCHOOL,PRIMARY,CHINESE DANCE,VISUAL AND PERFORMING ARTS,
PEI CHUN PUBLIC SCHOOL,PRIMARY,CHINESE ORCHESTRA,VISUAL AND PERFORMING ARTS,
PEI CHUN PUBLIC SCHOOL,PRIMARY,CHOIR,VISUAL AND PERFORMING ARTS,
PEI CHUN PUBLIC SCHOOL,PRIMARY,ENVIRONMENTAL SCIENCE,CLUBS AND SOCIETIES,SCIENCE AND GARDENING CLUB
PEI CHUN PUBLIC SCHOOL,PRIMARY,INFOCOMM TECHNOLOGY (MEDIA PRODUCTION),CLUBS AND SOCIETIES,#DIGI.ME CLUB
PEI CHUN PUBLIC SCHOOL,PRIMARY,MODULAR CCA (SPORTS),PHYSICAL SPORTS,LET'S PLAY SPORTS
PEI CHUN PUBLIC SCHOOL,PRIMARY,SCOUTS,UNIFORMED GROUPS,
PEI CHUN PUBLIC SCHOOL,PRIMARY,STRATEGY GAMES,CLUBS AND SOCIETIES,STRATEGIC BOARD GAMES
PEI CHUN PUBLIC SCHOOL,PRIMARY,STUDENT LEADERSHIP (HOUSE),OTHERS,STUDENT LEADERSHIP (PAM)
PEI CHUN PUBLIC SCHOOL,PRIMARY,STUDENT LEADERSHIP (PEER SUPPORT),OTHERS,STUDENT LEADERSHIP (PEER SUPPORT)
PEI CHUN PUBLIC SCHOOL,PRIMARY,STUDENT LEADERSHIP (PREFECT),OTHERS,STUDENT LEADERSHIP (PREFECTORIAL)
PEI CHUN PUBLIC SCHOOL,PRIMARY,TABLE TENNIS,PHYSICAL SPORTS,
PEI CHUN PUBLIC SCHOOL,PRIMARY,VOLLEYBALL,PHYSICAL SPORTS,
PEI CHUN PUBLIC SCHOOL,PRIMARY,WUSHU,PHYSICAL SPORTS,
PEI HWA PRESBYTERIAN PRIMARY SCHOOL,PRIMARY,ART AND CRAFTS,CLUBS AND SOCIETIES,
PEI HWA PRESBYTERIAN PRIMARY SCHOOL,PRIMARY,BASKETBALL,PHYSICAL SPORTS,
PEI HWA PRESBYTERIAN PRIMARY SCHOOL,PRIMARY,BOYS' BRIGADE,UNIFORMED GROUPS,
PEI HWA PRESBYTERIAN PRIMARY SCHOOL,PRIMARY,CHINESE CULTURE AND LANGUAGE,CLUBS AND SOCIETIES,
PEI HWA PRESBYTERIAN PRIMARY SCHOOL,PRIMARY,CHINESE DANCE,VISUAL AND PERFORMING ARTS,
PEI HWA PRESBYTERIAN PRIMARY SCHOOL,PRIMARY,CHINESE DRUMS,VISUAL AND PERFORMING ARTS,
PEI HWA PRESBYTERIAN PRIMARY SCHOOL,PRIMARY,CHOIR,VISUAL AND PERFORMING ARTS,
PEI HWA PRESBYTERIAN PRIMARY SCHOOL,PRIMARY,ENGLISH DRAMA,VISUAL AND PERFORMING ARTS,
PEI HWA PRESBYTERIAN PRIMARY SCHOOL,PRIMARY,FAITH-BASED CCA,CLUBS AND SOCIETIES,
PEI HWA PRESBYTERIAN PRIMARY SCHOOL,PRIMARY,GIRLS' BRIGADE,UNIFORMED GROUPS,
PEI HWA PRESBYTERIAN PRIMARY SCHOOL,PRIMARY,GUITAR ENSEMBLE,VISUAL AND PERFORMING ARTS,
PEI HWA PRESBYTERIAN PRIMARY SCHOOL,PRIMARY,GUZHENG ENSEMBLE,VISUAL AND PERFORMING ARTS,
PEI HWA PRESBYTERIAN PRIMARY SCHOOL,PRIMARY,INFOCOMM TECHNOLOGY (MEDIA PRODUCTION),CLUBS AND SOCIETIES,
PEI HWA PRESBYTERIAN PRIMARY SCHOOL,PRIMARY,MODERN DANCE,VISUAL AND PERFORMING ARTS,
PEI HWA PRESBYTERIAN PRIMARY SCHOOL,PRIMARY,RHYTHMIC GYMNASTICS,PHYSICAL SPORTS,
PEI HWA PRESBYTERIAN PRIMARY SCHOOL,PRIMARY,ROBOTICS,CLUBS AND SOCIETIES,
PEI HWA PRESBYTERIAN PRIMARY SCHOOL,PRIMARY,TABLE TENNIS,PHYSICAL SPORTS,
PEI HWA PRESBYTERIAN PRIMARY SCHOOL,PRIMARY,TCHOUKBALL,PHYSICAL SPORTS,
PEI HWA PRESBYTERIAN PRIMARY SCHOOL,PRIMARY,TRACK AND FIELD,PHYSICAL SPORTS,
PEI HWA PRESBYTERIAN PRIMARY SCHOOL,PRIMARY,WUSHU,PHYSICAL SPORTS,
PEI HWA SECONDARY SCHOOL,SECONDARY (S1-S5),ART AND CRAFTS,CLUBS AND SOCIETIES,PEI HWA ART COUNCIL
PEI HWA SECONDARY SCHOOL,SECONDARY (S1-S5),BADMINTON,PHYSICAL SPORTS,
PEI HWA SECONDARY SCHOOL,SECONDARY (S1-S5),BASKETBALL,PHYSICAL SPORTS,
PEI HWA SECONDARY SCHOOL,SECONDARY (S1-S5),CHOIR,VISUAL AND PERFORMING ARTS,PEI HWA VOICES
PEI HWA SECONDARY SCHOOL,SECONDARY (S1-S5),CONCERT BAND,VISUAL AND PERFORMING ARTS,SYMPHONIC BAND
PEI HWA SECONDARY SCHOOL,SECONDARY (S1-S5),FLOORBALL,PHYSICAL SPORTS,
PEI HWA SECONDARY SCHOOL,SECONDARY (S1-S5),FOOTBALL,PHYSICAL SPORTS,
PEI HWA SECONDARY SCHOOL,SECONDARY (S1-S5),GUZHENG ENSEMBLE,VISUAL AND PERFORMING ARTS,
PEI HWA SECONDARY SCHOOL,SECONDARY (S1-S5),INFOCOMM TECHNOLOGY (MEDIA PRODUCTION),CLUBS AND SOCIETIES,INFOCOMM CLUB
PEI HWA SECONDARY SCHOOL,SECONDARY (S1-S5),JOURNALISM,CLUBS AND SOCIETIES,PEI HWA TIMES
PEI HWA SECONDARY SCHOOL,SECONDARY (S1-S5),MODERN DANCE,VISUAL AND PERFORMING ARTS,DANCE SOCIETY
PEI HWA SECONDARY SCHOOL,SECONDARY (S1-S5),NATIONAL CADET CORPS (LAND),UNIFORMED GROUPS,
PEI HWA SECONDARY SCHOOL,SECONDARY (S1-S5),NATIONAL CIVIL DEFENCE CADET CORPS,UNIFORMED GROUPS,
PEI HWA SECONDARY SCHOOL,SECONDARY (S1-S5),NATIONAL POLICE CADET CORPS,UNIFORMED GROUPS,
PEI HWA SECONDARY SCHOOL,SECONDARY (S1-S5),OUTDOOR ADVENTURE,PHYSICAL SPORTS,OUTDOOR ACTIVITIES CLUB
PEI HWA SECONDARY SCHOOL,SECONDARY (S1-S5),ROBOTICS,CLUBS AND SOCIETIES,ROBOTICS CLUB
PEI HWA SECONDARY SCHOOL,SECONDARY (S1-S5),SINGAPORE YOUTH FLYING CLUB,CLUBS AND SOCIETIES,
PEI HWA SECONDARY SCHOOL,SECONDARY (S1-S5),SP-CCA (ATHLETICS),PHYSICAL SPORTS,
PEI HWA SECONDARY SCHOOL,SECONDARY (S1-S5),SP-CCA (WATER POLO),PHYSICAL SPORTS,
PEI HWA SECONDARY SCHOOL,SECONDARY (S1-S5),SPEECH AND DRAMA,CLUBS AND SOCIETIES,DRAMA SOCIETY
PEI HWA SECONDARY SCHOOL,SECONDARY (S1-S5),STUDENT INITIATED ACTIVITIES (CLUBS & SOCIETIES),OTHERS,
PEI HWA SECONDARY SCHOOL,SECONDARY (S1-S5),STUDENT INITIATED ACTIVITIES (PHYSICAL SPORTS AND OUTDOORS),OTHERS,
PEI HWA SECONDARY SCHOOL,SECONDARY (S1-S5),STUDENT INITIATED ACTIVITIES (VISUAL & PERFORMING ARTS),OTHERS,
PEI HWA SECONDARY SCHOOL,SECONDARY (S1-S5),STUDENT LEADERSHIP (COUNCIL),OTHERS,STUDENT COUNCIL
PEI HWA SECONDARY SCHOOL,SECONDARY (S1-S5),STUDENT LEADERSHIP (HOUSE),OTHERS,
PEI HWA SECONDARY SCHOOL,SECONDARY (S1-S5),STUDENT LEADERSHIP (PEER SUPPORT),OTHERS,
PEI HWA SECONDARY SCHOOL,SECONDARY (S1-S5),STUDENT LEADERSHIP (PREFECT),OTHERS,
PEI HWA SECONDARY SCHOOL,SECONDARY (S1-S5),TABLE TENNIS,PHYSICAL SPORTS,
PEI HWA SECONDARY SCHOOL,SECONDARY (S1-S5),TAEKWONDO,PHYSICAL SPORTS,
PEI HWA SECONDARY SCHOOL,SECONDARY (S1-S5),WUSHU,PHYSICAL SPORTS,
PEI TONG PRIMARY SCHOOL,PRIMARY,ART AND CRAFTS,CLUBS AND SOCIETIES,
PEI TONG PRIMARY SCHOOL,PRIMARY,BADMINTON,PHYSICAL SPORTS,
PEI TONG PRIMARY SCHOOL,PRIMARY,BASKETBALL,PHYSICAL SPORTS,
PEI TONG PRIMARY SCHOOL,PRIMARY,BOYS' BRIGADE,UNIFORMED GROUPS,
PEI TONG PRIMARY SCHOOL,PRIMARY,CHOIR,VISUAL AND PERFORMING ARTS,
PEI TONG PRIMARY SCHOOL,PRIMARY,"ENGLISH LANGUAGE, DRAMA AND DEBATING",CLUBS AND SOCIETIES,DRAMA
PEI TONG PRIMARY SCHOOL,PRIMARY,ENVIRONMENTAL SCIENCE,CLUBS AND SOCIETIES,
PEI TONG PRIMARY SCHOOL,PRIMARY,FOOTBALL,PHYSICAL SPORTS,
PEI TONG PRIMARY SCHOOL,PRIMARY,GIRL GUIDES (BROWNIES),UNIFORMED GROUPS,BROWNIES
PEI TONG PRIMARY SCHOOL,PRIMARY,GIRLS' BRIGADE,UNIFORMED GROUPS,
PEI TONG PRIMARY SCHOOL,PRIMARY,INFOCOMM TECHNOLOGY (MEDIA PRODUCTION),CLUBS AND SOCIETIES,INFO COMM
PEI TONG PRIMARY SCHOOL,PRIMARY,MODERN DANCE,VISUAL AND PERFORMING ARTS,
PEI TONG PRIMARY SCHOOL,PRIMARY,PERCUSSION ENSEMBLE,VISUAL AND PERFORMING ARTS,
PEI TONG PRIMARY SCHOOL,PRIMARY,TABLE TENNIS,PHYSICAL SPORTS,
PEICAI SECONDARY SCHOOL,SECONDARY (S1-S5),AERO-MODELLING,CLUBS AND SOCIETIES,
PEICAI SECONDARY SCHOOL,SECONDARY (S1-S5),ART AND CRAFTS,CLUBS AND SOCIETIES,
PEICAI SECONDARY SCHOOL,SECONDARY (S1-S5),BADMINTON,PHYSICAL SPORTS,
PEICAI SECONDARY SCHOOL,SECONDARY (S1-S5),BASKETBALL,PHYSICAL SPORTS,
PEICAI SECONDARY SCHOOL,SECONDARY (S1-S5),CONCERT BAND,VISUAL AND PERFORMING ARTS,
PEICAI SECONDARY SCHOOL,SECONDARY (S1-S5),DEBATING AND PUBLIC SPEAKING,CLUBS AND SOCIETIES,
PEICAI SECONDARY SCHOOL,SECONDARY (S1-S5),ENGLISH DRAMA,VISUAL AND PERFORMING ARTS,
PEICAI SECONDARY SCHOOL,SECONDARY (S1-S5),FLOORBALL,PHYSICAL SPORTS,
PEICAI SECONDARY SCHOOL,SECONDARY (S1-S5),GIRL GUIDES,UNIFORMED GROUPS,
PEICAI SECONDARY SCHOOL,SECONDARY (S1-S5),INFOCOMM TECHNOLOGY (MEDIA PRODUCTION),CLUBS AND SOCIETIES,
PEICAI SECONDARY SCHOOL,SECONDARY (S1-S5),MODERN DANCE,VISUAL AND PERFORMING ARTS,
PEICAI SECONDARY SCHOOL,SECONDARY (S1-S5),NATIONAL CADET CORPS (SEA),UNIFORMED GROUPS,
PEICAI SECONDARY SCHOOL,SECONDARY (S1-S5),NATIONAL POLICE CADET CORPS,UNIFORMED GROUPS,
PEICAI SECONDARY SCHOOL,SECONDARY (S1-S5),SOFTBALL,PHYSICAL SPORTS,
PEICAI SECONDARY SCHOOL,SECONDARY (S1-S5),SP-CCA (ATHLETICS),PHYSICAL SPORTS,
PEICAI SECONDARY SCHOOL,SECONDARY (S1-S5),SP-CCA (WATER POLO),PHYSICAL SPORTS,
PEICAI SECONDARY SCHOOL,SECONDARY (S1-S5),STUDENT LEADERSHIP (COUNCIL),OTHERS,
PEICAI SECONDARY SCHOOL,SECONDARY (S1-S5),TABLE TENNIS,PHYSICAL SPORTS,
PEICAI SECONDARY SCHOOL,SECONDARY (S1-S5),VOLLEYBALL,PHYSICAL SPORTS,
PEIRCE SECONDARY SCHOOL,SECONDARY (S1-S5),ART AND CRAFTS,CLUBS AND SOCIETIES,
PEIRCE SECONDARY SCHOOL,SECONDARY (S1-S5),BASKETBALL,PHYSICAL SPORTS,
PEIRCE SECONDARY SCHOOL,SECONDARY (S1-S5),CHOIR,VISUAL AND PERFORMING ARTS,
PEIRCE SECONDARY SCHOOL,SECONDARY (S1-S5),CONCERT BAND,VISUAL AND PERFORMING ARTS,
PEIRCE SECONDARY SCHOOL,SECONDARY (S1-S5),ENGLISH DRAMA,VISUAL AND PERFORMING ARTS,
PEIRCE SECONDARY SCHOOL,SECONDARY (S1-S5),INFOCOMM TECHNOLOGY (MEDIA PRODUCTION),CLUBS AND SOCIETIES,
PEIRCE SECONDARY SCHOOL,SECONDARY (S1-S5),INTERNATIONAL CHESS,CLUBS AND SOCIETIES,
PEIRCE SECONDARY SCHOOL,SECONDARY (S1-S5),JUDO,PHYSICAL SPORTS,
PEIRCE SECONDARY SCHOOL,SECONDARY (S1-S5),MODERN DANCE,VISUAL AND PERFORMING ARTS,
PEIRCE SECONDARY SCHOOL,SECONDARY (S1-S5),NATIONAL CADET CORPS (LAND),UNIFORMED GROUPS,
PEIRCE SECONDARY SCHOOL,SECONDARY (S1-S5),NATIONAL POLICE CADET CORPS,UNIFORMED GROUPS,
PEIRCE SECONDARY SCHOOL,SECONDARY (S1-S5),NETBALL,PHYSICAL SPORTS,
PEIRCE SECONDARY SCHOOL,SECONDARY (S1-S5),ROBOTICS,CLUBS AND SOCIETIES,
PEIRCE SECONDARY SCHOOL,SECONDARY (S1-S5),RUGBY,PHYSICAL SPORTS,
PEIRCE SECONDARY SCHOOL,SECONDARY (S1-S5),SCOUTS,UNIFORMED GROUPS,
PEIRCE SECONDARY SCHOOL,SECONDARY (S1-S5),SINGAPORE YOUTH FLYING CLUB,CLUBS AND SOCIETIES,
PEIRCE SECONDARY SCHOOL,SECONDARY (S1-S5),SP-CCA (ATHLETICS),PHYSICAL SPORTS,
PEIRCE SECONDARY SCHOOL,SECONDARY (S1-S5),SP-CCA (WATER POLO),PHYSICAL SPORTS,
PEIRCE SECONDARY SCHOOL,SECONDARY (S1-S5),ST JOHN BRIGADE,UNIFORMED GROUPS,
PEIRCE SECONDARY SCHOOL,SECONDARY (S1-S5),STUDENT LEADERSHIP (COUNCIL),OTHERS,
PEIRCE SECONDARY SCHOOL,SECONDARY (S1-S5),SWIMMING,PHYSICAL SPORTS,
PEIRCE SECONDARY SCHOOL,SECONDARY (S1-S5),TABLE TENNIS,PHYSICAL SPORTS,
PEIRCE SECONDARY SCHOOL,SECONDARY (S1-S5),TRACK AND FIELD,PHYSICAL SPORTS,
PEIRCE SECONDARY SCHOOL,SECONDARY (S1-S5),VOLLEYBALL,PHYSICAL SPORTS,
PEIYING PRIMARY SCHOOL,PRIMARY,ANGKLUNG/KULINTANG ENSEMBLE,VISUAL AND PERFORMING ARTS,
PEIYING PRIMARY SCHOOL,PRIMARY,ART AND CRAFTS,CLUBS AND SOCIETIES,
PEIYING PRIMARY SCHOOL,PRIMARY,CHOIR,VISUAL AND PERFORMING ARTS,
PEIYING PRIMARY SCHOOL,PRIMARY,ENGLISH DRAMA,VISUAL AND PERFORMING ARTS,
PEIYING PRIMARY SCHOOL,PRIMARY,GIRL GUIDES (BROWNIES),UNIFORMED GROUPS,
PEIYING PRIMARY SCHOOL,PRIMARY,INFOCOMM TECHNOLOGY (MEDIA PRODUCTION),CLUBS AND SOCIETIES,
PEIYING PRIMARY SCHOOL,PRIMARY,MODERN DANCE,VISUAL AND PERFORMING ARTS,
PEIYING PRIMARY SCHOOL,PRIMARY,NETBALL,PHYSICAL SPORTS,
PEIYING PRIMARY SCHOOL,PRIMARY,OUTDOOR ADVENTURE,PHYSICAL SPORTS,
PEIYING PRIMARY SCHOOL,PRIMARY,PHOTOGRAPHY,CLUBS AND SOCIETIES,
PEIYING PRIMARY SCHOOL,PRIMARY,PHYSICAL SCIENCE,CLUBS AND SOCIETIES,
PEIYING PRIMARY SCHOOL,PRIMARY,RED CROSS YOUTH,UNIFORMED GROUPS,
PEIYING PRIMARY SCHOOL,PRIMARY,ROPE SKIPPING,PHYSICAL SPORTS,
PEIYING PRIMARY SCHOOL,PRIMARY,SEPAKTAKRAW,PHYSICAL SPORTS,
PEIYING PRIMARY SCHOOL,PRIMARY,VOLLEYBALL,PHYSICAL SPORTS,
PIONEER PRIMARY SCHOOL,PRIMARY,ART AND CRAFTS,CLUBS AND SOCIETIES,ART EXPRESSION 
PIONEER PRIMARY SCHOOL,PRIMARY,BASKETBALL,PHYSICAL SPORTS,
PIONEER PRIMARY SCHOOL,PRIMARY,BOYS' BRIGADE,UNIFORMED GROUPS,
PIONEER PRIMARY SCHOOL,PRIMARY,CHINESE ORCHESTRA,VISUAL AND PERFORMING ARTS,
PIONEER PRIMARY SCHOOL,PRIMARY,COMMUNITY SERVICE,CLUBS AND SOCIETIES,STUDENT COUNCILLORS
PIONEER PRIMARY SCHOOL,PRIMARY,FOOTBALL,PHYSICAL SPORTS,
PIONEER PRIMARY SCHOOL,PRIMARY,INFOCOMM TECHNOLOGY (MEDIA PRODUCTION),CLUBS AND SOCIETIES,INFOCOMM
PIONEER PRIMARY SCHOOL,PRIMARY,MODERN DANCE,VISUAL AND PERFORMING ARTS,INTERNATIONAL DANCE
PIONEER PRIMARY SCHOOL,PRIMARY,NETBALL,PHYSICAL SPORTS,
PIONEER PRIMARY SCHOOL,PRIMARY,ROBOTICS,CLUBS AND SOCIETIES,
PIONEER PRIMARY SCHOOL,PRIMARY,SCOUTS,UNIFORMED GROUPS,
PIONEER PRIMARY SCHOOL,PRIMARY,STUDENT INITIATED ACTIVITIES (VISUAL & PERFORMING ARTS),OTHERS,DANCE AMBASSADORS
PIONEER PRIMARY SCHOOL,PRIMARY,WUSHU,PHYSICAL SPORTS,Wu SHU
POI CHING SCHOOL,PRIMARY,ART AND CRAFTS,CLUBS AND SOCIETIES,
POI CHING SCHOOL,PRIMARY,BADMINTON,PHYSICAL SPORTS,
POI CHING SCHOOL,PRIMARY,BASKETBALL,PHYSICAL SPORTS,
POI CHING SCHOOL,PRIMARY,BRASS BAND,VISUAL AND PERFORMING ARTS,
POI CHING SCHOOL,PRIMARY,CHINESE CALLIGRAPHY AND BRUSH PAINTING,CLUBS AND SOCIETIES,Chinese Calligraphy
POI CHING SCHOOL,PRIMARY,CHINESE DANCE,VISUAL AND PERFORMING ARTS,DANCE
POI CHING SCHOOL,PRIMARY,CHINESE DRUMS,VISUAL AND PERFORMING ARTS,FESTIVE DRUM
POI CHING SCHOOL,PRIMARY,CHINESE ORCHESTRA,VISUAL AND PERFORMING ARTS,
POI CHING SCHOOL,PRIMARY,GIRL GUIDES (BROWNIES),UNIFORMED GROUPS,BROWNIES
POI CHING SCHOOL,PRIMARY,INFOCOMM TECHNOLOGY (COMPUTING),CLUBS AND SOCIETIES,
POI CHING SCHOOL,PRIMARY,OUTDOOR ADVENTURE,PHYSICAL SPORTS,OUTDOOR ACTIVITIES CLUB
POI CHING SCHOOL,PRIMARY,PHYSICAL SCIENCE,CLUBS AND SOCIETIES,SCIENCE CLUB
POI CHING SCHOOL,PRIMARY,SCOUTS,UNIFORMED GROUPS,
POI CHING SCHOOL,PRIMARY,TABLE TENNIS,PHYSICAL SPORTS,
POI CHING SCHOOL,PRIMARY,VOLLEYBALL,PHYSICAL SPORTS,
POI CHING SCHOOL,PRIMARY,WUSHU,PHYSICAL SPORTS,
PRESBYTERIAN HIGH SCHOOL,SECONDARY (S1-S5),AUDIO VISUAL AID,CLUBS AND SOCIETIES,AUDIO ENGINEERING
PRESBYTERIAN HIGH SCHOOL,SECONDARY (S1-S5),BADMINTON,PHYSICAL SPORTS,
PRESBYTERIAN HIGH SCHOOL,SECONDARY (S1-S5),BASKETBALL,PHYSICAL SPORTS,
PRESBYTERIAN HIGH SCHOOL,SECONDARY (S1-S5),BOYS' BRIGADE,UNIFORMED GROUPS,
PRESBYTERIAN HIGH SCHOOL,SECONDARY (S1-S5),CHINESE ORCHESTRA,VISUAL AND PERFORMING ARTS,
PRESBYTERIAN HIGH SCHOOL,SECONDARY (S1-S5),CHOIR,VISUAL AND PERFORMING ARTS,
PRESBYTERIAN HIGH SCHOOL,SECONDARY (S1-S5),CONCERT BAND,VISUAL AND PERFORMING ARTS,SYMPHONIC BAND
PRESBYTERIAN HIGH SCHOOL,SECONDARY (S1-S5),ENGLISH DRAMA,VISUAL AND PERFORMING ARTS,
PRESBYTERIAN HIGH SCHOOL,SECONDARY (S1-S5),FOOTBALL,PHYSICAL SPORTS,
PRESBYTERIAN HIGH SCHOOL,SECONDARY (S1-S5),GIRLS' BRIGADE,UNIFORMED GROUPS,
PRESBYTERIAN HIGH SCHOOL,SECONDARY (S1-S5),GUZHENG ENSEMBLE,VISUAL AND PERFORMING ARTS,
PRESBYTERIAN HIGH SCHOOL,SECONDARY (S1-S5),INFOCOMM TECHNOLOGY (MEDIA PRODUCTION),CLUBS AND SOCIETIES,PHMEDIA
PRESBYTERIAN HIGH SCHOOL,SECONDARY (S1-S5),MODERN DANCE,VISUAL AND PERFORMING ARTS,
PRESBYTERIAN HIGH SCHOOL,SECONDARY (S1-S5),NATIONAL CADET CORPS (SEA),UNIFORMED GROUPS,
PRESBYTERIAN HIGH SCHOOL,SECONDARY (S1-S5),NATIONAL POLICE CADET CORPS,UNIFORMED GROUPS,
PRESBYTERIAN HIGH SCHOOL,SECONDARY (S1-S5),SP-CCA (CANOEING),PHYSICAL SPORTS,
PRESBYTERIAN HIGH SCHOOL,SECONDARY (S1-S5),SP-CCA (WATER POLO),PHYSICAL SPORTS,
PRESBYTERIAN HIGH SCHOOL,SECONDARY (S1-S5),TABLE TENNIS,PHYSICAL SPORTS,
PRESBYTERIAN HIGH SCHOOL,SECONDARY (S1-S5),VOLLEYBALL,PHYSICAL SPORTS,
PRINCESS ELIZABETH PRIMARY SCHOOL,PRIMARY,ART AND CRAFTS,CLUBS AND SOCIETIES,
PRINCESS ELIZABETH PRIMARY SCHOOL,PRIMARY,BALLET,VISUAL AND PERFORMING ARTS,CONTEMPORARY DANCE
PRINCESS ELIZABETH PRIMARY SCHOOL,PRIMARY,BASKETBALL,PHYSICAL SPORTS,
PRINCESS ELIZABETH PRIMARY SCHOOL,PRIMARY,BOYS' BRIGADE,UNIFORMED GROUPS,
PRINCESS ELIZABETH PRIMARY SCHOOL,PRIMARY,CHINESE DANCE,VISUAL AND PERFORMING ARTS,
PRINCESS ELIZABETH PRIMARY SCHOOL,PRIMARY,CHOIR,VISUAL AND PERFORMING ARTS,
PRINCESS ELIZABETH PRIMARY SCHOOL,PRIMARY,CONCERT BAND,VISUAL AND PERFORMING ARTS,
PRINCESS ELIZABETH PRIMARY SCHOOL,PRIMARY,ENTREPRENEURSHIP,CLUBS AND SOCIETIES,INNOPRENEUR
PRINCESS ELIZABETH PRIMARY SCHOOL,PRIMARY,ENVIRONMENTAL SCIENCE,CLUBS AND SOCIETIES,ECO CLUB
PRINCESS ELIZABETH PRIMARY SCHOOL,PRIMARY,FLOORBALL,PHYSICAL SPORTS,FLOORBALL
PRINCESS ELIZABETH PRIMARY SCHOOL,PRIMARY,FOOTBALL,PHYSICAL SPORTS,
PRINCESS ELIZABETH PRIMARY SCHOOL,PRIMARY,GIRLS' BRIGADE,UNIFORMED GROUPS,
PRINCESS ELIZABETH PRIMARY SCHOOL,PRIMARY,INDIAN DANCE,VISUAL AND PERFORMING ARTS,
PRINCESS ELIZABETH PRIMARY SCHOOL,PRIMARY,MALAY DANCE,VISUAL AND PERFORMING ARTS,
PRINCESS ELIZABETH PRIMARY SCHOOL,PRIMARY,SCOUTS,UNIFORMED GROUPS,
PRINCESS ELIZABETH PRIMARY SCHOOL,PRIMARY,STUDENT LEADERSHIP (PREFECT),OTHERS,
PRINCESS ELIZABETH PRIMARY SCHOOL,PRIMARY,WUSHU,PHYSICAL SPORTS,
PUNGGOL COVE PRIMARY SCHOOL,PRIMARY,ART AND CRAFTS,CLUBS AND SOCIETIES,
PUNGGOL COVE PRIMARY SCHOOL,PRIMARY,BADMINTON,PHYSICAL SPORTS,
PUNGGOL COVE PRIMARY SCHOOL,PRIMARY,BASKETBALL,PHYSICAL SPORTS,
PUNGGOL COVE PRIMARY SCHOOL,PRIMARY,CHOIR,VISUAL AND PERFORMING ARTS,
PUNGGOL COVE PRIMARY SCHOOL,PRIMARY,ENGLISH DRAMA,VISUAL AND PERFORMING ARTS,English Language Literary & Drama Society
PUNGGOL COVE PRIMARY SCHOOL,PRIMARY,ENVIRONMENTAL SCIENCE,CLUBS AND SOCIETIES,EcoSTEM
PUNGGOL COVE PRIMARY SCHOOL,PRIMARY,FLOORBALL,PHYSICAL SPORTS,
PUNGGOL COVE PRIMARY SCHOOL,PRIMARY,FOOTBALL,PHYSICAL SPORTS,
PUNGGOL COVE PRIMARY SCHOOL,PRIMARY,HEALTH AND FITNESS,PHYSICAL SPORTS,
PUNGGOL COVE PRIMARY SCHOOL,PRIMARY,INFOCOMM TECHNOLOGY (COMPUTING),CLUBS AND SOCIETIES,
PUNGGOL COVE PRIMARY SCHOOL,PRIMARY,MODERN DANCE,VISUAL AND PERFORMING ARTS,
PUNGGOL COVE PRIMARY SCHOOL,PRIMARY,MODULAR CCA (SPORTS),PHYSICAL SPORTS,
PUNGGOL COVE PRIMARY SCHOOL,PRIMARY,SCOUTS,UNIFORMED GROUPS,
PUNGGOL COVE PRIMARY SCHOOL,PRIMARY,STUDENT LEADERSHIP (PREFECT),OTHERS,
PUNGGOL GREEN PRIMARY SCHOOL,PRIMARY,ANGKLUNG/KULINTANG ENSEMBLE,VISUAL AND PERFORMING ARTS,
PUNGGOL GREEN PRIMARY SCHOOL,PRIMARY,ART AND CRAFTS,CLUBS AND SOCIETIES,ART CLUB
PUNGGOL GREEN PRIMARY SCHOOL,PRIMARY,BADMINTON,PHYSICAL SPORTS,
PUNGGOL GREEN PRIMARY SCHOOL,PRIMARY,BASKETBALL,PHYSICAL SPORTS,
PUNGGOL GREEN PRIMARY SCHOOL,PRIMARY,CHOIR,VISUAL AND PERFORMING ARTS,
PUNGGOL GREEN PRIMARY SCHOOL,PRIMARY,DESIGN AND INNOVATION,CLUBS AND SOCIETIES,I-STEM CLUB
PUNGGOL GREEN PRIMARY SCHOOL,PRIMARY,ENGLISH DRAMA,VISUAL AND PERFORMING ARTS,
PUNGGOL GREEN PRIMARY SCHOOL,PRIMARY,FOOTBALL,PHYSICAL SPORTS,
PUNGGOL GREEN PRIMARY SCHOOL,PRIMARY,INFOCOMM TECHNOLOGY (MEDIA PRODUCTION),CLUBS AND SOCIETIES,MULTIMEDIA CLUB
PUNGGOL GREEN PRIMARY SCHOOL,PRIMARY,MODERN DANCE,VISUAL AND PERFORMING ARTS,DANCETOPIA
PUNGGOL GREEN PRIMARY SCHOOL,PRIMARY,ROBOTICS,CLUBS AND SOCIETIES,
PUNGGOL GREEN PRIMARY SCHOOL,PRIMARY,SCOUTS,UNIFORMED GROUPS,
PUNGGOL GREEN PRIMARY SCHOOL,PRIMARY,STRING ENSEMBLE,VISUAL AND PERFORMING ARTS,
PUNGGOL GREEN PRIMARY SCHOOL,PRIMARY,STUDENT LEADERSHIP (PREFECT),OTHERS,
PUNGGOL PRIMARY SCHOOL,PRIMARY,ANGKLUNG/KULINTANG ENSEMBLE,VISUAL AND PERFORMING ARTS,
PUNGGOL PRIMARY SCHOOL,PRIMARY,ART AND CRAFTS,CLUBS AND SOCIETIES,
PUNGGOL PRIMARY SCHOOL,PRIMARY,BASKETBALL,PHYSICAL SPORTS,BASKETBALL 
PUNGGOL PRIMARY SCHOOL,PRIMARY,BOYS' BRIGADE,UNIFORMED GROUPS,
PUNGGOL PRIMARY SCHOOL,PRIMARY,CHOIR,VISUAL AND PERFORMING ARTS,
PUNGGOL PRIMARY SCHOOL,PRIMARY,CONCERT BAND,VISUAL AND PERFORMING ARTS,BAND
PUNGGOL PRIMARY SCHOOL,PRIMARY,DESIGN AND INNOVATION,CLUBS AND SOCIETIES,
PUNGGOL PRIMARY SCHOOL,PRIMARY,"ENGLISH LANGUAGE, DRAMA AND DEBATING",CLUBS AND SOCIETIES,
PUNGGOL PRIMARY SCHOOL,PRIMARY,FRISBEE,PHYSICAL SPORTS,
PUNGGOL PRIMARY SCHOOL,PRIMARY,GIRLS' BRIGADE,UNIFORMED GROUPS,
PUNGGOL PRIMARY SCHOOL,PRIMARY,GUZHENG ENSEMBLE,VISUAL AND PERFORMING ARTS,
PUNGGOL PRIMARY SCHOOL,PRIMARY,HOCKEY,PHYSICAL SPORTS,
PUNGGOL PRIMARY SCHOOL,PRIMARY,INFOCOMM TECHNOLOGY (COMPUTING),CLUBS AND SOCIETIES,
PUNGGOL PRIMARY SCHOOL,PRIMARY,INFOCOMM TECHNOLOGY (MEDIA PRODUCTION),CLUBS AND SOCIETIES,
PUNGGOL PRIMARY SCHOOL,PRIMARY,MODERN DANCE,VISUAL AND PERFORMING ARTS,INTERNATIONAL DANCE
PUNGGOL SECONDARY SCHOOL,SECONDARY (S1-S5),ART AND CRAFTS,CLUBS AND SOCIETIES,
PUNGGOL SECONDARY SCHOOL,SECONDARY (S1-S5),AUDIO VISUAL AID,CLUBS AND SOCIETIES,
PUNGGOL SECONDARY SCHOOL,SECONDARY (S1-S5),BASKETBALL,PHYSICAL SPORTS,
PUNGGOL SECONDARY SCHOOL,SECONDARY (S1-S5),CHOIR,VISUAL AND PERFORMING ARTS,
PUNGGOL SECONDARY SCHOOL,SECONDARY (S1-S5),COMMUNITY SERVICE (ROTARY-SPONSORED),CLUBS AND SOCIETIES,
PUNGGOL SECONDARY SCHOOL,SECONDARY (S1-S5),CONCERT BAND,VISUAL AND PERFORMING ARTS,
PUNGGOL SECONDARY SCHOOL,SECONDARY (S1-S5),"ENGLISH LANGUAGE, DRAMA AND DEBATING",CLUBS AND SOCIETIES,
PUNGGOL SECONDARY SCHOOL,SECONDARY (S1-S5),ENVIRONMENTAL SCIENCE,CLUBS AND SOCIETIES,
PUNGGOL SECONDARY SCHOOL,SECONDARY (S1-S5),FOOTBALL,PHYSICAL SPORTS,
PUNGGOL SECONDARY SCHOOL,SECONDARY (S1-S5),GUZHENG ENSEMBLE,VISUAL AND PERFORMING ARTS,
PUNGGOL SECONDARY SCHOOL,SECONDARY (S1-S5),"INDIAN LANGUAGE, DRAMA AND DEBATING",CLUBS AND SOCIETIES,
PUNGGOL SECONDARY SCHOOL,SECONDARY (S1-S5),INTERNATIONAL CHESS,CLUBS AND SOCIETIES,
PUNGGOL SECONDARY SCHOOL,SECONDARY (S1-S5),MODERN DANCE,VISUAL AND PERFORMING ARTS,
PUNGGOL SECONDARY SCHOOL,SECONDARY (S1-S5),NATIONAL CADET CORPS (LAND),UNIFORMED GROUPS,
PUNGGOL SECONDARY SCHOOL,SECONDARY (S1-S5),NATIONAL POLICE CADET CORPS,UNIFORMED GROUPS,
PUNGGOL SECONDARY SCHOOL,SECONDARY (S1-S5),NETBALL,PHYSICAL SPORTS,
PUNGGOL SECONDARY SCHOOL,SECONDARY (S1-S5),RED CROSS YOUTH,UNIFORMED GROUPS,
PUNGGOL SECONDARY SCHOOL,SECONDARY (S1-S5),SCOUTS,UNIFORMED GROUPS,
PUNGGOL SECONDARY SCHOOL,SECONDARY (S1-S5),SHOOTING,PHYSICAL SPORTS,
PUNGGOL SECONDARY SCHOOL,SECONDARY (S1-S5),SINGAPORE NATIONAL YOUTH ORCHESTRA,VISUAL AND PERFORMING ARTS,
PUNGGOL SECONDARY SCHOOL,SECONDARY (S1-S5),SP-CCA (ATHLETICS),PHYSICAL SPORTS,
PUNGGOL SECONDARY SCHOOL,SECONDARY (S1-S5),SP-CCA (ETHNIC DANCE),VISUAL AND PERFORMING ARTS,
PUNGGOL SECONDARY SCHOOL,SECONDARY (S1-S5),SP-CCA (WATER POLO),PHYSICAL SPORTS,
PUNGGOL SECONDARY SCHOOL,SECONDARY (S1-S5),TABLE TENNIS,PHYSICAL SPORTS,
PUNGGOL SECONDARY SCHOOL,SECONDARY (S1-S5),VOLLEYBALL,PHYSICAL SPORTS,
PUNGGOL VIEW PRIMARY SCHOOL,PRIMARY,ART AND CRAFTS,CLUBS AND SOCIETIES,
PUNGGOL VIEW PRIMARY SCHOOL,PRIMARY,BADMINTON,PHYSICAL SPORTS,
PUNGGOL VIEW PRIMARY SCHOOL,PRIMARY,CHOIR,VISUAL AND PERFORMING ARTS,
PUNGGOL VIEW PRIMARY SCHOOL,PRIMARY,COMMUNITY SERVICE,CLUBS AND SOCIETIES,
PUNGGOL VIEW PRIMARY SCHOOL,PRIMARY,CULTURAL DANCE,VISUAL AND PERFORMING ARTS,
PUNGGOL VIEW PRIMARY SCHOOL,PRIMARY,"ENGLISH LANGUAGE, DRAMA AND DEBATING",CLUBS AND SOCIETIES,
PUNGGOL VIEW PRIMARY SCHOOL,PRIMARY,FLOORBALL,PHYSICAL SPORTS,
PUNGGOL VIEW PRIMARY SCHOOL,PRIMARY,INFOCOMM TECHNOLOGY (COMPUTING),CLUBS AND SOCIETIES,
PUNGGOL VIEW PRIMARY SCHOOL,PRIMARY,INFOCOMM TECHNOLOGY (MEDIA PRODUCTION),CLUBS AND SOCIETIES,
PUNGGOL VIEW PRIMARY SCHOOL,PRIMARY,INTERNATIONAL CHESS,CLUBS AND SOCIETIES,WITS Club
PUNGGOL VIEW PRIMARY SCHOOL,PRIMARY,MODERN DANCE,VISUAL AND PERFORMING ARTS,
PUNGGOL VIEW PRIMARY SCHOOL,PRIMARY,RUGBY,PHYSICAL SPORTS,
PUNGGOL VIEW PRIMARY SCHOOL,PRIMARY,SCOUTS,UNIFORMED GROUPS,
PUNGGOL VIEW PRIMARY SCHOOL,PRIMARY,WUSHU,PHYSICAL SPORTS,
QIFA PRIMARY SCHOOL,PRIMARY,ART AND CRAFTS,CLUBS AND SOCIETIES,ART CLUB
QIFA PRIMARY SCHOOL,PRIMARY,BASKETBALL,PHYSICAL SPORTS,
QIFA PRIMARY SCHOOL,PRIMARY,CHINESE DANCE,VISUAL AND PERFORMING ARTS,
QIFA PRIMARY SCHOOL,PRIMARY,CHOIR,VISUAL AND PERFORMING ARTS,
QIFA PRIMARY SCHOOL,PRIMARY,"ENGLISH LANGUAGE, DRAMA AND DEBATING",CLUBS AND SOCIETIES,THEATRICAL ARTS & MASS MEDIA
QIFA PRIMARY SCHOOL,PRIMARY,FLOORBALL,PHYSICAL SPORTS,
QIFA PRIMARY SCHOOL,PRIMARY,GIRL GUIDES (BROWNIES),UNIFORMED GROUPS,BROWNIES
QIFA PRIMARY SCHOOL,PRIMARY,GUZHENG ENSEMBLE,VISUAL AND PERFORMING ARTS,
QIFA PRIMARY SCHOOL,PRIMARY,INFOCOMM TECHNOLOGY (MEDIA PRODUCTION),CLUBS AND SOCIETIES,INFOCOMM & MEDIA CLUB
QIFA PRIMARY SCHOOL,PRIMARY,MALAY DANCE,VISUAL AND PERFORMING ARTS,
QIFA PRIMARY SCHOOL,PRIMARY,PERCUSSION ENSEMBLE,VISUAL AND PERFORMING ARTS,CHINESE DRUMS
QIFA PRIMARY SCHOOL,PRIMARY,SCOUTS,UNIFORMED GROUPS,
QIFA PRIMARY SCHOOL,PRIMARY,TABLE TENNIS,PHYSICAL SPORTS,
QIFA PRIMARY SCHOOL,PRIMARY,VOLLEYBALL,PHYSICAL SPORTS,
QIFA PRIMARY SCHOOL,PRIMARY,WUSHU,PHYSICAL SPORTS,
QIHUA PRIMARY SCHOOL,PRIMARY,ART AND CRAFTS,CLUBS AND SOCIETIES,ART & POTTERY CLUB
QIHUA PRIMARY SCHOOL,PRIMARY,BASKETBALL,PHYSICAL SPORTS,
QIHUA PRIMARY SCHOOL,PRIMARY,CHINESE DANCE,VISUAL AND PERFORMING ARTS,CHINESE DANCE
QIHUA PRIMARY SCHOOL,PRIMARY,CHINESE ORCHESTRA,VISUAL AND PERFORMING ARTS,CHINESE ORCHESTRA
QIHUA PRIMARY SCHOOL,PRIMARY,CHOIR,VISUAL AND PERFORMING ARTS,CHOIR
QIHUA PRIMARY SCHOOL,PRIMARY,DIKIR BARAT,CLUBS AND SOCIETIES,DIKIR BARAT
QIHUA PRIMARY SCHOOL,PRIMARY,ENTREPRENEURSHIP,CLUBS AND SOCIETIES,INNOVATION & ENTREPRENEURSHIP CLUB
QIHUA PRIMARY SCHOOL,PRIMARY,ENVIRONMENTAL SCIENCE,CLUBS AND SOCIETIES,GREEN CLUB
QIHUA PRIMARY SCHOOL,PRIMARY,FLOORBALL,PHYSICAL SPORTS,
QIHUA PRIMARY SCHOOL,PRIMARY,GIRL GUIDES (BROWNIES),UNIFORMED GROUPS,BROWNIES
QIHUA PRIMARY SCHOOL,PRIMARY,INDIAN DANCE,VISUAL AND PERFORMING ARTS,INDIAN DANCE
QIHUA PRIMARY SCHOOL,PRIMARY,MALAY DANCE,VISUAL AND PERFORMING ARTS,MALAY DANCE
QIHUA PRIMARY SCHOOL,PRIMARY,SCOUTS,UNIFORMED GROUPS,SCOUTS
QIHUA PRIMARY SCHOOL,PRIMARY,SEPAKTAKRAW,PHYSICAL SPORTS,
QIHUA PRIMARY SCHOOL,PRIMARY,SPEECH AND DRAMA,CLUBS AND SOCIETIES,DRAMA CLUB
QIHUA PRIMARY SCHOOL,PRIMARY,TABLE TENNIS,PHYSICAL SPORTS,
QUEENSTOWN PRIMARY SCHOOL,PRIMARY,ART AND CRAFTS,CLUBS AND SOCIETIES,VISUAL ART
QUEENSTOWN PRIMARY SCHOOL,PRIMARY,BADMINTON,PHYSICAL SPORTS,
QUEENSTOWN PRIMARY SCHOOL,PRIMARY,BASKETBALL,PHYSICAL SPORTS,
QUEENSTOWN PRIMARY SCHOOL,PRIMARY,BOYS' BRIGADE,UNIFORMED GROUPS,
QUEENSTOWN PRIMARY SCHOOL,PRIMARY,CHINESE DANCE,VISUAL AND PERFORMING ARTS,
QUEENSTOWN PRIMARY SCHOOL,PRIMARY,CHINESE WEIQI,CLUBS AND SOCIETIES,WEIQI
QUEENSTOWN PRIMARY SCHOOL,PRIMARY,CHOIR,VISUAL AND PERFORMING ARTS,
QUEENSTOWN PRIMARY SCHOOL,PRIMARY,ENGLISH DRAMA,VISUAL AND PERFORMING ARTS,DRAMA CLUB
QUEENSTOWN PRIMARY SCHOOL,PRIMARY,ENVIRONMENTAL SCIENCE,CLUBS AND SOCIETIES,ENVIRONMENTAL CLUB
QUEENSTOWN PRIMARY SCHOOL,PRIMARY,FOOTBALL,PHYSICAL SPORTS,
QUEENSTOWN PRIMARY SCHOOL,PRIMARY,GIRLS' BRIGADE,UNIFORMED GROUPS,
QUEENSTOWN PRIMARY SCHOOL,PRIMARY,INFOCOMM TECHNOLOGY (COMPUTING),CLUBS AND SOCIETIES,INFOCOMM CLUB
QUEENSTOWN PRIMARY SCHOOL,PRIMARY,INTERNATIONAL CHESS,CLUBS AND SOCIETIES,
QUEENSTOWN PRIMARY SCHOOL,PRIMARY,MALAY DANCE,VISUAL AND PERFORMING ARTS,
QUEENSTOWN PRIMARY SCHOOL,PRIMARY,MATHEMATICS,CLUBS AND SOCIETIES,MATHEMATICS CLUB
QUEENSTOWN PRIMARY SCHOOL,PRIMARY,MODERN DANCE,VISUAL AND PERFORMING ARTS,INTERNATIONAL DANCE
QUEENSTOWN PRIMARY SCHOOL,PRIMARY,SOFTBALL,PHYSICAL SPORTS,
QUEENSTOWN PRIMARY SCHOOL,PRIMARY,SWIMMING,PHYSICAL SPORTS,
QUEENSTOWN SECONDARY SCHOOL,SECONDARY (S1-S5),BASKETBALL,PHYSICAL SPORTS,
QUEENSTOWN SECONDARY SCHOOL,SECONDARY (S1-S5),CHINESE DANCE,VISUAL AND PERFORMING ARTS,
QUEENSTOWN SECONDARY SCHOOL,SECONDARY (S1-S5),CHOIR,VISUAL AND PERFORMING ARTS,
QUEENSTOWN SECONDARY SCHOOL,SECONDARY (S1-S5),CONCERT BAND,VISUAL AND PERFORMING ARTS,
QUEENSTOWN SECONDARY SCHOOL,SECONDARY (S1-S5),DESIGN AND INNOVATION,CLUBS AND SOCIETIES,
QUEENSTOWN SECONDARY SCHOOL,SECONDARY (S1-S5),DIGITAL MEDIA,CLUBS AND SOCIETIES,
QUEENSTOWN SECONDARY SCHOOL,SECONDARY (S1-S5),ENGLISH DRAMA,VISUAL AND PERFORMING ARTS,
QUEENSTOWN SECONDARY SCHOOL,SECONDARY (S1-S5),FOOTBALL,PHYSICAL SPORTS,
QUEENSTOWN SECONDARY SCHOOL,SECONDARY (S1-S5),GIRL GUIDES,UNIFORMED GROUPS,
QUEENSTOWN SECONDARY SCHOOL,SECONDARY (S1-S5),INFOCOMM TECHNOLOGY (COMPUTING),CLUBS AND SOCIETIES,
QUEENSTOWN SECONDARY SCHOOL,SECONDARY (S1-S5),MALAY DANCE,VISUAL AND PERFORMING ARTS,
QUEENSTOWN SECONDARY SCHOOL,SECONDARY (S1-S5),NATIONAL CADET CORPS (LAND),UNIFORMED GROUPS,
QUEENSTOWN SECONDARY SCHOOL,SECONDARY (S1-S5),NATIONAL POLICE CADET CORPS,UNIFORMED GROUPS,
QUEENSTOWN SECONDARY SCHOOL,SECONDARY (S1-S5),RED CROSS YOUTH,UNIFORMED GROUPS,
QUEENSTOWN SECONDARY SCHOOL,SECONDARY (S1-S5),SCOUTS,UNIFORMED GROUPS,
QUEENSTOWN SECONDARY SCHOOL,SECONDARY (S1-S5),SP-CCA (ATHLETICS),PHYSICAL SPORTS,
QUEENSTOWN SECONDARY SCHOOL,SECONDARY (S1-S5),STRATEGY GAMES,CLUBS AND SOCIETIES,
QUEENSTOWN SECONDARY SCHOOL,SECONDARY (S1-S5),TABLE TENNIS,PHYSICAL SPORTS,
QUEENSTOWN SECONDARY SCHOOL,SECONDARY (S1-S5),VOLLEYBALL,PHYSICAL SPORTS,
QUEENSTOWN SECONDARY SCHOOL,SECONDARY (S1-S5),WUSHU,PHYSICAL SPORTS,
QUEENSWAY SECONDARY SCHOOL,SECONDARY (S1-S5),BADMINTON,PHYSICAL SPORTS,
QUEENSWAY SECONDARY SCHOOL,SECONDARY (S1-S5),BASKETBALL,PHYSICAL SPORTS,
QUEENSWAY SECONDARY SCHOOL,SECONDARY (S1-S5),BOYS' BRIGADE,UNIFORMED GROUPS,
QUEENSWAY SECONDARY SCHOOL,SECONDARY (S1-S5),CHINESE DANCE,VISUAL AND PERFORMING ARTS,
QUEENSWAY SECONDARY SCHOOL,SECONDARY (S1-S5),CHOIR,VISUAL AND PERFORMING ARTS,
QUEENSWAY SECONDARY SCHOOL,SECONDARY (S1-S5),CONCERT BAND,VISUAL AND PERFORMING ARTS,
QUEENSWAY SECONDARY SCHOOL,SECONDARY (S1-S5),"ENGLISH LANGUAGE, DRAMA AND DEBATING",CLUBS AND SOCIETIES,DRAMA
QUEENSWAY SECONDARY SCHOOL,SECONDARY (S1-S5),FOOTBALL,PHYSICAL SPORTS,
QUEENSWAY SECONDARY SCHOOL,SECONDARY (S1-S5),GIRL GUIDES,UNIFORMED GROUPS,
QUEENSWAY SECONDARY SCHOOL,SECONDARY (S1-S5),HOCKEY,PHYSICAL SPORTS,
QUEENSWAY SECONDARY SCHOOL,SECONDARY (S1-S5),INFOCOMM TECHNOLOGY (MEDIA PRODUCTION),CLUBS AND SOCIETIES,MEDIA CLUB
QUEENSWAY SECONDARY SCHOOL,SECONDARY (S1-S5),MODERN DANCE,VISUAL AND PERFORMING ARTS,DANCE
QUEENSWAY SECONDARY SCHOOL,SECONDARY (S1-S5),MODULAR CCA (C&S),CLUBS AND SOCIETIES,ACE CLUB
QUEENSWAY SECONDARY SCHOOL,SECONDARY (S1-S5),NATIONAL CADET CORPS (LAND),UNIFORMED GROUPS,
QUEENSWAY SECONDARY SCHOOL,SECONDARY (S1-S5),NATIONAL POLICE CADET CORPS,UNIFORMED GROUPS,
QUEENSWAY SECONDARY SCHOOL,SECONDARY (S1-S5),SHOOTING,PHYSICAL SPORTS,
QUEENSWAY SECONDARY SCHOOL,SECONDARY (S1-S5),SP-CCA (ATHLETICS),PHYSICAL SPORTS,
QUEENSWAY SECONDARY SCHOOL,SECONDARY (S1-S5),SP-CCA (CANOEING),PHYSICAL SPORTS,
QUEENSWAY SECONDARY SCHOOL,SECONDARY (S1-S5),SP-CCA (WATER POLO),PHYSICAL SPORTS,
QUEENSWAY SECONDARY SCHOOL,SECONDARY (S1-S5),SWIMMING,PHYSICAL SPORTS,
QUEENSWAY SECONDARY SCHOOL,SECONDARY (S1-S5),VOLLEYBALL,PHYSICAL SPORTS,
RADIN MAS PRIMARY SCHOOL,PRIMARY,ART AND CRAFTS,CLUBS AND SOCIETIES,
RADIN MAS PRIMARY SCHOOL,PRIMARY,BASKETBALL,PHYSICAL SPORTS,
RADIN MAS PRIMARY SCHOOL,PRIMARY,BOYS' BRIGADE,UNIFORMED GROUPS,
RADIN MAS PRIMARY SCHOOL,PRIMARY,CHINESE DANCE,VISUAL AND PERFORMING ARTS,
RADIN MAS PRIMARY SCHOOL,PRIMARY,CHINESE ORCHESTRA,VISUAL AND PERFORMING ARTS,
RADIN MAS PRIMARY SCHOOL,PRIMARY,CHOIR,VISUAL AND PERFORMING ARTS,
RADIN MAS PRIMARY SCHOOL,PRIMARY,"ENGLISH LANGUAGE, DRAMA AND DEBATING",CLUBS AND SOCIETIES,
RADIN MAS PRIMARY SCHOOL,PRIMARY,ENVIRONMENTAL SCIENCE,CLUBS AND SOCIETIES,
RADIN MAS PRIMARY SCHOOL,PRIMARY,FLOORBALL,PHYSICAL SPORTS,
RADIN MAS PRIMARY SCHOOL,PRIMARY,FOOTBALL,PHYSICAL SPORTS,
RADIN MAS PRIMARY SCHOOL,PRIMARY,GIRLS' BRIGADE,UNIFORMED GROUPS,
RADIN MAS PRIMARY SCHOOL,PRIMARY,INFOCOMM TECHNOLOGY (COMPUTING),CLUBS AND SOCIETIES,
RADIN MAS PRIMARY SCHOOL,PRIMARY,RUGBY,PHYSICAL SPORTS,
RADIN MAS PRIMARY SCHOOL,PRIMARY,SCOUTS,UNIFORMED GROUPS,
RADIN MAS PRIMARY SCHOOL,PRIMARY,STUDENT LEADERSHIP (PEER SUPPORT),OTHERS,
RADIN MAS PRIMARY SCHOOL,PRIMARY,STUDENT LEADERSHIP (PREFECT),OTHERS,
RADIN MAS PRIMARY SCHOOL,PRIMARY,TABLE TENNIS,PHYSICAL SPORTS,
RAFFLES GIRLS' PRIMARY SCHOOL,PRIMARY,ART AND CRAFTS,CLUBS AND SOCIETIES,
RAFFLES GIRLS' PRIMARY SCHOOL,PRIMARY,BADMINTON,PHYSICAL SPORTS,
RAFFLES GIRLS' PRIMARY SCHOOL,PRIMARY,BASKETBALL,PHYSICAL SPORTS,
RAFFLES GIRLS' PRIMARY SCHOOL,PRIMARY,CHINESE DANCE,VISUAL AND PERFORMING ARTS,DANCE
RAFFLES GIRLS' PRIMARY SCHOOL,PRIMARY,CHOIR,VISUAL AND PERFORMING ARTS,
RAFFLES GIRLS' PRIMARY SCHOOL,PRIMARY,CONCERT BAND,VISUAL AND PERFORMING ARTS,
RAFFLES GIRLS' PRIMARY SCHOOL,PRIMARY,ENGLISH DRAMA,VISUAL AND PERFORMING ARTS,DRAMA
RAFFLES GIRLS' PRIMARY SCHOOL,PRIMARY,ENVIRONMENTAL SCIENCE,CLUBS AND SOCIETIES,ENVIRONMENTAL LIFE SCIENCE
RAFFLES GIRLS' PRIMARY SCHOOL,PRIMARY,GIRL GUIDES (BROWNIES),UNIFORMED GROUPS,
RAFFLES GIRLS' PRIMARY SCHOOL,PRIMARY,GIRLS' BRIGADE,UNIFORMED GROUPS,
RAFFLES GIRLS' PRIMARY SCHOOL,PRIMARY,INFOCOMM TECHNOLOGY (COMPUTING),CLUBS AND SOCIETIES,NEW MEDIA 
RAFFLES GIRLS' PRIMARY SCHOOL,PRIMARY,INTERNATIONAL CHESS,CLUBS AND SOCIETIES,
RAFFLES GIRLS' PRIMARY SCHOOL,PRIMARY,MEDIA RESOURCE LIBRARY,CLUBS AND SOCIETIES,LIBRARY
RAFFLES GIRLS' PRIMARY SCHOOL,PRIMARY,SHOOTING,PHYSICAL SPORTS,
RAFFLES GIRLS' PRIMARY SCHOOL,PRIMARY,SOFTBALL,PHYSICAL SPORTS,SOFTBALL
RAFFLES GIRLS' PRIMARY SCHOOL,PRIMARY,STRING ENSEMBLE,VISUAL AND PERFORMING ARTS,
RAFFLES GIRLS' PRIMARY SCHOOL,PRIMARY,TABLE TENNIS,PHYSICAL SPORTS,
RAFFLES GIRLS' SCHOOL (SECONDARY),SECONDARY (S1-S4),ANGKLUNG/KULINTANG ENSEMBLE,VISUAL AND PERFORMING ARTS,ANGKLUNG ENSEMBLE
RAFFLES GIRLS' SCHOOL (SECONDARY),SECONDARY (S1-S4),ART AND CRAFTS,CLUBS AND SOCIETIES,ART CLUB
RAFFLES GIRLS' SCHOOL (SECONDARY),SECONDARY (S1-S4),ARTISTIC GYMNASTICS,PHYSICAL SPORTS,
RAFFLES GIRLS' SCHOOL (SECONDARY),SECONDARY (S1-S4),ARTISTIC SWIMMING,PHYSICAL SPORTS,
RAFFLES GIRLS' SCHOOL (SECONDARY),SECONDARY (S1-S4),AUDIO VISUAL AID,CLUBS AND SOCIETIES,
RAFFLES GIRLS' SCHOOL (SECONDARY),SECONDARY (S1-S4),BADMINTON,PHYSICAL SPORTS,
RAFFLES GIRLS' SCHOOL (SECONDARY),SECONDARY (S1-S4),BASKETBALL,PHYSICAL SPORTS,
RAFFLES GIRLS' SCHOOL (SECONDARY),SECONDARY (S1-S4),BOWLING,PHYSICAL SPORTS,
RAFFLES GIRLS' SCHOOL (SECONDARY),SECONDARY (S1-S4),CANOEING,PHYSICAL SPORTS,
RAFFLES GIRLS' SCHOOL (SECONDARY),SECONDARY (S1-S4),CHINESE DANCE,VISUAL AND PERFORMING ARTS,ETHNIC DANCE
RAFFLES GIRLS' SCHOOL (SECONDARY),SECONDARY (S1-S4),CHINESE DRAMA,VISUAL AND PERFORMING ARTS,
RAFFLES GIRLS' SCHOOL (SECONDARY),SECONDARY (S1-S4),"CHINESE LANGUAGE, DRAMA AND DEBATING",CLUBS AND SOCIETIES,
RAFFLES GIRLS' SCHOOL (SECONDARY),SECONDARY (S1-S4),CHINESE ORCHESTRA,VISUAL AND PERFORMING ARTS,
RAFFLES GIRLS' SCHOOL (SECONDARY),SECONDARY (S1-S4),CHOIR,VISUAL AND PERFORMING ARTS,
RAFFLES GIRLS' SCHOOL (SECONDARY),SECONDARY (S1-S4),CONCERT BAND,VISUAL AND PERFORMING ARTS,BAND SYMPHONIC
RAFFLES GIRLS' SCHOOL (SECONDARY),SECONDARY (S1-S4),CROSS COUNTRY,PHYSICAL SPORTS,
RAFFLES GIRLS' SCHOOL (SECONDARY),SECONDARY (S1-S4),DEBATING AND PUBLIC SPEAKING,CLUBS AND SOCIETIES,DEBATE AND ORATORICAL SOCIETY
RAFFLES GIRLS' SCHOOL (SECONDARY),SECONDARY (S1-S4),DIVING,PHYSICAL SPORTS,
RAFFLES GIRLS' SCHOOL (SECONDARY),SECONDARY (S1-S4),ENGLISH DRAMA,VISUAL AND PERFORMING ARTS,
RAFFLES GIRLS' SCHOOL (SECONDARY),SECONDARY (S1-S4),ENVIRONMENTAL SCIENCE,CLUBS AND SOCIETIES,COGITARE CLUB
RAFFLES GIRLS' SCHOOL (SECONDARY),SECONDARY (S1-S4),EQUESTRIAN,PHYSICAL SPORTS,
RAFFLES GIRLS' SCHOOL (SECONDARY),SECONDARY (S1-S4),FENCING,PHYSICAL SPORTS,
RAFFLES GIRLS' SCHOOL (SECONDARY),SECONDARY (S1-S4),GIRL GUIDES,UNIFORMED GROUPS,GIRL GUIDES
RAFFLES GIRLS' SCHOOL (SECONDARY),SECONDARY (S1-S4),GIRLS' BRIGADE,UNIFORMED GROUPS,GIRLS' BRIGADE
RAFFLES GIRLS' SCHOOL (SECONDARY),SECONDARY (S1-S4),GOLF,PHYSICAL SPORTS,
RAFFLES GIRLS' SCHOOL (SECONDARY),SECONDARY (S1-S4),GUITAR ENSEMBLE,VISUAL AND PERFORMING ARTS,
RAFFLES GIRLS' SCHOOL (SECONDARY),SECONDARY (S1-S4),HANDBELL ENSEMBLE,VISUAL AND PERFORMING ARTS,
RAFFLES GIRLS' SCHOOL (SECONDARY),SECONDARY (S1-S4),HOCKEY,PHYSICAL SPORTS,ICE HOCKEY
RAFFLES GIRLS' SCHOOL (SECONDARY),SECONDARY (S1-S4),ICE SKATING,PHYSICAL SPORTS,
RAFFLES GIRLS' SCHOOL (SECONDARY),SECONDARY (S1-S4),INDIAN CULTURE AND LANGUAGE,CLUBS AND SOCIETIES,
RAFFLES GIRLS' SCHOOL (SECONDARY),SECONDARY (S1-S4),INDIAN DANCE,VISUAL AND PERFORMING ARTS,
RAFFLES GIRLS' SCHOOL (SECONDARY),SECONDARY (S1-S4),INDIAN ORCHESTRA,VISUAL AND PERFORMING ARTS,
RAFFLES GIRLS' SCHOOL (SECONDARY),SECONDARY (S1-S4),INFOCOMM TECHNOLOGY (COMPUTING),CLUBS AND SOCIETIES,INFOCOMM CLUB
RAFFLES GIRLS' SCHOOL (SECONDARY),SECONDARY (S1-S4),JUDO,PHYSICAL SPORTS,
RAFFLES GIRLS' SCHOOL (SECONDARY),SECONDARY (S1-S4),KARATE,PHYSICAL SPORTS,
RAFFLES GIRLS' SCHOOL (SECONDARY),SECONDARY (S1-S4),MALAY CULTURE AND LANGUAGE,CLUBS AND SOCIETIES,
RAFFLES GIRLS' SCHOOL (SECONDARY),SECONDARY (S1-S4),MALAY DANCE,VISUAL AND PERFORMING ARTS,
RAFFLES GIRLS' SCHOOL (SECONDARY),SECONDARY (S1-S4),MATHEMATICS,CLUBS AND SOCIETIES,
RAFFLES GIRLS' SCHOOL (SECONDARY),SECONDARY (S1-S4),MEDIA RESOURCE LIBRARY,CLUBS AND SOCIETIES,
RAFFLES GIRLS' SCHOOL (SECONDARY),SECONDARY (S1-S4),MODERN DANCE,VISUAL AND PERFORMING ARTS,DANCE INTERNATIONAL
RAFFLES GIRLS' SCHOOL (SECONDARY),SECONDARY (S1-S4),MODULAR CCA (SPORTS),PHYSICAL SPORTS,
RAFFLES GIRLS' SCHOOL (SECONDARY),SECONDARY (S1-S4),NATIONAL CADET CORPS (LAND),UNIFORMED GROUPS,
RAFFLES GIRLS' SCHOOL (SECONDARY),SECONDARY (S1-S4),NATIONAL CADET CORPS (SEA),UNIFORMED GROUPS,
RAFFLES GIRLS' SCHOOL (SECONDARY),SECONDARY (S1-S4),NATIONAL POLICE CADET CORPS (SEA),UNIFORMED GROUPS,
RAFFLES GIRLS' SCHOOL (SECONDARY),SECONDARY (S1-S4),NETBALL,PHYSICAL SPORTS,
RAFFLES GIRLS' SCHOOL (SECONDARY),SECONDARY (S1-S4),OPERA/OPERATTA,VISUAL AND PERFORMING ARTS,RAFFLES DRAMA
RAFFLES GIRLS' SCHOOL (SECONDARY),SECONDARY (S1-S4),PHOTOGRAPHY,CLUBS AND SOCIETIES,PHOTOGRAPHIC SOCIETY
RAFFLES GIRLS' SCHOOL (SECONDARY),SECONDARY (S1-S4),PUBLICATION,CLUBS AND SOCIETIES,
RAFFLES GIRLS' SCHOOL (SECONDARY),SECONDARY (S1-S4),RED CROSS YOUTH,UNIFORMED GROUPS,
RAFFLES GIRLS' SCHOOL (SECONDARY),SECONDARY (S1-S4),RHYTHMIC GYMNASTICS,PHYSICAL SPORTS,
RAFFLES GIRLS' SCHOOL (SECONDARY),SECONDARY (S1-S4),ROBOTICS,CLUBS AND SOCIETIES,ROBOTICS CLUB
RAFFLES GIRLS' SCHOOL (SECONDARY),SECONDARY (S1-S4),ROCKWALL CLIMBING,PHYSICAL SPORTS,
RAFFLES GIRLS' SCHOOL (SECONDARY),SECONDARY (S1-S4),SAILING,PHYSICAL SPORTS,
RAFFLES GIRLS' SCHOOL (SECONDARY),SECONDARY (S1-S4),SHOOTING,PHYSICAL SPORTS,
RAFFLES GIRLS' SCHOOL (SECONDARY),SECONDARY (S1-S4),SINGAPORE NATIONAL YOUTH CHINESE ORCHESTRA,VISUAL AND PERFORMING ARTS,
RAFFLES GIRLS' SCHOOL (SECONDARY),SECONDARY (S1-S4),SINGAPORE NATIONAL YOUTH ORCHESTRA,VISUAL AND PERFORMING ARTS,
RAFFLES GIRLS' SCHOOL (SECONDARY),SECONDARY (S1-S4),SOFTBALL,PHYSICAL SPORTS,
RAFFLES GIRLS' SCHOOL (SECONDARY),SECONDARY (S1-S4),SQUASH,PHYSICAL SPORTS,
RAFFLES GIRLS' SCHOOL (SECONDARY),SECONDARY (S1-S4),STRATEGY GAMES,CLUBS AND SOCIETIES,RAFFLES MIND SPORTS
RAFFLES GIRLS' SCHOOL (SECONDARY),SECONDARY (S1-S4),STRING ENSEMBLE,VISUAL AND PERFORMING ARTS,
RAFFLES GIRLS' SCHOOL (SECONDARY),SECONDARY (S1-S4),STUDENT LEADERSHIP (COUNCIL),OTHERS,STUDENT LEADERSHIP (CONGRESS)
RAFFLES GIRLS' SCHOOL (SECONDARY),SECONDARY (S1-S4),STUDENT LEADERSHIP (HOUSE),OTHERS,
RAFFLES GIRLS' SCHOOL (SECONDARY),SECONDARY (S1-S4),STUDENT LEADERSHIP (PEER SUPPORT),OTHERS,STUDENT LEADERSHIP (PSB)
RAFFLES GIRLS' SCHOOL (SECONDARY),SECONDARY (S1-S4),STUDENT LEADERSHIP (PREFECT),OTHERS,STUDENT LEADERSHIP (PB)
RAFFLES GIRLS' SCHOOL (SECONDARY),SECONDARY (S1-S4),STUDENTS' COUNCIL,CLUBS AND SOCIETIES,
RAFFLES GIRLS' SCHOOL (SECONDARY),SECONDARY (S1-S4),SWIMMING,PHYSICAL SPORTS,
RAFFLES GIRLS' SCHOOL (SECONDARY),SECONDARY (S1-S4),TABLE TENNIS,PHYSICAL SPORTS,
RAFFLES GIRLS' SCHOOL (SECONDARY),SECONDARY (S1-S4),TAEKWONDO,PHYSICAL SPORTS,
RAFFLES GIRLS' SCHOOL (SECONDARY),SECONDARY (S1-S4),TENNIS,PHYSICAL SPORTS,
RAFFLES GIRLS' SCHOOL (SECONDARY),SECONDARY (S1-S4),TRACK AND FIELD,PHYSICAL SPORTS,TRACK AND CROSS COUNTRY
RAFFLES GIRLS' SCHOOL (SECONDARY),SECONDARY (S1-S4),TRAMPOLINE,PHYSICAL SPORTS,TRAMPOLINE GYMNASTICS
RAFFLES GIRLS' SCHOOL (SECONDARY),SECONDARY (S1-S4),TRIATHLON,PHYSICAL SPORTS,MODERN PENTATHLON
RAFFLES GIRLS' SCHOOL (SECONDARY),SECONDARY (S1-S4),WATER POLO,PHYSICAL SPORTS,
RAFFLES GIRLS' SCHOOL (SECONDARY),SECONDARY (S1-S4),WUSHU,PHYSICAL SPORTS,
RAFFLES INSTITUTION,MIXED LEVEL (S1-JC2),ART AND CRAFTS,CLUBS AND SOCIETIES,VISUAL ART CLUB
RAFFLES INSTITUTION,MIXED LEVEL (S1-JC2),ARTISTIC GYMNASTICS,PHYSICAL SPORTS,GYMNASTICS
RAFFLES INSTITUTION,MIXED LEVEL (S1-JC2),AUDIO VISUAL AID,CLUBS AND SOCIETIES,AUDIO VISUAL AID
RAFFLES INSTITUTION,MIXED LEVEL (S1-JC2),BADMINTON,PHYSICAL SPORTS,
RAFFLES INSTITUTION,MIXED LEVEL (S1-JC2),BASKETBALL,PHYSICAL SPORTS,
RAFFLES INSTITUTION,MIXED LEVEL (S1-JC2),BIOLOGICAL SCIENCE,CLUBS AND SOCIETIES,RAFFLES SOCIETY OF BIOLOGICAL SCIENCE
RAFFLES INSTITUTION,MIXED LEVEL (S1-JC2),BOWLING,PHYSICAL SPORTS,
RAFFLES INSTITUTION,MIXED LEVEL (S1-JC2),BOYS' BRIGADE,UNIFORMED GROUPS,
RAFFLES INSTITUTION,MIXED LEVEL (S1-JC2),CANOEING,PHYSICAL SPORTS,
RAFFLES INSTITUTION,MIXED LEVEL (S1-JC2),CHINESE DRAMA,VISUAL AND PERFORMING ARTS,CHINESE LITERARY DRAMA CULTURAL SOCIETY
RAFFLES INSTITUTION,MIXED LEVEL (S1-JC2),CHINESE ORCHESTRA,VISUAL AND PERFORMING ARTS,
RAFFLES INSTITUTION,MIXED LEVEL (S1-JC2),CHOIR,VISUAL AND PERFORMING ARTS,RAFFLES CHORALE
RAFFLES INSTITUTION,MIXED LEVEL (S1-JC2),CHOIR,VISUAL AND PERFORMING ARTS,RAFFLES VOICES
RAFFLES INSTITUTION,MIXED LEVEL (S1-JC2),COMMUNITY SERVICE,CLUBS AND SOCIETIES,COMMUNITY ADVOCATES
RAFFLES INSTITUTION,MIXED LEVEL (S1-JC2),COMMUNITY SERVICE (FIRST AID),CLUBS AND SOCIETIES,RED CROSS YOUTH CHAPTER
RAFFLES INSTITUTION,MIXED LEVEL (S1-JC2),COMMUNITY SERVICE (ROTARY-SPONSORED),CLUBS AND SOCIETIES,INTERACT CLUB
RAFFLES INSTITUTION,MIXED LEVEL (S1-JC2),CONCERT BAND,VISUAL AND PERFORMING ARTS,MILITARY BAND
RAFFLES INSTITUTION,MIXED LEVEL (S1-JC2),CONCERT BAND,VISUAL AND PERFORMING ARTS,RAFFLES SYMPHONIC BAND
RAFFLES INSTITUTION,MIXED LEVEL (S1-JC2),CRICKET,PHYSICAL SPORTS,
RAFFLES INSTITUTION,MIXED LEVEL (S1-JC2),CROSS COUNTRY,PHYSICAL SPORTS,
RAFFLES INSTITUTION,MIXED LEVEL (S1-JC2),DEBATING AND PUBLIC SPEAKING,CLUBS AND SOCIETIES,RAFFLES DEBATERS
RAFFLES INSTITUTION,MIXED LEVEL (S1-JC2),DEBATING AND PUBLIC SPEAKING,CLUBS AND SOCIETIES,RAFFLES DEBATES
RAFFLES INSTITUTION,MIXED LEVEL (S1-JC2),DESIGN AND INNOVATION,CLUBS AND SOCIETIES,RAFFLES RUNWAY
RAFFLES INSTITUTION,MIXED LEVEL (S1-JC2),DIGITAL MEDIA,CLUBS AND SOCIETIES,PHOTOGRAPHIC SOCIETY
RAFFLES INSTITUTION,MIXED LEVEL (S1-JC2),DIVING,PHYSICAL SPORTS,
RAFFLES INSTITUTION,MIXED LEVEL (S1-JC2),DRAGON BOAT,PHYSICAL SPORTS,DRAGON BOATING
RAFFLES INSTITUTION,MIXED LEVEL (S1-JC2),ENGLISH CULTURE AND LANGUAGE,CLUBS AND SOCIETIES,GAVEL CLUB
RAFFLES INSTITUTION,MIXED LEVEL (S1-JC2),ENGLISH DRAMA,VISUAL AND PERFORMING ARTS,RAFFLES PLAYERS
RAFFLES INSTITUTION,MIXED LEVEL (S1-JC2),ENTREPRENEURSHIP,CLUBS AND SOCIETIES,ENTREPRENEURS' NETWORK
RAFFLES INSTITUTION,MIXED LEVEL (S1-JC2),ENVIRONMENTAL SCIENCE,CLUBS AND SOCIETIES,HUMANITIES CLUB
RAFFLES INSTITUTION,MIXED LEVEL (S1-JC2),ENVIRONMENTAL SCIENCE,CLUBS AND SOCIETIES,RAFFLES ONE EARTH
RAFFLES INSTITUTION,MIXED LEVEL (S1-JC2),FENCING,PHYSICAL SPORTS,
RAFFLES INSTITUTION,MIXED LEVEL (S1-JC2),FILM,CLUBS AND SOCIETIES,FILM SOCIETY
RAFFLES INSTITUTION,MIXED LEVEL (S1-JC2),FLOORBALL,PHYSICAL SPORTS,
RAFFLES INSTITUTION,MIXED LEVEL (S1-JC2),FOOTBALL,PHYSICAL SPORTS,
RAFFLES INSTITUTION,MIXED LEVEL (S1-JC2),FRISBEE,PHYSICAL SPORTS,
RAFFLES INSTITUTION,MIXED LEVEL (S1-JC2),GIRL GUIDES,UNIFORMED GROUPS,
RAFFLES INSTITUTION,MIXED LEVEL (S1-JC2),GIRLS' BRIGADE,UNIFORMED GROUPS,
RAFFLES INSTITUTION,MIXED LEVEL (S1-JC2),GOLF,PHYSICAL SPORTS,
RAFFLES INSTITUTION,MIXED LEVEL (S1-JC2),GUITAR ENSEMBLE,VISUAL AND PERFORMING ARTS,
RAFFLES INSTITUTION,MIXED LEVEL (S1-JC2),HEALTH AND FITNESS,PHYSICAL SPORTS,INTER-HOUSE
RAFFLES INSTITUTION,MIXED LEVEL (S1-JC2),HERITAGE,CLUBS AND SOCIETIES,RAFFLES ARCHIVES & MUSEUM
RAFFLES INSTITUTION,MIXED LEVEL (S1-JC2),HISTORY,CLUBS AND SOCIETIES,HISTORY & STRATEGIC AFFAIRS SOCIETY
RAFFLES INSTITUTION,MIXED LEVEL (S1-JC2),HOCKEY,PHYSICAL SPORTS,
RAFFLES INSTITUTION,MIXED LEVEL (S1-JC2),HOME ECONOMICS,CLUBS AND SOCIETIES,
RAFFLES INSTITUTION,MIXED LEVEL (S1-JC2),INFOCOMM TECHNOLOGY (COMPUTING),CLUBS AND SOCIETIES,COMPUTER SCIENCE SOCIETY
RAFFLES INSTITUTION,MIXED LEVEL (S1-JC2),INFOCOMM TECHNOLOGY (COMPUTING),CLUBS AND SOCIETIES,INFOCOMM CLUB
RAFFLES INSTITUTION,MIXED LEVEL (S1-JC2),INTERNATIONAL AND GLOBAL STUDIES,CLUBS AND SOCIETIES,RAFFLES ECONOMICS & CURRENT AFFAIRS SOCIETY
RAFFLES INSTITUTION,MIXED LEVEL (S1-JC2),INTERNATIONAL CHESS,CLUBS AND SOCIETIES,CHESS CLUB
RAFFLES INSTITUTION,MIXED LEVEL (S1-JC2),JOURNALISM,CLUBS AND SOCIETIES,RAFFLES PRESS
RAFFLES INSTITUTION,MIXED LEVEL (S1-JC2),JUDO,PHYSICAL SPORTS,
RAFFLES INSTITUTION,MIXED LEVEL (S1-JC2),KEYBOARD ENSEMBLE,VISUAL AND PERFORMING ARTS,PIANO ENSEMBLE
RAFFLES INSTITUTION,MIXED LEVEL (S1-JC2),MALAY DRAMA,VISUAL AND PERFORMING ARTS,MALAY CULTURAL SOCIETY
RAFFLES INSTITUTION,MIXED LEVEL (S1-JC2),"MALAY LANGUAGE, DRAMA AND DEBATING",CLUBS AND SOCIETIES,
RAFFLES INSTITUTION,MIXED LEVEL (S1-JC2),MATHEMATICS,CLUBS AND SOCIETIES,MATHEMATICS CLUB
RAFFLES INSTITUTION,MIXED LEVEL (S1-JC2),MODERN DANCE,VISUAL AND PERFORMING ARTS,RAFFLES MODERN DANCE
RAFFLES INSTITUTION,MIXED LEVEL (S1-JC2),MODULAR CCA (C&S),CLUBS AND SOCIETIES,ACADEMIC PROGRAMMES
RAFFLES INSTITUTION,MIXED LEVEL (S1-JC2),MODULAR CCA (SPORTS),PHYSICAL SPORTS,SPORTS RECREATION CLUB
RAFFLES INSTITUTION,MIXED LEVEL (S1-JC2),NATIONAL CADET CORPS (LAND),UNIFORMED GROUPS,
RAFFLES INSTITUTION,MIXED LEVEL (S1-JC2),NATIONAL CADET CORPS (SEA),UNIFORMED GROUPS,
RAFFLES INSTITUTION,MIXED LEVEL (S1-JC2),NATIONAL POLICE CADET CORPS,UNIFORMED GROUPS,
RAFFLES INSTITUTION,MIXED LEVEL (S1-JC2),NETBALL,PHYSICAL SPORTS,
RAFFLES INSTITUTION,MIXED LEVEL (S1-JC2),OUTDOOR ADVENTURE,PHYSICAL SPORTS,OUTDOOR ADVENTURE & ACTIVITIES CLUB
RAFFLES INSTITUTION,MIXED LEVEL (S1-JC2),PHOTOGRAPHY,CLUBS AND SOCIETIES,PHOTOGRAPHY & ART CLUB
RAFFLES INSTITUTION,MIXED LEVEL (S1-JC2),PHYSICAL SCIENCE,CLUBS AND SOCIETIES,ALCHEMY CLUB
RAFFLES INSTITUTION,MIXED LEVEL (S1-JC2),PHYSICAL SCIENCE,CLUBS AND SOCIETIES,SCIENCE & ASTRONOMY CLUB
RAFFLES INSTITUTION,MIXED LEVEL (S1-JC2),POP AND JAZZ,VISUAL AND PERFORMING ARTS,RAFFLES JAZZ
RAFFLES INSTITUTION,MIXED LEVEL (S1-JC2),PUBLICATION,CLUBS AND SOCIETIES,RAFFLES PUBLICATIONS
RAFFLES INSTITUTION,MIXED LEVEL (S1-JC2),READING AND WRITING,CLUBS AND SOCIETIES,WRITERS' GUILD
RAFFLES INSTITUTION,MIXED LEVEL (S1-JC2),RED CROSS YOUTH,UNIFORMED GROUPS,
RAFFLES INSTITUTION,MIXED LEVEL (S1-JC2),RHYTHMIC GYMNASTICS,PHYSICAL SPORTS,GYMNASTICS
RAFFLES INSTITUTION,MIXED LEVEL (S1-JC2),ROBOTICS,CLUBS AND SOCIETIES,CLUB AUTOMATICA
RAFFLES INSTITUTION,MIXED LEVEL (S1-JC2),RUGBY,PHYSICAL SPORTS,
RAFFLES INSTITUTION,MIXED LEVEL (S1-JC2),SAILING,PHYSICAL SPORTS,
RAFFLES INSTITUTION,MIXED LEVEL (S1-JC2),SCOUTS,UNIFORMED GROUPS,
RAFFLES INSTITUTION,MIXED LEVEL (S1-JC2),SHOOTING,PHYSICAL SPORTS,
RAFFLES INSTITUTION,MIXED LEVEL (S1-JC2),SINGAPORE NATIONAL YOUTH CHINESE ORCHESTRA,VISUAL AND PERFORMING ARTS,
RAFFLES INSTITUTION,MIXED LEVEL (S1-JC2),SINGAPORE NATIONAL YOUTH ORCHESTRA,VISUAL AND PERFORMING ARTS,
RAFFLES INSTITUTION,MIXED LEVEL (S1-JC2),SINGAPORE YOUTH FLYING CLUB,CLUBS AND SOCIETIES,
RAFFLES INSTITUTION,MIXED LEVEL (S1-JC2),SOFTBALL,PHYSICAL SPORTS,
RAFFLES INSTITUTION,MIXED LEVEL (S1-JC2),SPACE SCIENCE,CLUBS AND SOCIETIES,ASTRONOMY CLUB
RAFFLES INSTITUTION,MIXED LEVEL (S1-JC2),SQUASH,PHYSICAL SPORTS,
RAFFLES INSTITUTION,MIXED LEVEL (S1-JC2),ST JOHN BRIGADE,UNIFORMED GROUPS,
RAFFLES INSTITUTION,MIXED LEVEL (S1-JC2),STRATEGY GAMES,CLUBS AND SOCIETIES,BRIDGE CLUB
RAFFLES INSTITUTION,MIXED LEVEL (S1-JC2),STRING ENSEMBLE,VISUAL AND PERFORMING ARTS,CHAMBER ENSEMBLE
RAFFLES INSTITUTION,MIXED LEVEL (S1-JC2),STRING ENSEMBLE,VISUAL AND PERFORMING ARTS,STRING ENSEMBLE
RAFFLES INSTITUTION,MIXED LEVEL (S1-JC2),STUDENT LEADERSHIP (COUNCIL),OTHERS,
RAFFLES INSTITUTION,MIXED LEVEL (S1-JC2),STUDENT LEADERSHIP (HOUSE),OTHERS,
RAFFLES INSTITUTION,MIXED LEVEL (S1-JC2),SWIMMING,PHYSICAL SPORTS,
RAFFLES INSTITUTION,MIXED LEVEL (S1-JC2),TABLE TENNIS,PHYSICAL SPORTS,
RAFFLES INSTITUTION,MIXED LEVEL (S1-JC2),TAEKWONDO,PHYSICAL SPORTS,
RAFFLES INSTITUTION,MIXED LEVEL (S1-JC2),TAMIL DRAMA,VISUAL AND PERFORMING ARTS,INDIAN CULTURAL SOCIETY
RAFFLES INSTITUTION,MIXED LEVEL (S1-JC2),TAP DANCE,VISUAL AND PERFORMING ARTS,RAFFLES STREET DANCE
RAFFLES INSTITUTION,MIXED LEVEL (S1-JC2),TENNIS,PHYSICAL SPORTS,
RAFFLES INSTITUTION,MIXED LEVEL (S1-JC2),TOUCH RUGBY,PHYSICAL SPORTS,
RAFFLES INSTITUTION,MIXED LEVEL (S1-JC2),TRACK AND FIELD,PHYSICAL SPORTS,
RAFFLES INSTITUTION,MIXED LEVEL (S1-JC2),TRAMPOLINE,PHYSICAL SPORTS,
RAFFLES INSTITUTION,MIXED LEVEL (S1-JC2),VOLLEYBALL,PHYSICAL SPORTS,
RAFFLES INSTITUTION,MIXED LEVEL (S1-JC2),WATER POLO,PHYSICAL SPORTS,
RAFFLES INSTITUTION,MIXED LEVEL (S1-JC2),WESTERN ORCHESTRA,VISUAL AND PERFORMING ARTS,RAFFLES ROCK
RED SWASTIKA SCHOOL,PRIMARY,ART AND CRAFTS,CLUBS AND SOCIETIES,
RED SWASTIKA SCHOOL,PRIMARY,BADMINTON,PHYSICAL SPORTS,
RED SWASTIKA SCHOOL,PRIMARY,BASKETBALL,PHYSICAL SPORTS,
RED SWASTIKA SCHOOL,PRIMARY,BOWLING,PHYSICAL SPORTS,
RED SWASTIKA SCHOOL,PRIMARY,CHINESE CULTURE AND LANGUAGE,CLUBS AND SOCIETIES,BILINGUAL MEDIA CLUB
RED SWASTIKA SCHOOL,PRIMARY,CHINESE DANCE,VISUAL AND PERFORMING ARTS,
RED SWASTIKA SCHOOL,PRIMARY,CHINESE ORCHESTRA,VISUAL AND PERFORMING ARTS,
RED SWASTIKA SCHOOL,PRIMARY,GIRL GUIDES (BROWNIES),UNIFORMED GROUPS,
RED SWASTIKA SCHOOL,PRIMARY,GUZHENG ENSEMBLE,VISUAL AND PERFORMING ARTS,
RED SWASTIKA SCHOOL,PRIMARY,MODERN DANCE,VISUAL AND PERFORMING ARTS,
RED SWASTIKA SCHOOL,PRIMARY,ROBOTICS,CLUBS AND SOCIETIES,
RED SWASTIKA SCHOOL,PRIMARY,SCOUTS,UNIFORMED GROUPS,
RED SWASTIKA SCHOOL,PRIMARY,TABLE TENNIS,PHYSICAL SPORTS,
RED SWASTIKA SCHOOL,PRIMARY,TRACK AND FIELD,PHYSICAL SPORTS,
RED SWASTIKA SCHOOL,PRIMARY,WUSHU,PHYSICAL SPORTS,
REGENT SECONDARY SCHOOL,SECONDARY (S1-S5),BADMINTON,PHYSICAL SPORTS,
REGENT SECONDARY SCHOOL,SECONDARY (S1-S5),BASKETBALL,PHYSICAL SPORTS,
REGENT SECONDARY SCHOOL,SECONDARY (S1-S5),BOYS' BRIGADE,UNIFORMED GROUPS,
REGENT SECONDARY SCHOOL,SECONDARY (S1-S5),CHOIR,VISUAL AND PERFORMING ARTS,
REGENT SECONDARY SCHOOL,SECONDARY (S1-S5),CONCERT BAND,VISUAL AND PERFORMING ARTS,
REGENT SECONDARY SCHOOL,SECONDARY (S1-S5),DESIGN AND INNOVATION,CLUBS AND SOCIETIES,
REGENT SECONDARY SCHOOL,SECONDARY (S1-S5),ENGLISH DRAMA,VISUAL AND PERFORMING ARTS,
REGENT SECONDARY SCHOOL,SECONDARY (S1-S5),ENVIRONMENTAL SCIENCE,CLUBS AND SOCIETIES,
REGENT SECONDARY SCHOOL,SECONDARY (S1-S5),FOOTBALL,PHYSICAL SPORTS,
REGENT SECONDARY SCHOOL,SECONDARY (S1-S5),GIRLS' BRIGADE,UNIFORMED GROUPS,
REGENT SECONDARY SCHOOL,SECONDARY (S1-S5),INFOCOMM TECHNOLOGY (MEDIA PRODUCTION),CLUBS AND SOCIETIES,
REGENT SECONDARY SCHOOL,SECONDARY (S1-S5),MODERN DANCE,VISUAL AND PERFORMING ARTS,
REGENT SECONDARY SCHOOL,SECONDARY (S1-S5),NATIONAL POLICE CADET CORPS,UNIFORMED GROUPS,
REGENT SECONDARY SCHOOL,SECONDARY (S1-S5),NETBALL,PHYSICAL SPORTS,
REGENT SECONDARY SCHOOL,SECONDARY (S1-S5),RED CROSS YOUTH,UNIFORMED GROUPS,
REGENT SECONDARY SCHOOL,SECONDARY (S1-S5),ROBOTICS,CLUBS AND SOCIETIES,
REGENT SECONDARY SCHOOL,SECONDARY (S1-S5),TAEKWONDO,PHYSICAL SPORTS,
RIVER VALLEY HIGH SCHOOL,MIXED LEVEL (S1-JC2),ART AND CRAFTS,CLUBS AND SOCIETIES,
RIVER VALLEY HIGH SCHOOL,MIXED LEVEL (S1-JC2),AUDIO VISUAL AID,CLUBS AND SOCIETIES,MULTIMEDIA CLUB
RIVER VALLEY HIGH SCHOOL,MIXED LEVEL (S1-JC2),BADMINTON,PHYSICAL SPORTS,
RIVER VALLEY HIGH SCHOOL,MIXED LEVEL (S1-JC2),BASKETBALL,PHYSICAL SPORTS,
RIVER VALLEY HIGH SCHOOL,MIXED LEVEL (S1-JC2),BOYS' BRIGADE,UNIFORMED GROUPS,
RIVER VALLEY HIGH SCHOOL,MIXED LEVEL (S1-JC2),BROADCASTING,CLUBS AND SOCIETIES,
RIVER VALLEY HIGH SCHOOL,MIXED LEVEL (S1-JC2),CANOEING,PHYSICAL SPORTS,
RIVER VALLEY HIGH SCHOOL,MIXED LEVEL (S1-JC2),CHINESE CALLIGRAPHY AND BRUSH PAINTING,CLUBS AND SOCIETIES,
RIVER VALLEY HIGH SCHOOL,MIXED LEVEL (S1-JC2),CHINESE CHESS,CLUBS AND SOCIETIES,
RIVER VALLEY HIGH SCHOOL,MIXED LEVEL (S1-JC2),CHINESE CULTURE AND LANGUAGE,CLUBS AND SOCIETIES,BICULTURAL LEADERS ACADEMY
RIVER VALLEY HIGH SCHOOL,MIXED LEVEL (S1-JC2),CHINESE DANCE,VISUAL AND PERFORMING ARTS,
RIVER VALLEY HIGH SCHOOL,MIXED LEVEL (S1-JC2),CHINESE DRAMA,VISUAL AND PERFORMING ARTS,
RIVER VALLEY HIGH SCHOOL,MIXED LEVEL (S1-JC2),"CHINESE LANGUAGE, DRAMA AND DEBATING",CLUBS AND SOCIETIES,CHINESE DEBATE
RIVER VALLEY HIGH SCHOOL,MIXED LEVEL (S1-JC2),CHINESE ORCHESTRA,VISUAL AND PERFORMING ARTS,
RIVER VALLEY HIGH SCHOOL,MIXED LEVEL (S1-JC2),CHINESE WEIQI,CLUBS AND SOCIETIES,
RIVER VALLEY HIGH SCHOOL,MIXED LEVEL (S1-JC2),CHOIR,VISUAL AND PERFORMING ARTS,
RIVER VALLEY HIGH SCHOOL,MIXED LEVEL (S1-JC2),COMMUNITY SERVICE,CLUBS AND SOCIETIES,SERVICE & CITIZENSHIP SOCIETY
RIVER VALLEY HIGH SCHOOL,MIXED LEVEL (S1-JC2),CONCERT BAND,VISUAL AND PERFORMING ARTS,
RIVER VALLEY HIGH SCHOOL,MIXED LEVEL (S1-JC2),CROSS COUNTRY,PHYSICAL SPORTS,
RIVER VALLEY HIGH SCHOOL,MIXED LEVEL (S1-JC2),ENGLISH DRAMA,VISUAL AND PERFORMING ARTS,
RIVER VALLEY HIGH SCHOOL,MIXED LEVEL (S1-JC2),"ENGLISH LANGUAGE, DRAMA AND DEBATING",CLUBS AND SOCIETIES,ENGLISH DEBATE
RIVER VALLEY HIGH SCHOOL,MIXED LEVEL (S1-JC2),ENVIRONMENTAL SCIENCE,CLUBS AND SOCIETIES,THE ECO-SUSTAINABILITY LEADERS ACADEMY
RIVER VALLEY HIGH SCHOOL,MIXED LEVEL (S1-JC2),FLOORBALL,PHYSICAL SPORTS,
RIVER VALLEY HIGH SCHOOL,MIXED LEVEL (S1-JC2),FOOTBALL,PHYSICAL SPORTS,
RIVER VALLEY HIGH SCHOOL,MIXED LEVEL (S1-JC2),FRISBEE,PHYSICAL SPORTS,
RIVER VALLEY HIGH SCHOOL,MIXED LEVEL (S1-JC2),GIRL GUIDES,UNIFORMED GROUPS,
RIVER VALLEY HIGH SCHOOL,MIXED LEVEL (S1-JC2),GOLF,PHYSICAL SPORTS,
RIVER VALLEY HIGH SCHOOL,MIXED LEVEL (S1-JC2),GUITAR ENSEMBLE,VISUAL AND PERFORMING ARTS,
RIVER VALLEY HIGH SCHOOL,MIXED LEVEL (S1-JC2),HISTORY,CLUBS AND SOCIETIES,HISTORY & CURRENT AFFAIRS SOCIETY
RIVER VALLEY HIGH SCHOOL,MIXED LEVEL (S1-JC2),INFOCOMM TECHNOLOGY (COMPUTING),CLUBS AND SOCIETIES,
RIVER VALLEY HIGH SCHOOL,MIXED LEVEL (S1-JC2),INTERNATIONAL AND GLOBAL STUDIES,CLUBS AND SOCIETIES,
RIVER VALLEY HIGH SCHOOL,MIXED LEVEL (S1-JC2),INTERNATIONAL CHESS,CLUBS AND SOCIETIES,
RIVER VALLEY HIGH SCHOOL,MIXED LEVEL (S1-JC2),MATHEMATICS,CLUBS AND SOCIETIES,MATHEMATICS LEADERS ACADEMY
RIVER VALLEY HIGH SCHOOL,MIXED LEVEL (S1-JC2),MODERN DANCE,VISUAL AND PERFORMING ARTS,
RIVER VALLEY HIGH SCHOOL,MIXED LEVEL (S1-JC2),NATIONAL CADET CORPS (LAND),UNIFORMED GROUPS,
RIVER VALLEY HIGH SCHOOL,MIXED LEVEL (S1-JC2),NATIONAL CADET CORPS (SEA),UNIFORMED GROUPS,
RIVER VALLEY HIGH SCHOOL,MIXED LEVEL (S1-JC2),NATIONAL POLICE CADET CORPS,UNIFORMED GROUPS,
RIVER VALLEY HIGH SCHOOL,MIXED LEVEL (S1-JC2),NETBALL,PHYSICAL SPORTS,
RIVER VALLEY HIGH SCHOOL,MIXED LEVEL (S1-JC2),PHOTOGRAPHY,CLUBS AND SOCIETIES,
RIVER VALLEY HIGH SCHOOL,MIXED LEVEL (S1-JC2),PHYSICAL SCIENCE,CLUBS AND SOCIETIES,SCIENCE LEADERS ACADEMY
RIVER VALLEY HIGH SCHOOL,MIXED LEVEL (S1-JC2),PUBLICATION,CLUBS AND SOCIETIES,EDITORIAL CLUB
RIVER VALLEY HIGH SCHOOL,MIXED LEVEL (S1-JC2),SCOUTS,UNIFORMED GROUPS,
RIVER VALLEY HIGH SCHOOL,MIXED LEVEL (S1-JC2),SINGAPORE NATIONAL YOUTH CHINESE ORCHESTRA,VISUAL AND PERFORMING ARTS,
RIVER VALLEY HIGH SCHOOL,MIXED LEVEL (S1-JC2),SINGAPORE NATIONAL YOUTH ORCHESTRA,VISUAL AND PERFORMING ARTS,
RIVER VALLEY HIGH SCHOOL,MIXED LEVEL (S1-JC2),SINGAPORE YOUTH FLYING CLUB,CLUBS AND SOCIETIES,
RIVER VALLEY HIGH SCHOOL,MIXED LEVEL (S1-JC2),SOCIAL STUDIES,CLUBS AND SOCIETIES,HUMANITIES & SOCIAL SCIENCES LEADERS ACADEMY
RIVER VALLEY HIGH SCHOOL,MIXED LEVEL (S1-JC2),SOFTBALL,PHYSICAL SPORTS,
RIVER VALLEY HIGH SCHOOL,MIXED LEVEL (S1-JC2),SP-CCA (ATHLETICS),PHYSICAL SPORTS,
RIVER VALLEY HIGH SCHOOL,MIXED LEVEL (S1-JC2),SP-CCA (WATER POLO),PHYSICAL SPORTS,
RIVER VALLEY HIGH SCHOOL,MIXED LEVEL (S1-JC2),ST JOHN BRIGADE,UNIFORMED GROUPS,
RIVER VALLEY HIGH SCHOOL,MIXED LEVEL (S1-JC2),STUDENT LEADERSHIP (COUNCIL),OTHERS,STUDENT LEADERSHIP DEVELOPMENT ACADEMY
RIVER VALLEY HIGH SCHOOL,MIXED LEVEL (S1-JC2),SWIMMING,PHYSICAL SPORTS,
RIVER VALLEY HIGH SCHOOL,MIXED LEVEL (S1-JC2),TABLE TENNIS,PHYSICAL SPORTS,
RIVER VALLEY HIGH SCHOOL,MIXED LEVEL (S1-JC2),TAEKWONDO,PHYSICAL SPORTS,
RIVER VALLEY HIGH SCHOOL,MIXED LEVEL (S1-JC2),TCHOUKBALL,PHYSICAL SPORTS,
RIVER VALLEY HIGH SCHOOL,MIXED LEVEL (S1-JC2),TRACK AND FIELD,PHYSICAL SPORTS,
RIVER VALLEY HIGH SCHOOL,MIXED LEVEL (S1-JC2),VOLLEYBALL,PHYSICAL SPORTS,
RIVER VALLEY HIGH SCHOOL,MIXED LEVEL (S1-JC2),WUSHU,PHYSICAL SPORTS,
RIVER VALLEY PRIMARY SCHOOL,PRIMARY,ART AND CRAFTS,CLUBS AND SOCIETIES,VISUAL ARTS CLUB
RIVER VALLEY PRIMARY SCHOOL,PRIMARY,BADMINTON,PHYSICAL SPORTS,
RIVER VALLEY PRIMARY SCHOOL,PRIMARY,BASKETBALL,PHYSICAL SPORTS,
RIVER VALLEY PRIMARY SCHOOL,PRIMARY,CHINESE WEIQI,CLUBS AND SOCIETIES,
RIVER VALLEY PRIMARY SCHOOL,PRIMARY,CHOIR,VISUAL AND PERFORMING ARTS,
RIVER VALLEY PRIMARY SCHOOL,PRIMARY,CONCERT BAND,VISUAL AND PERFORMING ARTS,
RIVER VALLEY PRIMARY SCHOOL,PRIMARY,ENGLISH DRAMA,VISUAL AND PERFORMING ARTS,
RIVER VALLEY PRIMARY SCHOOL,PRIMARY,FLOORBALL,PHYSICAL SPORTS,
RIVER VALLEY PRIMARY SCHOOL,PRIMARY,FOOTBALL,PHYSICAL SPORTS,
RIVER VALLEY PRIMARY SCHOOL,PRIMARY,GIRL GUIDES (BROWNIES),UNIFORMED GROUPS,BROWNIES
RIVER VALLEY PRIMARY SCHOOL,PRIMARY,INFOCOMM TECHNOLOGY (COMPUTING),CLUBS AND SOCIETIES,INFOCOMM TECHNOLOGY
RIVER VALLEY PRIMARY SCHOOL,PRIMARY,MODERN DANCE,VISUAL AND PERFORMING ARTS,DANCE ENSEMBLE
RIVER VALLEY PRIMARY SCHOOL,PRIMARY,NETBALL,PHYSICAL SPORTS,
RIVER VALLEY PRIMARY SCHOOL,PRIMARY,RED CROSS YOUTH,UNIFORMED GROUPS,
RIVER VALLEY PRIMARY SCHOOL,PRIMARY,SCOUTS,UNIFORMED GROUPS,
RIVER VALLEY PRIMARY SCHOOL,PRIMARY,STUDENT LEADERSHIP (HOUSE),OTHERS,CCA LEADERS
RIVER VALLEY PRIMARY SCHOOL,PRIMARY,STUDENT LEADERSHIP (PREFECT),OTHERS,STUDENT COUNCIL
RIVER VALLEY PRIMARY SCHOOL,PRIMARY,STUDENTS' COUNCIL,CLUBS AND SOCIETIES,
RIVER VALLEY PRIMARY SCHOOL,PRIMARY,VOLLEYBALL,PHYSICAL SPORTS,
RIVER VALLEY PRIMARY SCHOOL,PRIMARY,WUSHU,PHYSICAL SPORTS,
RIVERSIDE PRIMARY SCHOOL,PRIMARY,ART AND CRAFTS,CLUBS AND SOCIETIES,
RIVERSIDE PRIMARY SCHOOL,PRIMARY,BADMINTON,PHYSICAL SPORTS,
RIVERSIDE PRIMARY SCHOOL,PRIMARY,BASKETBALL,PHYSICAL SPORTS,
RIVERSIDE PRIMARY SCHOOL,PRIMARY,CHOIR,VISUAL AND PERFORMING ARTS,
RIVERSIDE PRIMARY SCHOOL,PRIMARY,ENGLISH DRAMA,VISUAL AND PERFORMING ARTS,
RIVERSIDE PRIMARY SCHOOL,PRIMARY,ENVIRONMENTAL SCIENCE,CLUBS AND SOCIETIES,
RIVERSIDE PRIMARY SCHOOL,PRIMARY,FLOORBALL,PHYSICAL SPORTS,
RIVERSIDE PRIMARY SCHOOL,PRIMARY,FOOTBALL,PHYSICAL SPORTS,
RIVERSIDE PRIMARY SCHOOL,PRIMARY,HOME ECONOMICS,CLUBS AND SOCIETIES,
RIVERSIDE PRIMARY SCHOOL,PRIMARY,MODERN DANCE,VISUAL AND PERFORMING ARTS,
RIVERSIDE PRIMARY SCHOOL,PRIMARY,NETBALL,PHYSICAL SPORTS,
RIVERSIDE PRIMARY SCHOOL,PRIMARY,ROBOTICS,CLUBS AND SOCIETIES,PLAY CLUB
RIVERSIDE PRIMARY SCHOOL,PRIMARY,SCOUTS,UNIFORMED GROUPS,
RIVERSIDE PRIMARY SCHOOL,PRIMARY,STRING ENSEMBLE,VISUAL AND PERFORMING ARTS,
RIVERSIDE PRIMARY SCHOOL,PRIMARY,TRACK AND FIELD,PHYSICAL SPORTS,
RIVERSIDE SECONDARY SCHOOL,SECONDARY (S1-S5),ART AND CRAFTS,CLUBS AND SOCIETIES,VISUAL ARTS
RIVERSIDE SECONDARY SCHOOL,SECONDARY (S1-S5),AUDIO VISUAL AID,CLUBS AND SOCIETIES,
RIVERSIDE SECONDARY SCHOOL,SECONDARY (S1-S5),BADMINTON,PHYSICAL SPORTS,
RIVERSIDE SECONDARY SCHOOL,SECONDARY (S1-S5),BASKETBALL,PHYSICAL SPORTS,
RIVERSIDE SECONDARY SCHOOL,SECONDARY (S1-S5),BOYS' BRIGADE,UNIFORMED GROUPS,
RIVERSIDE SECONDARY SCHOOL,SECONDARY (S1-S5),CHINESE DANCE,VISUAL AND PERFORMING ARTS,
RIVERSIDE SECONDARY SCHOOL,SECONDARY (S1-S5),CHOIR,VISUAL AND PERFORMING ARTS,
RIVERSIDE SECONDARY SCHOOL,SECONDARY (S1-S5),CONCERT BAND,VISUAL AND PERFORMING ARTS,
RIVERSIDE SECONDARY SCHOOL,SECONDARY (S1-S5),CULTURAL DANCE,VISUAL AND PERFORMING ARTS,MULTI-CULTURAL DANCE SOCIETY
RIVERSIDE SECONDARY SCHOOL,SECONDARY (S1-S5),ENGLISH DRAMA,VISUAL AND PERFORMING ARTS,
RIVERSIDE SECONDARY SCHOOL,SECONDARY (S1-S5),ENVIRONMENTAL SCIENCE,CLUBS AND SOCIETIES,
RIVERSIDE SECONDARY SCHOOL,SECONDARY (S1-S5),FOOTBALL,PHYSICAL SPORTS,
RIVERSIDE SECONDARY SCHOOL,SECONDARY (S1-S5),GIRLS' BRIGADE,UNIFORMED GROUPS,
RIVERSIDE SECONDARY SCHOOL,SECONDARY (S1-S5),INDIAN DANCE,VISUAL AND PERFORMING ARTS,
RIVERSIDE SECONDARY SCHOOL,SECONDARY (S1-S5),INFOCOMM TECHNOLOGY (MEDIA PRODUCTION),CLUBS AND SOCIETIES,DIGITAL MEDIA CLUB
RIVERSIDE SECONDARY SCHOOL,SECONDARY (S1-S5),MALAY DANCE,VISUAL AND PERFORMING ARTS,
RIVERSIDE SECONDARY SCHOOL,SECONDARY (S1-S5),MODERN DANCE,VISUAL AND PERFORMING ARTS,
RIVERSIDE SECONDARY SCHOOL,SECONDARY (S1-S5),NATIONAL CADET CORPS (SEA),UNIFORMED GROUPS,
RIVERSIDE SECONDARY SCHOOL,SECONDARY (S1-S5),NATIONAL CIVIL DEFENCE CADET CORPS,UNIFORMED GROUPS,
RIVERSIDE SECONDARY SCHOOL,SECONDARY (S1-S5),NATIONAL POLICE CADET CORPS,UNIFORMED GROUPS,
RIVERSIDE SECONDARY SCHOOL,SECONDARY (S1-S5),NETBALL,PHYSICAL SPORTS,
RIVERSIDE SECONDARY SCHOOL,SECONDARY (S1-S5),ROBOTICS,CLUBS AND SOCIETIES,
RIVERSIDE SECONDARY SCHOOL,SECONDARY (S1-S5),SOFTBALL,PHYSICAL SPORTS,
RIVERSIDE SECONDARY SCHOOL,SECONDARY (S1-S5),SP-CCA (ATHLETICS),PHYSICAL SPORTS,
RIVERVALE PRIMARY SCHOOL,PRIMARY,ART AND CRAFTS,CLUBS AND SOCIETIES,
RIVERVALE PRIMARY SCHOOL,PRIMARY,BADMINTON,PHYSICAL SPORTS,
RIVERVALE PRIMARY SCHOOL,PRIMARY,BASKETBALL,PHYSICAL SPORTS,
RIVERVALE PRIMARY SCHOOL,PRIMARY,BRASS BAND,VISUAL AND PERFORMING ARTS,
RIVERVALE PRIMARY SCHOOL,PRIMARY,CHOIR,VISUAL AND PERFORMING ARTS,
RIVERVALE PRIMARY SCHOOL,PRIMARY,DEBATING AND PUBLIC SPEAKING,CLUBS AND SOCIETIES,DRAMA
RIVERVALE PRIMARY SCHOOL,PRIMARY,FOOTBALL,PHYSICAL SPORTS,
RIVERVALE PRIMARY SCHOOL,PRIMARY,GUZHENG ENSEMBLE,VISUAL AND PERFORMING ARTS,
RIVERVALE PRIMARY SCHOOL,PRIMARY,HOCKEY,PHYSICAL SPORTS,
RIVERVALE PRIMARY SCHOOL,PRIMARY,HOME ECONOMICS,CLUBS AND SOCIETIES,LIFESKILLS
RIVERVALE PRIMARY SCHOOL,PRIMARY,INFOCOMM TECHNOLOGY (MEDIA PRODUCTION),CLUBS AND SOCIETIES,MEDIA CLUB
RIVERVALE PRIMARY SCHOOL,PRIMARY,MODERN DANCE,VISUAL AND PERFORMING ARTS,INTERNATIONAL DANCE
RIVERVALE PRIMARY SCHOOL,PRIMARY,MODULAR CCA (SPORTS),PHYSICAL SPORTS,
RIVERVALE PRIMARY SCHOOL,PRIMARY,NETBALL,PHYSICAL SPORTS,
RIVERVALE PRIMARY SCHOOL,PRIMARY,RED CROSS YOUTH,UNIFORMED GROUPS,
RIVERVALE PRIMARY SCHOOL,PRIMARY,ROBOTICS,CLUBS AND SOCIETIES,
RIVERVALE PRIMARY SCHOOL,PRIMARY,TAEKWONDO,PHYSICAL SPORTS,
ROSYTH SCHOOL,PRIMARY,ART AND CRAFTS,CLUBS AND SOCIETIES,
ROSYTH SCHOOL,PRIMARY,BADMINTON,PHYSICAL SPORTS,BADMINTON
ROSYTH SCHOOL,PRIMARY,BASKETBALL,PHYSICAL SPORTS,
ROSYTH SCHOOL,PRIMARY,CHINESE DANCE,VISUAL AND PERFORMING ARTS,
ROSYTH SCHOOL,PRIMARY,CHINESE ORCHESTRA,VISUAL AND PERFORMING ARTS,
ROSYTH SCHOOL,PRIMARY,CHOIR,VISUAL AND PERFORMING ARTS,
ROSYTH SCHOOL,PRIMARY,COMICS AND ILLUSTRATION,VISUAL AND PERFORMING ARTS,MANGA ART
ROSYTH SCHOOL,PRIMARY,CONCERT BAND,VISUAL AND PERFORMING ARTS,
ROSYTH SCHOOL,PRIMARY,DEBATING AND PUBLIC SPEAKING,CLUBS AND SOCIETIES,
ROSYTH SCHOOL,PRIMARY,"ENGLISH LANGUAGE, DRAMA AND DEBATING",CLUBS AND SOCIETIES,ORATORICAL CLUB
ROSYTH SCHOOL,PRIMARY,ENVIRONMENTAL SCIENCE,CLUBS AND SOCIETIES,
ROSYTH SCHOOL,PRIMARY,FOOTBALL,PHYSICAL SPORTS,
ROSYTH SCHOOL,PRIMARY,GIRL GUIDES (BROWNIES),UNIFORMED GROUPS,
ROSYTH SCHOOL,PRIMARY,HEALTH AND FITNESS,PHYSICAL SPORTS,
ROSYTH SCHOOL,PRIMARY,INFOCOMM TECHNOLOGY (COMPUTING),CLUBS AND SOCIETIES,
ROSYTH SCHOOL,PRIMARY,INFOCOMM TECHNOLOGY (MEDIA PRODUCTION),CLUBS AND SOCIETIES,
ROSYTH SCHOOL,PRIMARY,INTERNATIONAL CHESS,CLUBS AND SOCIETIES,
ROSYTH SCHOOL,PRIMARY,MATHEMATICS,CLUBS AND SOCIETIES,E2K MATHS
ROSYTH SCHOOL,PRIMARY,MODERN DANCE,VISUAL AND PERFORMING ARTS,
ROSYTH SCHOOL,PRIMARY,MODULAR CCA (SPORTS),PHYSICAL SPORTS,
ROSYTH SCHOOL,PRIMARY,PHYSICAL SCIENCE,CLUBS AND SOCIETIES,E2K SCIENCE
ROSYTH SCHOOL,PRIMARY,ROBOTICS,CLUBS AND SOCIETIES,
ROSYTH SCHOOL,PRIMARY,SCOUTS,UNIFORMED GROUPS,
ROSYTH SCHOOL,PRIMARY,TENNIS,PHYSICAL SPORTS,
ROSYTH SCHOOL,PRIMARY,TRACK AND FIELD,PHYSICAL SPORTS,
ROSYTH SCHOOL,PRIMARY,WUSHU,PHYSICAL SPORTS,
RULANG PRIMARY SCHOOL,PRIMARY,ART AND CRAFTS,CLUBS AND SOCIETIES,Art Club
RULANG PRIMARY SCHOOL,PRIMARY,BADMINTON,PHYSICAL SPORTS,
RULANG PRIMARY SCHOOL,PRIMARY,BASKETBALL,PHYSICAL SPORTS,
RULANG PRIMARY SCHOOL,PRIMARY,CHINESE DANCE,VISUAL AND PERFORMING ARTS,
RULANG PRIMARY SCHOOL,PRIMARY,CHINESE ORCHESTRA,VISUAL AND PERFORMING ARTS,
RULANG PRIMARY SCHOOL,PRIMARY,CHOIR,VISUAL AND PERFORMING ARTS,
RULANG PRIMARY SCHOOL,PRIMARY,ENVIRONMENTAL SCIENCE,CLUBS AND SOCIETIES,
RULANG PRIMARY SCHOOL,PRIMARY,GIRL GUIDES (BROWNIES),UNIFORMED GROUPS,BROWNIES
RULANG PRIMARY SCHOOL,PRIMARY,HANDBALL,PHYSICAL SPORTS,MULTI-SPORT (FRIDAY)
RULANG PRIMARY SCHOOL,PRIMARY,INFOCOMM TECHNOLOGY (MEDIA PRODUCTION),CLUBS AND SOCIETIES,
RULANG PRIMARY SCHOOL,PRIMARY,INTERNATIONAL CHESS,CLUBS AND SOCIETIES,
RULANG PRIMARY SCHOOL,PRIMARY,MALAY DANCE,VISUAL AND PERFORMING ARTS,INT DANCE
RULANG PRIMARY SCHOOL,PRIMARY,ROBOTICS,CLUBS AND SOCIETIES,
RULANG PRIMARY SCHOOL,PRIMARY,ROPE SKIPPING,PHYSICAL SPORTS,
RULANG PRIMARY SCHOOL,PRIMARY,SCOUTS,UNIFORMED GROUPS,
RULANG PRIMARY SCHOOL,PRIMARY,SOFTBALL,PHYSICAL SPORTS,
RULANG PRIMARY SCHOOL,PRIMARY,STUDENT LEADERSHIP (PREFECT),OTHERS,
RULANG PRIMARY SCHOOL,PRIMARY,VOLLEYBALL,PHYSICAL SPORTS,MULTI-SPORT (MONDAY)
RULANG PRIMARY SCHOOL,PRIMARY,WUSHU,PHYSICAL SPORTS,
"SCHOOL OF SCIENCE AND TECHNOLOGY, SINGAPORE",SECONDARY (S1-S4),ARCHERY,PHYSICAL SPORTS,
"SCHOOL OF SCIENCE AND TECHNOLOGY, SINGAPORE",SECONDARY (S1-S4),ARTISTIC GYMNASTICS,PHYSICAL SPORTS,
"SCHOOL OF SCIENCE AND TECHNOLOGY, SINGAPORE",SECONDARY (S1-S4),BADMINTON,PHYSICAL SPORTS,
"SCHOOL OF SCIENCE AND TECHNOLOGY, SINGAPORE",SECONDARY (S1-S4),BASKETBALL,PHYSICAL SPORTS,
"SCHOOL OF SCIENCE AND TECHNOLOGY, SINGAPORE",SECONDARY (S1-S4),BIOLOGICAL SCIENCE,CLUBS AND SOCIETIES,APPLIED RESEARCH CLUB@SST
"SCHOOL OF SCIENCE AND TECHNOLOGY, SINGAPORE",SECONDARY (S1-S4),CANOEING,PHYSICAL SPORTS,
"SCHOOL OF SCIENCE AND TECHNOLOGY, SINGAPORE",SECONDARY (S1-S4),CHINESE CULTURE AND LANGUAGE,CLUBS AND SOCIETIES,
"SCHOOL OF SCIENCE AND TECHNOLOGY, SINGAPORE",SECONDARY (S1-S4),DESIGN AND INNOVATION,CLUBS AND SOCIETIES,
"SCHOOL OF SCIENCE AND TECHNOLOGY, SINGAPORE",SECONDARY (S1-S4),DIVING,PHYSICAL SPORTS,
"SCHOOL OF SCIENCE AND TECHNOLOGY, SINGAPORE",SECONDARY (S1-S4),ENGLISH CULTURE AND LANGUAGE,CLUBS AND SOCIETIES,
"SCHOOL OF SCIENCE AND TECHNOLOGY, SINGAPORE",SECONDARY (S1-S4),ENGLISH DRAMA,VISUAL AND PERFORMING ARTS,ENGLISH DRAMA CLUB
"SCHOOL OF SCIENCE AND TECHNOLOGY, SINGAPORE",SECONDARY (S1-S4),ENTREPRENEURSHIP,CLUBS AND SOCIETIES,INNOVATION AND ENTREPRENEURSHIP TDP
"SCHOOL OF SCIENCE AND TECHNOLOGY, SINGAPORE",SECONDARY (S1-S4),ENVIRONMENTAL SCIENCE,CLUBS AND SOCIETIES,
"SCHOOL OF SCIENCE AND TECHNOLOGY, SINGAPORE",SECONDARY (S1-S4),FENCING,PHYSICAL SPORTS,
"SCHOOL OF SCIENCE AND TECHNOLOGY, SINGAPORE",SECONDARY (S1-S4),FLOORBALL,PHYSICAL SPORTS,
"SCHOOL OF SCIENCE AND TECHNOLOGY, SINGAPORE",SECONDARY (S1-S4),FOOTBALL,PHYSICAL SPORTS,
"SCHOOL OF SCIENCE AND TECHNOLOGY, SINGAPORE",SECONDARY (S1-S4),FRISBEE,PHYSICAL SPORTS,
"SCHOOL OF SCIENCE AND TECHNOLOGY, SINGAPORE",SECONDARY (S1-S4),GUITAR ENSEMBLE,VISUAL AND PERFORMING ARTS,
"SCHOOL OF SCIENCE AND TECHNOLOGY, SINGAPORE",SECONDARY (S1-S4),HANDBALL,PHYSICAL SPORTS,
"SCHOOL OF SCIENCE AND TECHNOLOGY, SINGAPORE",SECONDARY (S1-S4),HISTORY,CLUBS AND SOCIETIES,HUMANITIES CLUB
"SCHOOL OF SCIENCE AND TECHNOLOGY, SINGAPORE",SECONDARY (S1-S4),INDIAN CULTURE AND LANGUAGE,CLUBS AND SOCIETIES,
"SCHOOL OF SCIENCE AND TECHNOLOGY, SINGAPORE",SECONDARY (S1-S4),INFOCOMM TECHNOLOGY (COMPUTING),CLUBS AND SOCIETIES,
"SCHOOL OF SCIENCE AND TECHNOLOGY, SINGAPORE",SECONDARY (S1-S4),INFOCOMM TECHNOLOGY (MEDIA PRODUCTION),CLUBS AND SOCIETIES,MEDIA CLUB
"SCHOOL OF SCIENCE AND TECHNOLOGY, SINGAPORE",SECONDARY (S1-S4),MALAY CULTURE AND LANGUAGE,CLUBS AND SOCIETIES,
"SCHOOL OF SCIENCE AND TECHNOLOGY, SINGAPORE",SECONDARY (S1-S4),MATHEMATICS,CLUBS AND SOCIETIES,MATHEMATICS CLUB
"SCHOOL OF SCIENCE AND TECHNOLOGY, SINGAPORE",SECONDARY (S1-S4),MODULAR CCA (C&S),CLUBS AND SOCIETIES,CYBER WELLNESS
"SCHOOL OF SCIENCE AND TECHNOLOGY, SINGAPORE",SECONDARY (S1-S4),NATIONAL EDUCATION,CLUBS AND SOCIETIES,
"SCHOOL OF SCIENCE AND TECHNOLOGY, SINGAPORE",SECONDARY (S1-S4),PHYSICAL SCIENCE,CLUBS AND SOCIETIES,SCIENCE CLUB
"SCHOOL OF SCIENCE AND TECHNOLOGY, SINGAPORE",SECONDARY (S1-S4),POP AND JAZZ,VISUAL AND PERFORMING ARTS,SHOW CHOIR AND DANCE
"SCHOOL OF SCIENCE AND TECHNOLOGY, SINGAPORE",SECONDARY (S1-S4),ROBOTICS,CLUBS AND SOCIETIES,
"SCHOOL OF SCIENCE AND TECHNOLOGY, SINGAPORE",SECONDARY (S1-S4),SAILING,PHYSICAL SPORTS,
"SCHOOL OF SCIENCE AND TECHNOLOGY, SINGAPORE",SECONDARY (S1-S4),SCOUTS,UNIFORMED GROUPS,
"SCHOOL OF SCIENCE AND TECHNOLOGY, SINGAPORE",SECONDARY (S1-S4),SINGAPORE YOUTH FLYING CLUB,CLUBS AND SOCIETIES,
"SCHOOL OF SCIENCE AND TECHNOLOGY, SINGAPORE",SECONDARY (S1-S4),SP-CCA (WATER POLO),PHYSICAL SPORTS,
"SCHOOL OF SCIENCE AND TECHNOLOGY, SINGAPORE",SECONDARY (S1-S4),SPACE SCIENCE,CLUBS AND SOCIETIES,ASTRONOMY CLUB
"SCHOOL OF SCIENCE AND TECHNOLOGY, SINGAPORE",SECONDARY (S1-S4),SWIMMING,PHYSICAL SPORTS,
"SCHOOL OF SCIENCE AND TECHNOLOGY, SINGAPORE",SECONDARY (S1-S4),TAEKWONDO,PHYSICAL SPORTS,
"SCHOOL OF SCIENCE AND TECHNOLOGY, SINGAPORE",SECONDARY (S1-S4),TCHOUKBALL,PHYSICAL SPORTS,
"SCHOOL OF SCIENCE AND TECHNOLOGY, SINGAPORE",SECONDARY (S1-S4),TRACK AND FIELD,PHYSICAL SPORTS,ATHLETICS
SEMBAWANG PRIMARY SCHOOL,PRIMARY,ART AND CRAFTS,CLUBS AND SOCIETIES,
SEMBAWANG PRIMARY SCHOOL,PRIMARY,BADMINTON,PHYSICAL SPORTS,
SEMBAWANG PRIMARY SCHOOL,PRIMARY,CHINESE DANCE,VISUAL AND PERFORMING ARTS,
SEMBAWANG PRIMARY SCHOOL,PRIMARY,CHINESE ORCHESTRA,VISUAL AND PERFORMING ARTS,
SEMBAWANG PRIMARY SCHOOL,PRIMARY,CHOIR,VISUAL AND PERFORMING ARTS,
SEMBAWANG PRIMARY SCHOOL,PRIMARY,ENGLISH DRAMA,VISUAL AND PERFORMING ARTS,
SEMBAWANG PRIMARY SCHOOL,PRIMARY,INFOCOMM TECHNOLOGY (COMPUTING),CLUBS AND SOCIETIES,
SEMBAWANG PRIMARY SCHOOL,PRIMARY,INTERNATIONAL CHESS,CLUBS AND SOCIETIES,
SEMBAWANG PRIMARY SCHOOL,PRIMARY,MODERN DANCE,VISUAL AND PERFORMING ARTS,
SEMBAWANG PRIMARY SCHOOL,PRIMARY,PHYSICAL SCIENCE,CLUBS AND SOCIETIES,
SEMBAWANG PRIMARY SCHOOL,PRIMARY,RED CROSS YOUTH,UNIFORMED GROUPS,
SEMBAWANG PRIMARY SCHOOL,PRIMARY,RUGBY,PHYSICAL SPORTS,
SEMBAWANG PRIMARY SCHOOL,PRIMARY,SOFTBALL,PHYSICAL SPORTS,
SEMBAWANG PRIMARY SCHOOL,PRIMARY,STUDENT LEADERSHIP (PREFECT),OTHERS,
SEMBAWANG PRIMARY SCHOOL,PRIMARY,TABLE TENNIS,PHYSICAL SPORTS,
SEMBAWANG PRIMARY SCHOOL,PRIMARY,TRACK AND FIELD,PHYSICAL SPORTS,
SEMBAWANG SECONDARY SCHOOL,SECONDARY (S1-S5),AUDIO VISUAL AID,CLUBS AND SOCIETIES,
SEMBAWANG SECONDARY SCHOOL,SECONDARY (S1-S5),BADMINTON,PHYSICAL SPORTS,
SEMBAWANG SECONDARY SCHOOL,SECONDARY (S1-S5),BOYS' BRIGADE,UNIFORMED GROUPS,
SEMBAWANG SECONDARY SCHOOL,SECONDARY (S1-S5),CHINESE DANCE,VISUAL AND PERFORMING ARTS,
SEMBAWANG SECONDARY SCHOOL,SECONDARY (S1-S5),CONCERT BAND,VISUAL AND PERFORMING ARTS,
SEMBAWANG SECONDARY SCHOOL,SECONDARY (S1-S5),FLOORBALL,PHYSICAL SPORTS,
SEMBAWANG SECONDARY SCHOOL,SECONDARY (S1-S5),FOOTBALL,PHYSICAL SPORTS,
SEMBAWANG SECONDARY SCHOOL,SECONDARY (S1-S5),GIRLS' BRIGADE,UNIFORMED GROUPS,
SEMBAWANG SECONDARY SCHOOL,SECONDARY (S1-S5),INFOCOMM TECHNOLOGY (MEDIA PRODUCTION),CLUBS AND SOCIETIES,
SEMBAWANG SECONDARY SCHOOL,SECONDARY (S1-S5),MALAY DANCE,VISUAL AND PERFORMING ARTS,
SEMBAWANG SECONDARY SCHOOL,SECONDARY (S1-S5),NATIONAL CADET CORPS (SEA),UNIFORMED GROUPS,
SEMBAWANG SECONDARY SCHOOL,SECONDARY (S1-S5),NATIONAL POLICE CADET CORPS,UNIFORMED GROUPS,
SEMBAWANG SECONDARY SCHOOL,SECONDARY (S1-S5),NETBALL,PHYSICAL SPORTS,
SEMBAWANG SECONDARY SCHOOL,SECONDARY (S1-S5),STUDENT LEADERSHIP (COUNCIL),OTHERS,
SEMBAWANG SECONDARY SCHOOL,SECONDARY (S1-S5),STUDENT LEADERSHIP (HOUSE),OTHERS,
SEMBAWANG SECONDARY SCHOOL,SECONDARY (S1-S5),STUDENTS' COUNCIL,CLUBS AND SOCIETIES,
SEMBAWANG SECONDARY SCHOOL,SECONDARY (S1-S5),VOLLEYBALL,PHYSICAL SPORTS,
SENG KANG PRIMARY SCHOOL,PRIMARY,ART AND CRAFTS,CLUBS AND SOCIETIES,
SENG KANG PRIMARY SCHOOL,PRIMARY,BASKETBALL,PHYSICAL SPORTS,
SENG KANG PRIMARY SCHOOL,PRIMARY,"ENGLISH LANGUAGE, DRAMA AND DEBATING",CLUBS AND SOCIETIES,
SENG KANG PRIMARY SCHOOL,PRIMARY,GIRL GUIDES (BROWNIES),UNIFORMED GROUPS,
SENG KANG PRIMARY SCHOOL,PRIMARY,HANDBELL ENSEMBLE,VISUAL AND PERFORMING ARTS,
SENG KANG PRIMARY SCHOOL,PRIMARY,HOCKEY,PHYSICAL SPORTS,
SENG KANG PRIMARY SCHOOL,PRIMARY,INFOCOMM TECHNOLOGY (COMPUTING),CLUBS AND SOCIETIES,ICT Club
SENG KANG PRIMARY SCHOOL,PRIMARY,INTERNATIONAL CHESS,CLUBS AND SOCIETIES,
SENG KANG PRIMARY SCHOOL,PRIMARY,MALAY DANCE,VISUAL AND PERFORMING ARTS,
SENG KANG PRIMARY SCHOOL,PRIMARY,MODERN DANCE,VISUAL AND PERFORMING ARTS,
SENG KANG PRIMARY SCHOOL,PRIMARY,MODULAR CCA (SPORTS),PHYSICAL SPORTS,
SENG KANG PRIMARY SCHOOL,PRIMARY,SCOUTS,UNIFORMED GROUPS,
SENG KANG PRIMARY SCHOOL,PRIMARY,SOFTBALL,PHYSICAL SPORTS,
SENG KANG PRIMARY SCHOOL,PRIMARY,TRACK AND FIELD,PHYSICAL SPORTS,
SENG KANG SECONDARY SCHOOL,SECONDARY (S1-S5),ART AND CRAFTS,CLUBS AND SOCIETIES,
SENG KANG SECONDARY SCHOOL,SECONDARY (S1-S5),AUDIO VISUAL AID,CLUBS AND SOCIETIES,MEDIA SERVICES CLUB
SENG KANG SECONDARY SCHOOL,SECONDARY (S1-S5),BADMINTON,PHYSICAL SPORTS,
SENG KANG SECONDARY SCHOOL,SECONDARY (S1-S5),BASKETBALL,PHYSICAL SPORTS,
SENG KANG SECONDARY SCHOOL,SECONDARY (S1-S5),CHOIR,VISUAL AND PERFORMING ARTS,
SENG KANG SECONDARY SCHOOL,SECONDARY (S1-S5),CONCERT BAND,VISUAL AND PERFORMING ARTS,
SENG KANG SECONDARY SCHOOL,SECONDARY (S1-S5),ENGLISH DRAMA,VISUAL AND PERFORMING ARTS,
SENG KANG SECONDARY SCHOOL,SECONDARY (S1-S5),FOOTBALL,PHYSICAL SPORTS,
SENG KANG SECONDARY SCHOOL,SECONDARY (S1-S5),GIRL GUIDES,UNIFORMED GROUPS,
SENG KANG SECONDARY SCHOOL,SECONDARY (S1-S5),GUZHENG ENSEMBLE,VISUAL AND PERFORMING ARTS,
SENG KANG SECONDARY SCHOOL,SECONDARY (S1-S5),HOCKEY,PHYSICAL SPORTS,
SENG KANG SECONDARY SCHOOL,SECONDARY (S1-S5),MODERN DANCE,VISUAL AND PERFORMING ARTS,
SENG KANG SECONDARY SCHOOL,SECONDARY (S1-S5),NATIONAL CADET CORPS (LAND),UNIFORMED GROUPS,
SENG KANG SECONDARY SCHOOL,SECONDARY (S1-S5),NATIONAL POLICE CADET CORPS,UNIFORMED GROUPS,
SENG KANG SECONDARY SCHOOL,SECONDARY (S1-S5),NETBALL,PHYSICAL SPORTS,
SENG KANG SECONDARY SCHOOL,SECONDARY (S1-S5),RED CROSS YOUTH,UNIFORMED GROUPS,
SENG KANG SECONDARY SCHOOL,SECONDARY (S1-S5),SP-CCA (ATHLETICS),PHYSICAL SPORTS,
SENG KANG SECONDARY SCHOOL,SECONDARY (S1-S5),SP-CCA (WATER POLO),PHYSICAL SPORTS,
SENG KANG SECONDARY SCHOOL,SECONDARY (S1-S5),STUDENT LEADERSHIP (COUNCIL),OTHERS,
SENG KANG SECONDARY SCHOOL,SECONDARY (S1-S5),STUDENT LEADERSHIP (HOUSE),OTHERS,
SENGKANG GREEN PRIMARY SCHOOL,PRIMARY,ART AND CRAFTS,CLUBS AND SOCIETIES,
SENGKANG GREEN PRIMARY SCHOOL,PRIMARY,BASKETBALL,PHYSICAL SPORTS,
SENGKANG GREEN PRIMARY SCHOOL,PRIMARY,CHINESE DANCE,VISUAL AND PERFORMING ARTS,
SENGKANG GREEN PRIMARY SCHOOL,PRIMARY,CHOIR,VISUAL AND PERFORMING ARTS,
SENGKANG GREEN PRIMARY SCHOOL,PRIMARY,DIGITAL MEDIA,CLUBS AND SOCIETIES,
SENGKANG GREEN PRIMARY SCHOOL,PRIMARY,ENGLISH DRAMA,VISUAL AND PERFORMING ARTS,
SENGKANG GREEN PRIMARY SCHOOL,PRIMARY,ENVIRONMENTAL SCIENCE,CLUBS AND SOCIETIES,
SENGKANG GREEN PRIMARY SCHOOL,PRIMARY,FLOORBALL,PHYSICAL SPORTS,
SENGKANG GREEN PRIMARY SCHOOL,PRIMARY,FOOTBALL,PHYSICAL SPORTS,
SENGKANG GREEN PRIMARY SCHOOL,PRIMARY,GUZHENG ENSEMBLE,VISUAL AND PERFORMING ARTS,
SENGKANG GREEN PRIMARY SCHOOL,PRIMARY,INDIAN DANCE,VISUAL AND PERFORMING ARTS,
SENGKANG GREEN PRIMARY SCHOOL,PRIMARY,MODERN DANCE,VISUAL AND PERFORMING ARTS,
SENGKANG GREEN PRIMARY SCHOOL,PRIMARY,ROBOTICS,CLUBS AND SOCIETIES,
SENGKANG GREEN PRIMARY SCHOOL,PRIMARY,SCOUTS,UNIFORMED GROUPS,
SENGKANG GREEN PRIMARY SCHOOL,PRIMARY,STRING ENSEMBLE,VISUAL AND PERFORMING ARTS,
SENGKANG GREEN PRIMARY SCHOOL,PRIMARY,WUSHU,PHYSICAL SPORTS,
SERANGOON GARDEN SECONDARY SCHOOL,SECONDARY (S1-S5),BADMINTON,PHYSICAL SPORTS,
SERANGOON GARDEN SECONDARY SCHOOL,SECONDARY (S1-S5),BASKETBALL,PHYSICAL SPORTS,
SERANGOON GARDEN SECONDARY SCHOOL,SECONDARY (S1-S5),BOYS' BRIGADE,UNIFORMED GROUPS,
SERANGOON GARDEN SECONDARY SCHOOL,SECONDARY (S1-S5),CHOIR,VISUAL AND PERFORMING ARTS,
SERANGOON GARDEN SECONDARY SCHOOL,SECONDARY (S1-S5),CONCERT BAND,VISUAL AND PERFORMING ARTS,
SERANGOON GARDEN SECONDARY SCHOOL,SECONDARY (S1-S5),ENGLISH DRAMA,VISUAL AND PERFORMING ARTS,LANGUAGE ARTS CLUB
SERANGOON GARDEN SECONDARY SCHOOL,SECONDARY (S1-S5),ENVIRONMENTAL SCIENCE,CLUBS AND SOCIETIES,EARTH CLUB
SERANGOON GARDEN SECONDARY SCHOOL,SECONDARY (S1-S5),FLOORBALL,PHYSICAL SPORTS,
SERANGOON GARDEN SECONDARY SCHOOL,SECONDARY (S1-S5),FOOTBALL,PHYSICAL SPORTS,
SERANGOON GARDEN SECONDARY SCHOOL,SECONDARY (S1-S5),GIRLS' BRIGADE,UNIFORMED GROUPS,
SERANGOON GARDEN SECONDARY SCHOOL,SECONDARY (S1-S5),GUZHENG ENSEMBLE,VISUAL AND PERFORMING ARTS,
SERANGOON GARDEN SECONDARY SCHOOL,SECONDARY (S1-S5),INFOCOMM TECHNOLOGY (MEDIA PRODUCTION),CLUBS AND SOCIETIES,MEDIA CLUB
SERANGOON GARDEN SECONDARY SCHOOL,SECONDARY (S1-S5),MODERN DANCE,VISUAL AND PERFORMING ARTS,DANCE
SERANGOON GARDEN SECONDARY SCHOOL,SECONDARY (S1-S5),MODULAR CCA (SPORTS),PHYSICAL SPORTS,
SERANGOON GARDEN SECONDARY SCHOOL,SECONDARY (S1-S5),NATIONAL CADET CORPS (LAND),UNIFORMED GROUPS,
SERANGOON GARDEN SECONDARY SCHOOL,SECONDARY (S1-S5),NATIONAL POLICE CADET CORPS,UNIFORMED GROUPS,
SERANGOON GARDEN SECONDARY SCHOOL,SECONDARY (S1-S5),NETBALL,PHYSICAL SPORTS,
SERANGOON GARDEN SECONDARY SCHOOL,SECONDARY (S1-S5),RED CROSS YOUTH,UNIFORMED GROUPS,
SERANGOON GARDEN SECONDARY SCHOOL,SECONDARY (S1-S5),ROBOTICS,CLUBS AND SOCIETIES,
SERANGOON GARDEN SECONDARY SCHOOL,SECONDARY (S1-S5),SINGAPORE YOUTH FLYING CLUB,CLUBS AND SOCIETIES,
SERANGOON GARDEN SECONDARY SCHOOL,SECONDARY (S1-S5),TABLE TENNIS,PHYSICAL SPORTS,
SERANGOON SECONDARY SCHOOL,SECONDARY (S1-S5),AUDIO VISUAL AID,CLUBS AND SOCIETIES,
SERANGOON SECONDARY SCHOOL,SECONDARY (S1-S5),BASKETBALL,PHYSICAL SPORTS,
SERANGOON SECONDARY SCHOOL,SECONDARY (S1-S5),CHINESE INSTRUMENTAL ENSEMBLE,VISUAL AND PERFORMING ARTS,
SERANGOON SECONDARY SCHOOL,SECONDARY (S1-S5),CHOIR,VISUAL AND PERFORMING ARTS,
SERANGOON SECONDARY SCHOOL,SECONDARY (S1-S5),CONCERT BAND,VISUAL AND PERFORMING ARTS,
SERANGOON SECONDARY SCHOOL,SECONDARY (S1-S5),ENGLISH DRAMA,VISUAL AND PERFORMING ARTS,
SERANGOON SECONDARY SCHOOL,SECONDARY (S1-S5),FLOORBALL,PHYSICAL SPORTS,
SERANGOON SECONDARY SCHOOL,SECONDARY (S1-S5),FOOTBALL,PHYSICAL SPORTS,
SERANGOON SECONDARY SCHOOL,SECONDARY (S1-S5),GIRL GUIDES,UNIFORMED GROUPS,
SERANGOON SECONDARY SCHOOL,SECONDARY (S1-S5),INFOCOMM TECHNOLOGY (COMPUTING),CLUBS AND SOCIETIES,
SERANGOON SECONDARY SCHOOL,SECONDARY (S1-S5),MALAY DANCE,VISUAL AND PERFORMING ARTS,
SERANGOON SECONDARY SCHOOL,SECONDARY (S1-S5),MODERN DANCE,VISUAL AND PERFORMING ARTS,
SERANGOON SECONDARY SCHOOL,SECONDARY (S1-S5),NATIONAL CADET CORPS (LAND),UNIFORMED GROUPS,
SERANGOON SECONDARY SCHOOL,SECONDARY (S1-S5),NATIONAL POLICE CADET CORPS,UNIFORMED GROUPS,
SERANGOON SECONDARY SCHOOL,SECONDARY (S1-S5),NETBALL,PHYSICAL SPORTS,
SERANGOON SECONDARY SCHOOL,SECONDARY (S1-S5),RED CROSS YOUTH,UNIFORMED GROUPS,
SERANGOON SECONDARY SCHOOL,SECONDARY (S1-S5),SCOUTS,UNIFORMED GROUPS,
SERANGOON SECONDARY SCHOOL,SECONDARY (S1-S5),SINGAPORE YOUTH FLYING CLUB,CLUBS AND SOCIETIES,
SERANGOON SECONDARY SCHOOL,SECONDARY (S1-S5),SP-CCA (ATHLETICS),PHYSICAL SPORTS,
SERANGOON SECONDARY SCHOOL,SECONDARY (S1-S5),STUDENT LEADERSHIP (PREFECT),OTHERS,
SHUQUN PRIMARY SCHOOL,PRIMARY,ART AND CRAFTS,CLUBS AND SOCIETIES,
SHUQUN PRIMARY SCHOOL,PRIMARY,BASKETBALL,PHYSICAL SPORTS,
SHUQUN PRIMARY SCHOOL,PRIMARY,BOYS' BRIGADE,UNIFORMED GROUPS,
SHUQUN PRIMARY SCHOOL,PRIMARY,BRASS BAND,VISUAL AND PERFORMING ARTS,
SHUQUN PRIMARY SCHOOL,PRIMARY,CHOIR,VISUAL AND PERFORMING ARTS,
SHUQUN PRIMARY SCHOOL,PRIMARY,ENGLISH CULTURE AND LANGUAGE,CLUBS AND SOCIETIES,
SHUQUN PRIMARY SCHOOL,PRIMARY,ENVIRONMENTAL SCIENCE,CLUBS AND SOCIETIES,GREEN CLUB
SHUQUN PRIMARY SCHOOL,PRIMARY,FOOTBALL,PHYSICAL SPORTS,
SHUQUN PRIMARY SCHOOL,PRIMARY,GIRL GUIDES (BROWNIES),UNIFORMED GROUPS,
SHUQUN PRIMARY SCHOOL,PRIMARY,GIRLS' BRIGADE,UNIFORMED GROUPS,
SHUQUN PRIMARY SCHOOL,PRIMARY,MEDIA RESOURCE LIBRARY,CLUBS AND SOCIETIES,
SHUQUN PRIMARY SCHOOL,PRIMARY,MODERN DANCE,VISUAL AND PERFORMING ARTS,CONTEMPORARY DANCE
SHUQUN PRIMARY SCHOOL,PRIMARY,NETBALL,PHYSICAL SPORTS,
SHUQUN PRIMARY SCHOOL,PRIMARY,PUBLICATION,CLUBS AND SOCIETIES,MEDIA PRODUCTION HOUSE
SHUQUN PRIMARY SCHOOL,PRIMARY,SCOUTS,UNIFORMED GROUPS,
SHUQUN PRIMARY SCHOOL,PRIMARY,SILAT,PHYSICAL SPORTS,
SHUQUN PRIMARY SCHOOL,PRIMARY,STUDENT LEADERSHIP (PREFECT),OTHERS,
SHUQUN PRIMARY SCHOOL,PRIMARY,WUSHU,PHYSICAL SPORTS,
SI LING PRIMARY SCHOOL,PRIMARY,ART AND CRAFTS,CLUBS AND SOCIETIES,ART CLUB
SI LING PRIMARY SCHOOL,PRIMARY,BASKETBALL,PHYSICAL SPORTS,
SI LING PRIMARY SCHOOL,PRIMARY,CHOIR,VISUAL AND PERFORMING ARTS,
SI LING PRIMARY SCHOOL,PRIMARY,ENVIRONMENTAL SCIENCE,CLUBS AND SOCIETIES,SCIEINSTEINS
SI LING PRIMARY SCHOOL,PRIMARY,FLOORBALL,PHYSICAL SPORTS,
SI LING PRIMARY SCHOOL,PRIMARY,FOOTBALL,PHYSICAL SPORTS,
SI LING PRIMARY SCHOOL,PRIMARY,GIRL GUIDES (BROWNIES),UNIFORMED GROUPS,BROWNIES
SI LING PRIMARY SCHOOL,PRIMARY,GUITAR ENSEMBLE,VISUAL AND PERFORMING ARTS,
SI LING PRIMARY SCHOOL,PRIMARY,HEALTH AND FITNESS,PHYSICAL SPORTS,ACTIVEKIDS
SI LING PRIMARY SCHOOL,PRIMARY,INFOCOMM TECHNOLOGY (COMPUTING),CLUBS AND SOCIETIES,
SI LING PRIMARY SCHOOL,PRIMARY,MODERN DANCE,VISUAL AND PERFORMING ARTS,
SI LING PRIMARY SCHOOL,PRIMARY,PHYSICAL SCIENCE,CLUBS AND SOCIETIES,ENVIRONMENTAL AMBASSADORS
SI LING PRIMARY SCHOOL,PRIMARY,STUDENT LEADERSHIP (PREFECT),OTHERS,
SINGAPORE CHINESE GIRLS' PRIMARY SCHOOL,PRIMARY,ART AND CRAFTS,CLUBS AND SOCIETIES,ART CLUB
SINGAPORE CHINESE GIRLS' PRIMARY SCHOOL,PRIMARY,ARTISTIC GYMNASTICS,PHYSICAL SPORTS,
SINGAPORE CHINESE GIRLS' PRIMARY SCHOOL,PRIMARY,BADMINTON,PHYSICAL SPORTS,
SINGAPORE CHINESE GIRLS' PRIMARY SCHOOL,PRIMARY,CHINESE CULTURE AND LANGUAGE,CLUBS AND SOCIETIES,CHINESE DRAMA CLUB
SINGAPORE CHINESE GIRLS' PRIMARY SCHOOL,PRIMARY,CHINESE DANCE,VISUAL AND PERFORMING ARTS,
SINGAPORE CHINESE GIRLS' PRIMARY SCHOOL,PRIMARY,CHOIR,VISUAL AND PERFORMING ARTS,
SINGAPORE CHINESE GIRLS' PRIMARY SCHOOL,PRIMARY,ENGLISH DRAMA,VISUAL AND PERFORMING ARTS,
SINGAPORE CHINESE GIRLS' PRIMARY SCHOOL,PRIMARY,GIRL GUIDES (BROWNIES),UNIFORMED GROUPS,
SINGAPORE CHINESE GIRLS' PRIMARY SCHOOL,PRIMARY,HANDBELL ENSEMBLE,VISUAL AND PERFORMING ARTS,
SINGAPORE CHINESE GIRLS' PRIMARY SCHOOL,PRIMARY,INFOCOMM TECHNOLOGY (MEDIA PRODUCTION),CLUBS AND SOCIETIES,MEDIA PRODUCTION
SINGAPORE CHINESE GIRLS' PRIMARY SCHOOL,PRIMARY,MODERN DANCE,VISUAL AND PERFORMING ARTS,INTERNATIONAL DANCE
SINGAPORE CHINESE GIRLS' PRIMARY SCHOOL,PRIMARY,MODULAR CCA (SPORTS),PHYSICAL SPORTS,
SINGAPORE CHINESE GIRLS' PRIMARY SCHOOL,PRIMARY,MODULAR CCA (VPA),VISUAL AND PERFORMING ARTS,MODULAR DANCE
SINGAPORE CHINESE GIRLS' PRIMARY SCHOOL,PRIMARY,NETBALL,PHYSICAL SPORTS,
SINGAPORE CHINESE GIRLS' PRIMARY SCHOOL,PRIMARY,ROBOTICS,CLUBS AND SOCIETIES,
SINGAPORE CHINESE GIRLS' PRIMARY SCHOOL,PRIMARY,STUDENT LEADERSHIP (PREFECT),OTHERS,PREFECT
SINGAPORE CHINESE GIRLS' PRIMARY SCHOOL,PRIMARY,TENNIS,PHYSICAL SPORTS,
SINGAPORE CHINESE GIRLS' SCHOOL,SECONDARY (S1-S4),ART AND CRAFTS,CLUBS AND SOCIETIES,ART CLUB
SINGAPORE CHINESE GIRLS' SCHOOL,SECONDARY (S1-S4),ARTISTIC GYMNASTICS,PHYSICAL SPORTS,
SINGAPORE CHINESE GIRLS' SCHOOL,SECONDARY (S1-S4),ARTISTIC SWIMMING,PHYSICAL SPORTS,
SINGAPORE CHINESE GIRLS' SCHOOL,SECONDARY (S1-S4),BADMINTON,PHYSICAL SPORTS,
SINGAPORE CHINESE GIRLS' SCHOOL,SECONDARY (S1-S4),BASKETBALL,PHYSICAL SPORTS,
SINGAPORE CHINESE GIRLS' SCHOOL,SECONDARY (S1-S4),CHINESE DRAMA,VISUAL AND PERFORMING ARTS,
SINGAPORE CHINESE GIRLS' SCHOOL,SECONDARY (S1-S4),CHOIR,VISUAL AND PERFORMING ARTS,
SINGAPORE CHINESE GIRLS' SCHOOL,SECONDARY (S1-S4),CONCERT BAND,VISUAL AND PERFORMING ARTS,
SINGAPORE CHINESE GIRLS' SCHOOL,SECONDARY (S1-S4),DEBATING AND PUBLIC SPEAKING,CLUBS AND SOCIETIES,DEBATE CLUB
SINGAPORE CHINESE GIRLS' SCHOOL,SECONDARY (S1-S4),ENGLISH DRAMA,VISUAL AND PERFORMING ARTS,
SINGAPORE CHINESE GIRLS' SCHOOL,SECONDARY (S1-S4),ENVIRONMENTAL SCIENCE,CLUBS AND SOCIETIES,SCIENCE & ENVIRONMENT CLUB
SINGAPORE CHINESE GIRLS' SCHOOL,SECONDARY (S1-S4),GIRL GUIDES,UNIFORMED GROUPS,
SINGAPORE CHINESE GIRLS' SCHOOL,SECONDARY (S1-S4),GIRLS' BRIGADE,UNIFORMED GROUPS,
SINGAPORE CHINESE GIRLS' SCHOOL,SECONDARY (S1-S4),HANDBELL ENSEMBLE,VISUAL AND PERFORMING ARTS,
SINGAPORE CHINESE GIRLS' SCHOOL,SECONDARY (S1-S4),HERITAGE,CLUBS AND SOCIETIES,SC AMBASSADORS
SINGAPORE CHINESE GIRLS' SCHOOL,SECONDARY (S1-S4),HOCKEY,PHYSICAL SPORTS,
SINGAPORE CHINESE GIRLS' SCHOOL,SECONDARY (S1-S4),INFOCOMM TECHNOLOGY (MEDIA PRODUCTION),CLUBS AND SOCIETIES,
SINGAPORE CHINESE GIRLS' SCHOOL,SECONDARY (S1-S4),INTERNATIONAL AND GLOBAL STUDIES,CLUBS AND SOCIETIES,SCMUN
SINGAPORE CHINESE GIRLS' SCHOOL,SECONDARY (S1-S4),MEDIA RESOURCE LIBRARY,CLUBS AND SOCIETIES,LIBRARY CLUB
SINGAPORE CHINESE GIRLS' SCHOOL,SECONDARY (S1-S4),MODERN DANCE,VISUAL AND PERFORMING ARTS,
SINGAPORE CHINESE GIRLS' SCHOOL,SECONDARY (S1-S4),NATIONAL CADET CORPS (LAND),UNIFORMED GROUPS,
SINGAPORE CHINESE GIRLS' SCHOOL,SECONDARY (S1-S4),NATIONAL EDUCATION,CLUBS AND SOCIETIES,YOUNG DOCENTS
SINGAPORE CHINESE GIRLS' SCHOOL,SECONDARY (S1-S4),NETBALL,PHYSICAL SPORTS,
SINGAPORE CHINESE GIRLS' SCHOOL,SECONDARY (S1-S4),RED CROSS YOUTH,UNIFORMED GROUPS,
SINGAPORE CHINESE GIRLS' SCHOOL,SECONDARY (S1-S4),SINGAPORE NATIONAL YOUTH ORCHESTRA,VISUAL AND PERFORMING ARTS,
SINGAPORE CHINESE GIRLS' SCHOOL,SECONDARY (S1-S4),SP-CCA (WATER POLO),PHYSICAL SPORTS,
SINGAPORE CHINESE GIRLS' SCHOOL,SECONDARY (S1-S4),SQUASH,PHYSICAL SPORTS,
SINGAPORE CHINESE GIRLS' SCHOOL,SECONDARY (S1-S4),STRING ENSEMBLE,VISUAL AND PERFORMING ARTS,
SINGAPORE CHINESE GIRLS' SCHOOL,SECONDARY (S1-S4),STUDENT LEADERSHIP (HOUSE),OTHERS,
SINGAPORE CHINESE GIRLS' SCHOOL,SECONDARY (S1-S4),STUDENT LEADERSHIP (PEER SUPPORT),OTHERS,
SINGAPORE CHINESE GIRLS' SCHOOL,SECONDARY (S1-S4),STUDENT LEADERSHIP (PREFECT),OTHERS,
SINGAPORE CHINESE GIRLS' SCHOOL,SECONDARY (S1-S4),SWIMMING,PHYSICAL SPORTS,
SINGAPORE CHINESE GIRLS' SCHOOL,SECONDARY (S1-S4),TENNIS,PHYSICAL SPORTS,
SINGAPORE SPORTS SCHOOL,"MIXED LEVEL (S1-S5, JC1-JC2)",ARTISTIC GYMNASTICS,PHYSICAL SPORTS,
SINGAPORE SPORTS SCHOOL,"MIXED LEVEL (S1-S5, JC1-JC2)",ARTISTIC SWIMMING,PHYSICAL SPORTS,
SINGAPORE SPORTS SCHOOL,"MIXED LEVEL (S1-S5, JC1-JC2)",BADMINTON,PHYSICAL SPORTS,
SINGAPORE SPORTS SCHOOL,"MIXED LEVEL (S1-S5, JC1-JC2)",BOWLING,PHYSICAL SPORTS,
SINGAPORE SPORTS SCHOOL,"MIXED LEVEL (S1-S5, JC1-JC2)",CANOEING,PHYSICAL SPORTS,
SINGAPORE SPORTS SCHOOL,"MIXED LEVEL (S1-S5, JC1-JC2)",DIVING,PHYSICAL SPORTS,
SINGAPORE SPORTS SCHOOL,"MIXED LEVEL (S1-S5, JC1-JC2)",FENCING,PHYSICAL SPORTS,
SINGAPORE SPORTS SCHOOL,"MIXED LEVEL (S1-S5, JC1-JC2)",FLOORBALL,PHYSICAL SPORTS,
SINGAPORE SPORTS SCHOOL,"MIXED LEVEL (S1-S5, JC1-JC2)",FOOTBALL,PHYSICAL SPORTS,
SINGAPORE SPORTS SCHOOL,"MIXED LEVEL (S1-S5, JC1-JC2)",GOLF,PHYSICAL SPORTS,
SINGAPORE SPORTS SCHOOL,"MIXED LEVEL (S1-S5, JC1-JC2)",HEALTH AND FITNESS,PHYSICAL SPORTS,CYCLING
SINGAPORE SPORTS SCHOOL,"MIXED LEVEL (S1-S5, JC1-JC2)",ICE SKATING,PHYSICAL SPORTS,
SINGAPORE SPORTS SCHOOL,"MIXED LEVEL (S1-S5, JC1-JC2)",IN-LINE SKATING,PHYSICAL SPORTS,ROLLERSPORTS
SINGAPORE SPORTS SCHOOL,"MIXED LEVEL (S1-S5, JC1-JC2)",JUDO,PHYSICAL SPORTS,JIU JITSU
SINGAPORE SPORTS SCHOOL,"MIXED LEVEL (S1-S5, JC1-JC2)",MODULAR CCA (SPORTS),PHYSICAL SPORTS,MULTI-SPORT
SINGAPORE SPORTS SCHOOL,"MIXED LEVEL (S1-S5, JC1-JC2)",NETBALL,PHYSICAL SPORTS,
SINGAPORE SPORTS SCHOOL,"MIXED LEVEL (S1-S5, JC1-JC2)",OUTDOOR ADVENTURE,PHYSICAL SPORTS,
SINGAPORE SPORTS SCHOOL,"MIXED LEVEL (S1-S5, JC1-JC2)",RHYTHMIC GYMNASTICS,PHYSICAL SPORTS,
SINGAPORE SPORTS SCHOOL,"MIXED LEVEL (S1-S5, JC1-JC2)",ROCKWALL CLIMBING,PHYSICAL SPORTS,SPORT CLIMBING
SINGAPORE SPORTS SCHOOL,"MIXED LEVEL (S1-S5, JC1-JC2)",SAILING,PHYSICAL SPORTS,
SINGAPORE SPORTS SCHOOL,"MIXED LEVEL (S1-S5, JC1-JC2)",SHOOTING,PHYSICAL SPORTS,
SINGAPORE SPORTS SCHOOL,"MIXED LEVEL (S1-S5, JC1-JC2)",SILAT,PHYSICAL SPORTS,
SINGAPORE SPORTS SCHOOL,"MIXED LEVEL (S1-S5, JC1-JC2)",SP-CCA (CANOEING),PHYSICAL SPORTS,ROWING
SINGAPORE SPORTS SCHOOL,"MIXED LEVEL (S1-S5, JC1-JC2)",SQUASH,PHYSICAL SPORTS,SQUASH
SINGAPORE SPORTS SCHOOL,"MIXED LEVEL (S1-S5, JC1-JC2)",STUDENT LEADERSHIP (COUNCIL),OTHERS,
SINGAPORE SPORTS SCHOOL,"MIXED LEVEL (S1-S5, JC1-JC2)",STUDENT LEADERSHIP (HOUSE),OTHERS,
SINGAPORE SPORTS SCHOOL,"MIXED LEVEL (S1-S5, JC1-JC2)",SWIMMING,PHYSICAL SPORTS,
SINGAPORE SPORTS SCHOOL,"MIXED LEVEL (S1-S5, JC1-JC2)",TABLE TENNIS,PHYSICAL SPORTS,
SINGAPORE SPORTS SCHOOL,"MIXED LEVEL (S1-S5, JC1-JC2)",TAEKWONDO,PHYSICAL SPORTS,
SINGAPORE SPORTS SCHOOL,"MIXED LEVEL (S1-S5, JC1-JC2)",TENNIS,PHYSICAL SPORTS,
SINGAPORE SPORTS SCHOOL,"MIXED LEVEL (S1-S5, JC1-JC2)",TRACK AND FIELD,PHYSICAL SPORTS,
SINGAPORE SPORTS SCHOOL,"MIXED LEVEL (S1-S5, JC1-JC2)",TRAMPOLINE,PHYSICAL SPORTS,
SINGAPORE SPORTS SCHOOL,"MIXED LEVEL (S1-S5, JC1-JC2)",TRIATHLON,PHYSICAL SPORTS,
SINGAPORE SPORTS SCHOOL,"MIXED LEVEL (S1-S5, JC1-JC2)",VOLLEYBALL,PHYSICAL SPORTS,BEACH VOLLEYBALL
SINGAPORE SPORTS SCHOOL,"MIXED LEVEL (S1-S5, JC1-JC2)",WATER POLO,PHYSICAL SPORTS,
SINGAPORE SPORTS SCHOOL,"MIXED LEVEL (S1-S5, JC1-JC2)",WRESTLING,PHYSICAL SPORTS,
SINGAPORE SPORTS SCHOOL,"MIXED LEVEL (S1-S5, JC1-JC2)",WUSHU,PHYSICAL SPORTS,
SOUTH VIEW PRIMARY SCHOOL,PRIMARY,ART AND CRAFTS,CLUBS AND SOCIETIES,ART CLUB
SOUTH VIEW PRIMARY SCHOOL,PRIMARY,BADMINTON,PHYSICAL SPORTS,
SOUTH VIEW PRIMARY SCHOOL,PRIMARY,BOYS' BRIGADE,UNIFORMED GROUPS,
SOUTH VIEW PRIMARY SCHOOL,PRIMARY,CHINESE DANCE,VISUAL AND PERFORMING ARTS,
SOUTH VIEW PRIMARY SCHOOL,PRIMARY,CHINESE ORCHESTRA,VISUAL AND PERFORMING ARTS,
SOUTH VIEW PRIMARY SCHOOL,PRIMARY,CHOIR,VISUAL AND PERFORMING ARTS,
SOUTH VIEW PRIMARY SCHOOL,PRIMARY,FLOORBALL,PHYSICAL SPORTS,
SOUTH VIEW PRIMARY SCHOOL,PRIMARY,FOOTBALL,PHYSICAL SPORTS,
SOUTH VIEW PRIMARY SCHOOL,PRIMARY,GIRLS' BRIGADE,UNIFORMED GROUPS,
SOUTH VIEW PRIMARY SCHOOL,PRIMARY,INDIAN DANCE,VISUAL AND PERFORMING ARTS,
SOUTH VIEW PRIMARY SCHOOL,PRIMARY,MALAY DANCE,VISUAL AND PERFORMING ARTS,
SOUTH VIEW PRIMARY SCHOOL,PRIMARY,MEDIA RESOURCE LIBRARY,CLUBS AND SOCIETIES,
SOUTH VIEW PRIMARY SCHOOL,PRIMARY,NETBALL,PHYSICAL SPORTS,
SOUTH VIEW PRIMARY SCHOOL,PRIMARY,PHYSICAL SCIENCE,CLUBS AND SOCIETIES,ENVIRONMENTAL SCIENCE CLUB
SOUTH VIEW PRIMARY SCHOOL,PRIMARY,ROBOTICS,CLUBS AND SOCIETIES,
SOUTH VIEW PRIMARY SCHOOL,PRIMARY,SCOUTS,UNIFORMED GROUPS,
SOUTH VIEW PRIMARY SCHOOL,PRIMARY,STUDENT LEADERSHIP (PREFECT),OTHERS,STUDENT LEADERSHIP
SPECTRA SECONDARY SCHOOL,SECONDARY (S1-S4),ART AND CRAFTS,CLUBS AND SOCIETIES,YOUNG ARTISTS
SPECTRA SECONDARY SCHOOL,SECONDARY (S1-S4),BASKETBALL,PHYSICAL SPORTS,
SPECTRA SECONDARY SCHOOL,SECONDARY (S1-S4),CROSS COUNTRY,PHYSICAL SPORTS,YOUNG TREKKERS
SPECTRA SECONDARY SCHOOL,SECONDARY (S1-S4),DESIGN AND INNOVATION,CLUBS AND SOCIETIES,YOUNG ENGINEERS
SPECTRA SECONDARY SCHOOL,SECONDARY (S1-S4),ENTREPRENEURSHIP,CLUBS AND SOCIETIES,YOUNG CREATORS
SPECTRA SECONDARY SCHOOL,SECONDARY (S1-S4),ENVIRONMENTAL SCIENCE,CLUBS AND SOCIETIES,URBAN FARMERS
SPECTRA SECONDARY SCHOOL,SECONDARY (S1-S4),FLOORBALL,PHYSICAL SPORTS,
SPECTRA SECONDARY SCHOOL,SECONDARY (S1-S4),FOOD AND CONSUMER EDUCATION,CLUBS AND SOCIETIES,YOUNG CHEFS
SPECTRA SECONDARY SCHOOL,SECONDARY (S1-S4),FOOTBALL,PHYSICAL SPORTS,
SPECTRA SECONDARY SCHOOL,SECONDARY (S1-S4),GIRL GUIDES,UNIFORMED GROUPS,
SPECTRA SECONDARY SCHOOL,SECONDARY (S1-S4),INFOCOMM TECHNOLOGY (MEDIA PRODUCTION),CLUBS AND SOCIETIES,MEDIA & PHOTOGRAPHY CLUB
SPECTRA SECONDARY SCHOOL,SECONDARY (S1-S4),MODERN DANCE,VISUAL AND PERFORMING ARTS,DANCE CLUB
SPECTRA SECONDARY SCHOOL,SECONDARY (S1-S4),NATIONAL CIVIL DEFENCE CADET CORPS,UNIFORMED GROUPS,NCDCC
SPECTRA SECONDARY SCHOOL,SECONDARY (S1-S4),PERCUSSION ENSEMBLE,VISUAL AND PERFORMING ARTS,MUSIC CLUB
SPECTRA SECONDARY SCHOOL,SECONDARY (S1-S4),STUDENT LEADERSHIP (COUNCIL),OTHERS,
SPRINGDALE PRIMARY SCHOOL,PRIMARY,ART AND CRAFTS,CLUBS AND SOCIETIES,
SPRINGDALE PRIMARY SCHOOL,PRIMARY,ARTISTIC GYMNASTICS,PHYSICAL SPORTS,
SPRINGDALE PRIMARY SCHOOL,PRIMARY,BADMINTON,PHYSICAL SPORTS,
SPRINGDALE PRIMARY SCHOOL,PRIMARY,BASKETBALL,PHYSICAL SPORTS,
SPRINGDALE PRIMARY SCHOOL,PRIMARY,CHOIR,VISUAL AND PERFORMING ARTS,
SPRINGDALE PRIMARY SCHOOL,PRIMARY,COMMUNITY SERVICE,CLUBS AND SOCIETIES,
SPRINGDALE PRIMARY SCHOOL,PRIMARY,DESIGN AND INNOVATION,CLUBS AND SOCIETIES,
SPRINGDALE PRIMARY SCHOOL,PRIMARY,ENVIRONMENTAL SCIENCE,CLUBS AND SOCIETIES,
SPRINGDALE PRIMARY SCHOOL,PRIMARY,FLOORBALL,PHYSICAL SPORTS,
SPRINGDALE PRIMARY SCHOOL,PRIMARY,INFOCOMM TECHNOLOGY (MEDIA PRODUCTION),CLUBS AND SOCIETIES,
SPRINGDALE PRIMARY SCHOOL,PRIMARY,MATHEMATICS,CLUBS AND SOCIETIES,
SPRINGDALE PRIMARY SCHOOL,PRIMARY,MODERN DANCE,VISUAL AND PERFORMING ARTS,
SPRINGDALE PRIMARY SCHOOL,PRIMARY,MODULAR CCA (SPORTS),PHYSICAL SPORTS,
SPRINGDALE PRIMARY SCHOOL,PRIMARY,OUTDOOR ADVENTURE,PHYSICAL SPORTS,
SPRINGDALE PRIMARY SCHOOL,PRIMARY,PHYSICAL SCIENCE,CLUBS AND SOCIETIES,
SPRINGDALE PRIMARY SCHOOL,PRIMARY,SCOUTS,UNIFORMED GROUPS,
SPRINGDALE PRIMARY SCHOOL,PRIMARY,STUDENT INITIATED ACTIVITIES (CLUBS & SOCIETIES),OTHERS,
SPRINGDALE PRIMARY SCHOOL,PRIMARY,STUDENT INITIATED ACTIVITIES (PHYSICAL SPORTS AND OUTDOORS),OTHERS,
SPRINGDALE PRIMARY SCHOOL,PRIMARY,STUDENT INITIATED ACTIVITIES (VISUAL & PERFORMING ARTS),OTHERS,
SPRINGDALE PRIMARY SCHOOL,PRIMARY,STUDENT LEADERSHIP (PREFECT),OTHERS,
SPRINGDALE PRIMARY SCHOOL,PRIMARY,UKULELE ENSEMBLE,VISUAL AND PERFORMING ARTS,
SPRINGFIELD SECONDARY SCHOOL,SECONDARY (S1-S5),BADMINTON,PHYSICAL SPORTS,
SPRINGFIELD SECONDARY SCHOOL,SECONDARY (S1-S5),BOYS' BRIGADE,UNIFORMED GROUPS,
SPRINGFIELD SECONDARY SCHOOL,SECONDARY (S1-S5),CONCERT BAND,VISUAL AND PERFORMING ARTS,
SPRINGFIELD SECONDARY SCHOOL,SECONDARY (S1-S5),ENGLISH DRAMA,VISUAL AND PERFORMING ARTS,
SPRINGFIELD SECONDARY SCHOOL,SECONDARY (S1-S5),ENVIRONMENTAL SCIENCE,CLUBS AND SOCIETIES,ECOSTEM CLUB
SPRINGFIELD SECONDARY SCHOOL,SECONDARY (S1-S5),FLOORBALL,PHYSICAL SPORTS,
SPRINGFIELD SECONDARY SCHOOL,SECONDARY (S1-S5),FOOTBALL,PHYSICAL SPORTS,
SPRINGFIELD SECONDARY SCHOOL,SECONDARY (S1-S5),GIRLS' BRIGADE,UNIFORMED GROUPS,
SPRINGFIELD SECONDARY SCHOOL,SECONDARY (S1-S5),GUZHENG ENSEMBLE,VISUAL AND PERFORMING ARTS,
SPRINGFIELD SECONDARY SCHOOL,SECONDARY (S1-S5),MODERN DANCE,VISUAL AND PERFORMING ARTS,
SPRINGFIELD SECONDARY SCHOOL,SECONDARY (S1-S5),NATIONAL CADET CORPS (LAND),UNIFORMED GROUPS,
SPRINGFIELD SECONDARY SCHOOL,SECONDARY (S1-S5),NATIONAL POLICE CADET CORPS (SEA),UNIFORMED GROUPS,
SPRINGFIELD SECONDARY SCHOOL,SECONDARY (S1-S5),NETBALL,PHYSICAL SPORTS,
SPRINGFIELD SECONDARY SCHOOL,SECONDARY (S1-S5),OUTDOOR ADVENTURE,PHYSICAL SPORTS,OUTDOOR PURSUITS CLUB
SPRINGFIELD SECONDARY SCHOOL,SECONDARY (S1-S5),SP-CCA (ATHLETICS),PHYSICAL SPORTS,
SPRINGFIELD SECONDARY SCHOOL,SECONDARY (S1-S5),SP-CCA (CANOEING),PHYSICAL SPORTS,
SPRINGFIELD SECONDARY SCHOOL,SECONDARY (S1-S5),SP-CCA (WATER POLO),PHYSICAL SPORTS,
SPRINGFIELD SECONDARY SCHOOL,SECONDARY (S1-S5),TAEKWONDO,PHYSICAL SPORTS,
ST ANDREW'S JUNIOR COLLEGE,JUNIOR COLLEGE,AUDIO VISUAL AID,CLUBS AND SOCIETIES,AVA/PA CLUB
ST ANDREW'S JUNIOR COLLEGE,JUNIOR COLLEGE,BADMINTON,PHYSICAL SPORTS,
ST ANDREW'S JUNIOR COLLEGE,JUNIOR COLLEGE,BASKETBALL,PHYSICAL SPORTS,
ST ANDREW'S JUNIOR COLLEGE,JUNIOR COLLEGE,BOWLING,PHYSICAL SPORTS,
ST ANDREW'S JUNIOR COLLEGE,JUNIOR COLLEGE,BOYS' BRIGADE,UNIFORMED GROUPS,
ST ANDREW'S JUNIOR COLLEGE,JUNIOR COLLEGE,CHINESE ORCHESTRA,VISUAL AND PERFORMING ARTS,
ST ANDREW'S JUNIOR COLLEGE,JUNIOR COLLEGE,CHOIR,VISUAL AND PERFORMING ARTS,
ST ANDREW'S JUNIOR COLLEGE,JUNIOR COLLEGE,COMMUNITY SERVICE,CLUBS AND SOCIETIES,SAINTS ADVOCATE
ST ANDREW'S JUNIOR COLLEGE,JUNIOR COLLEGE,CONCERT BAND,VISUAL AND PERFORMING ARTS,
ST ANDREW'S JUNIOR COLLEGE,JUNIOR COLLEGE,CROSS COUNTRY,PHYSICAL SPORTS,
ST ANDREW'S JUNIOR COLLEGE,JUNIOR COLLEGE,ENGLISH CULTURE AND LANGUAGE,CLUBS AND SOCIETIES,LDS
ST ANDREW'S JUNIOR COLLEGE,JUNIOR COLLEGE,ENGLISH DRAMA,VISUAL AND PERFORMING ARTS,
ST ANDREW'S JUNIOR COLLEGE,JUNIOR COLLEGE,ENVIRONMENTAL SCIENCE,CLUBS AND SOCIETIES,ENVIRONMENT CLUB
ST ANDREW'S JUNIOR COLLEGE,JUNIOR COLLEGE,FAITH-BASED CCA,CLUBS AND SOCIETIES,SAINTS FOR CHRIST
ST ANDREW'S JUNIOR COLLEGE,JUNIOR COLLEGE,FOOTBALL,PHYSICAL SPORTS,
ST ANDREW'S JUNIOR COLLEGE,JUNIOR COLLEGE,FRISBEE,PHYSICAL SPORTS,
ST ANDREW'S JUNIOR COLLEGE,JUNIOR COLLEGE,GIRL GUIDES,UNIFORMED GROUPS,
ST ANDREW'S JUNIOR COLLEGE,JUNIOR COLLEGE,GIRLS' BRIGADE,UNIFORMED GROUPS,
ST ANDREW'S JUNIOR COLLEGE,JUNIOR COLLEGE,GUITAR ENSEMBLE,VISUAL AND PERFORMING ARTS,
ST ANDREW'S JUNIOR COLLEGE,JUNIOR COLLEGE,HANDBALL,PHYSICAL SPORTS,
ST ANDREW'S JUNIOR COLLEGE,JUNIOR COLLEGE,HOCKEY,PHYSICAL SPORTS,
ST ANDREW'S JUNIOR COLLEGE,JUNIOR COLLEGE,INDIAN CULTURE AND LANGUAGE,CLUBS AND SOCIETIES,
ST ANDREW'S JUNIOR COLLEGE,JUNIOR COLLEGE,INFOCOMM TECHNOLOGY (COMPUTING),CLUBS AND SOCIETIES,INFOCOMM CLUB
ST ANDREW'S JUNIOR COLLEGE,JUNIOR COLLEGE,INTERNATIONAL AND GLOBAL STUDIES,CLUBS AND SOCIETIES,SAJC MUN
ST ANDREW'S JUNIOR COLLEGE,JUNIOR COLLEGE,MALAY CULTURE AND LANGUAGE,CLUBS AND SOCIETIES,
ST ANDREW'S JUNIOR COLLEGE,JUNIOR COLLEGE,MODERN DANCE,VISUAL AND PERFORMING ARTS,DANCE SOCIETY
ST ANDREW'S JUNIOR COLLEGE,JUNIOR COLLEGE,NATIONAL CADET CORPS (AIR),UNIFORMED GROUPS,
ST ANDREW'S JUNIOR COLLEGE,JUNIOR COLLEGE,NATIONAL CADET CORPS (LAND),UNIFORMED GROUPS,
ST ANDREW'S JUNIOR COLLEGE,JUNIOR COLLEGE,NATIONAL CADET CORPS (SEA),UNIFORMED GROUPS,
ST ANDREW'S JUNIOR COLLEGE,JUNIOR COLLEGE,NATIONAL CIVIL DEFENCE CADET CORPS,UNIFORMED GROUPS,
ST ANDREW'S JUNIOR COLLEGE,JUNIOR COLLEGE,NATIONAL POLICE CADET CORPS,UNIFORMED GROUPS,
ST ANDREW'S JUNIOR COLLEGE,JUNIOR COLLEGE,NETBALL,PHYSICAL SPORTS,
ST ANDREW'S JUNIOR COLLEGE,JUNIOR COLLEGE,OUTDOOR ADVENTURE,PHYSICAL SPORTS,
ST ANDREW'S JUNIOR COLLEGE,JUNIOR COLLEGE,PHOTOGRAPHY,CLUBS AND SOCIETIES,
ST ANDREW'S JUNIOR COLLEGE,JUNIOR COLLEGE,RED CROSS YOUTH,UNIFORMED GROUPS,
ST ANDREW'S JUNIOR COLLEGE,JUNIOR COLLEGE,RUGBY,PHYSICAL SPORTS,
ST ANDREW'S JUNIOR COLLEGE,JUNIOR COLLEGE,SCOUTS,UNIFORMED GROUPS,
ST ANDREW'S JUNIOR COLLEGE,JUNIOR COLLEGE,SINGAPORE NATIONAL YOUTH CHINESE ORCHESTRA,VISUAL AND PERFORMING ARTS,
ST ANDREW'S JUNIOR COLLEGE,JUNIOR COLLEGE,SINGAPORE YOUTH FLYING CLUB,CLUBS AND SOCIETIES,
ST ANDREW'S JUNIOR COLLEGE,JUNIOR COLLEGE,SOCIAL STUDIES,CLUBS AND SOCIETIES,MENTORING CLUB
ST ANDREW'S JUNIOR COLLEGE,JUNIOR COLLEGE,ST JOHN BRIGADE,UNIFORMED GROUPS,
ST ANDREW'S JUNIOR COLLEGE,JUNIOR COLLEGE,STUDENT LEADERSHIP (COUNCIL),OTHERS,STUDENTS' COUNCIL
ST ANDREW'S JUNIOR COLLEGE,JUNIOR COLLEGE,STUDENTS' COUNCIL,CLUBS AND SOCIETIES,
ST ANDREW'S JUNIOR COLLEGE,JUNIOR COLLEGE,TENNIS,PHYSICAL SPORTS,
ST ANDREW'S JUNIOR COLLEGE,JUNIOR COLLEGE,TOUCH RUGBY,PHYSICAL SPORTS,
ST ANDREW'S JUNIOR COLLEGE,JUNIOR COLLEGE,TRACK AND FIELD,PHYSICAL SPORTS,
ST ANDREW'S JUNIOR COLLEGE,JUNIOR COLLEGE,WATER POLO,PHYSICAL SPORTS,
ST ANDREW'S SCHOOL (JUNIOR),PRIMARY,ART AND CRAFTS,CLUBS AND SOCIETIES,VISUAL ARTS CLUB
ST ANDREW'S SCHOOL (JUNIOR),PRIMARY,BADMINTON,PHYSICAL SPORTS,
ST ANDREW'S SCHOOL (JUNIOR),PRIMARY,BASKETBALL,PHYSICAL SPORTS,
ST ANDREW'S SCHOOL (JUNIOR),PRIMARY,BOYS' BRIGADE,UNIFORMED GROUPS,
ST ANDREW'S SCHOOL (JUNIOR),PRIMARY,CHOIR,VISUAL AND PERFORMING ARTS,
ST ANDREW'S SCHOOL (JUNIOR),PRIMARY,CONCERT BAND,VISUAL AND PERFORMING ARTS,
ST ANDREW'S SCHOOL (JUNIOR),PRIMARY,DIGITAL MEDIA,CLUBS AND SOCIETIES,MEDIA CLUB
ST ANDREW'S SCHOOL (JUNIOR),PRIMARY,ENVIRONMENTAL SCIENCE,CLUBS AND SOCIETIES,ECO CLUB
ST ANDREW'S SCHOOL (JUNIOR),PRIMARY,HOCKEY,PHYSICAL SPORTS,
ST ANDREW'S SCHOOL (JUNIOR),PRIMARY,INTERNATIONAL CHESS,CLUBS AND SOCIETIES,CHESS CLUB
ST ANDREW'S SCHOOL (JUNIOR),PRIMARY,MODULAR CCA (SPORTS),PHYSICAL SPORTS,SPORTS CLUB
ST ANDREW'S SCHOOL (JUNIOR),PRIMARY,RUGBY,PHYSICAL SPORTS,
ST ANDREW'S SCHOOL (JUNIOR),PRIMARY,SCOUTS,UNIFORMED GROUPS,
ST ANDREW'S SCHOOL (JUNIOR),PRIMARY,SWIMMING,PHYSICAL SPORTS,
ST ANDREW'S SCHOOL (SECONDARY),SECONDARY (S1-S5),ANIMATION,CLUBS AND SOCIETIES,SAINTS MEDIA
ST ANDREW'S SCHOOL (SECONDARY),SECONDARY (S1-S5),BADMINTON,PHYSICAL SPORTS,
ST ANDREW'S SCHOOL (SECONDARY),SECONDARY (S1-S5),BASKETBALL,PHYSICAL SPORTS,
ST ANDREW'S SCHOOL (SECONDARY),SECONDARY (S1-S5),BOYS' BRIGADE,UNIFORMED GROUPS,
ST ANDREW'S SCHOOL (SECONDARY),SECONDARY (S1-S5),CHOIR,VISUAL AND PERFORMING ARTS,
ST ANDREW'S SCHOOL (SECONDARY),SECONDARY (S1-S5),CONCERT BAND,VISUAL AND PERFORMING ARTS,
ST ANDREW'S SCHOOL (SECONDARY),SECONDARY (S1-S5),ENGLISH DRAMA,VISUAL AND PERFORMING ARTS,
ST ANDREW'S SCHOOL (SECONDARY),SECONDARY (S1-S5),FOOTBALL,PHYSICAL SPORTS,
ST ANDREW'S SCHOOL (SECONDARY),SECONDARY (S1-S5),HOCKEY,PHYSICAL SPORTS,
ST ANDREW'S SCHOOL (SECONDARY),SECONDARY (S1-S5),INFOCOMM TECHNOLOGY (MEDIA PRODUCTION),CLUBS AND SOCIETIES,
ST ANDREW'S SCHOOL (SECONDARY),SECONDARY (S1-S5),NATIONAL CADET CORPS (LAND),UNIFORMED GROUPS,
ST ANDREW'S SCHOOL (SECONDARY),SECONDARY (S1-S5),NATIONAL POLICE CADET CORPS,UNIFORMED GROUPS,
ST ANDREW'S SCHOOL (SECONDARY),SECONDARY (S1-S5),PROJECT CABIN,CLUBS AND SOCIETIES,STAY
ST ANDREW'S SCHOOL (SECONDARY),SECONDARY (S1-S5),ROBOTICS,CLUBS AND SOCIETIES,
ST ANDREW'S SCHOOL (SECONDARY),SECONDARY (S1-S5),RUGBY,PHYSICAL SPORTS,
ST ANDREW'S SCHOOL (SECONDARY),SECONDARY (S1-S5),SCOUTS,UNIFORMED GROUPS,
ST ANDREW'S SCHOOL (SECONDARY),SECONDARY (S1-S5),SINGAPORE YOUTH FLYING CLUB,CLUBS AND SOCIETIES,
ST ANDREW'S SCHOOL (SECONDARY),SECONDARY (S1-S5),SP-CCA (CANOEING),PHYSICAL SPORTS,
ST ANDREW'S SCHOOL (SECONDARY),SECONDARY (S1-S5),SQUASH,PHYSICAL SPORTS,
ST ANDREW'S SCHOOL (SECONDARY),SECONDARY (S1-S5),SWIMMING,PHYSICAL SPORTS,
ST ANDREW'S SCHOOL (SECONDARY),SECONDARY (S1-S5),TENNIS,PHYSICAL SPORTS,
ST ANDREW'S SCHOOL (SECONDARY),SECONDARY (S1-S5),TRACK AND FIELD,PHYSICAL SPORTS,ATHLETICS
ST ANDREW'S SCHOOL (SECONDARY),SECONDARY (S1-S5),WATER POLO,PHYSICAL SPORTS,
ST. ANTHONY'S CANOSSIAN PRIMARY SCHOOL,PRIMARY,ART AND CRAFTS,CLUBS AND SOCIETIES,
ST. ANTHONY'S CANOSSIAN PRIMARY SCHOOL,PRIMARY,ARTISTIC GYMNASTICS,PHYSICAL SPORTS,
ST. ANTHONY'S CANOSSIAN PRIMARY SCHOOL,PRIMARY,BOWLING,PHYSICAL SPORTS,
ST. ANTHONY'S CANOSSIAN PRIMARY SCHOOL,PRIMARY,CHINESE DANCE,VISUAL AND PERFORMING ARTS,
ST. ANTHONY'S CANOSSIAN PRIMARY SCHOOL,PRIMARY,CHOIR,VISUAL AND PERFORMING ARTS,
ST. ANTHONY'S CANOSSIAN PRIMARY SCHOOL,PRIMARY,CONCERT BAND,VISUAL AND PERFORMING ARTS,
ST. ANTHONY'S CANOSSIAN PRIMARY SCHOOL,PRIMARY,ENGLISH DRAMA,VISUAL AND PERFORMING ARTS,Drama Club
ST. ANTHONY'S CANOSSIAN PRIMARY SCHOOL,PRIMARY,FLOORBALL,PHYSICAL SPORTS,
ST. ANTHONY'S CANOSSIAN PRIMARY SCHOOL,PRIMARY,GIRL GUIDES (BROWNIES),UNIFORMED GROUPS,
ST. ANTHONY'S CANOSSIAN PRIMARY SCHOOL,PRIMARY,INFOCOMM TECHNOLOGY (MEDIA PRODUCTION),CLUBS AND SOCIETIES,
ST. ANTHONY'S CANOSSIAN PRIMARY SCHOOL,PRIMARY,MODERN DANCE,VISUAL AND PERFORMING ARTS,
ST. ANTHONY'S CANOSSIAN PRIMARY SCHOOL,PRIMARY,MODULAR CCA (SPORTS),PHYSICAL SPORTS,
ST. ANTHONY'S CANOSSIAN PRIMARY SCHOOL,PRIMARY,NETBALL,PHYSICAL SPORTS,
ST. ANTHONY'S CANOSSIAN PRIMARY SCHOOL,PRIMARY,RHYTHMIC GYMNASTICS,PHYSICAL SPORTS,
ST. ANTHONY'S CANOSSIAN PRIMARY SCHOOL,PRIMARY,SAILING,PHYSICAL SPORTS,
ST. ANTHONY'S CANOSSIAN PRIMARY SCHOOL,PRIMARY,SWIMMING,PHYSICAL SPORTS,
ST. ANTHONY'S CANOSSIAN PRIMARY SCHOOL,PRIMARY,TAEKWONDO,PHYSICAL SPORTS,
ST. ANTHONY'S CANOSSIAN PRIMARY SCHOOL,PRIMARY,TENNIS,PHYSICAL SPORTS,
ST. ANTHONY'S CANOSSIAN PRIMARY SCHOOL,PRIMARY,TRACK AND FIELD,PHYSICAL SPORTS,
ST. ANTHONY'S CANOSSIAN SECONDARY SCHOOL,SECONDARY (S1-S5),ANGKLUNG/KULINTANG ENSEMBLE,VISUAL AND PERFORMING ARTS,
ST. ANTHONY'S CANOSSIAN SECONDARY SCHOOL,SECONDARY (S1-S5),ARTISTIC GYMNASTICS,PHYSICAL SPORTS,
ST. ANTHONY'S CANOSSIAN SECONDARY SCHOOL,SECONDARY (S1-S5),AUDIO VISUAL AID,CLUBS AND SOCIETIES,
ST. ANTHONY'S CANOSSIAN SECONDARY SCHOOL,SECONDARY (S1-S5),BADMINTON,PHYSICAL SPORTS,
ST. ANTHONY'S CANOSSIAN SECONDARY SCHOOL,SECONDARY (S1-S5),CHOIR,VISUAL AND PERFORMING ARTS,
ST. ANTHONY'S CANOSSIAN SECONDARY SCHOOL,SECONDARY (S1-S5),CONCERT BAND,VISUAL AND PERFORMING ARTS,
ST. ANTHONY'S CANOSSIAN SECONDARY SCHOOL,SECONDARY (S1-S5),DEBATING AND PUBLIC SPEAKING,CLUBS AND SOCIETIES,
ST. ANTHONY'S CANOSSIAN SECONDARY SCHOOL,SECONDARY (S1-S5),DIGITAL MEDIA,CLUBS AND SOCIETIES,MEDIA  AND PRODUCTION SOCIETY
ST. ANTHONY'S CANOSSIAN SECONDARY SCHOOL,SECONDARY (S1-S5),ENGLISH DRAMA,VISUAL AND PERFORMING ARTS,
ST. ANTHONY'S CANOSSIAN SECONDARY SCHOOL,SECONDARY (S1-S5),FENCING,PHYSICAL SPORTS,
ST. ANTHONY'S CANOSSIAN SECONDARY SCHOOL,SECONDARY (S1-S5),FILM,CLUBS AND SOCIETIES,
ST. ANTHONY'S CANOSSIAN SECONDARY SCHOOL,SECONDARY (S1-S5),FLOORBALL,PHYSICAL SPORTS,
ST. ANTHONY'S CANOSSIAN SECONDARY SCHOOL,SECONDARY (S1-S5),GIRL GUIDES,UNIFORMED GROUPS,
ST. ANTHONY'S CANOSSIAN SECONDARY SCHOOL,SECONDARY (S1-S5),GUITAR ENSEMBLE,VISUAL AND PERFORMING ARTS,
ST. ANTHONY'S CANOSSIAN SECONDARY SCHOOL,SECONDARY (S1-S5),HANDBALL,PHYSICAL SPORTS,
ST. ANTHONY'S CANOSSIAN SECONDARY SCHOOL,SECONDARY (S1-S5),HOME ECONOMICS,CLUBS AND SOCIETIES,ST MAGDALENE'S CLUB
ST. ANTHONY'S CANOSSIAN SECONDARY SCHOOL,SECONDARY (S1-S5),INDIAN DANCE,VISUAL AND PERFORMING ARTS,
ST. ANTHONY'S CANOSSIAN SECONDARY SCHOOL,SECONDARY (S1-S5),MEDIA RESOURCE LIBRARY,CLUBS AND SOCIETIES,
ST. ANTHONY'S CANOSSIAN SECONDARY SCHOOL,SECONDARY (S1-S5),MODERN DANCE,VISUAL AND PERFORMING ARTS,
ST. ANTHONY'S CANOSSIAN SECONDARY SCHOOL,SECONDARY (S1-S5),NATIONAL CIVIL DEFENCE CADET CORPS,UNIFORMED GROUPS,
ST. ANTHONY'S CANOSSIAN SECONDARY SCHOOL,SECONDARY (S1-S5),NETBALL,PHYSICAL SPORTS,
ST. ANTHONY'S CANOSSIAN SECONDARY SCHOOL,SECONDARY (S1-S5),PERCUSSION ENSEMBLE,VISUAL AND PERFORMING ARTS,
ST. ANTHONY'S CANOSSIAN SECONDARY SCHOOL,SECONDARY (S1-S5),SP-CCA (CANOEING),PHYSICAL SPORTS,
ST. ANTHONY'S CANOSSIAN SECONDARY SCHOOL,SECONDARY (S1-S5),SP-CCA (WATER POLO),PHYSICAL SPORTS,
ST. ANTHONY'S CANOSSIAN SECONDARY SCHOOL,SECONDARY (S1-S5),SWIMMING,PHYSICAL SPORTS,
ST. ANTHONY'S CANOSSIAN SECONDARY SCHOOL,SECONDARY (S1-S5),TAEKWONDO,PHYSICAL SPORTS,
ST. ANTHONY'S CANOSSIAN SECONDARY SCHOOL,SECONDARY (S1-S5),TENNIS,PHYSICAL SPORTS,
ST. ANTHONY'S CANOSSIAN SECONDARY SCHOOL,SECONDARY (S1-S5),TRACK AND FIELD,PHYSICAL SPORTS,
ST. ANTHONY'S PRIMARY SCHOOL,PRIMARY,ART AND CRAFTS,CLUBS AND SOCIETIES,
ST. ANTHONY'S PRIMARY SCHOOL,PRIMARY,BADMINTON,PHYSICAL SPORTS,
ST. ANTHONY'S PRIMARY SCHOOL,PRIMARY,BRASS BAND,VISUAL AND PERFORMING ARTS,
ST. ANTHONY'S PRIMARY SCHOOL,PRIMARY,CHINESE DANCE,VISUAL AND PERFORMING ARTS,
ST. ANTHONY'S PRIMARY SCHOOL,PRIMARY,CHOIR,VISUAL AND PERFORMING ARTS,
ST. ANTHONY'S PRIMARY SCHOOL,PRIMARY,"ENGLISH LANGUAGE, DRAMA AND DEBATING",CLUBS AND SOCIETIES,
ST. ANTHONY'S PRIMARY SCHOOL,PRIMARY,ENVIRONMENTAL SCIENCE,CLUBS AND SOCIETIES,
ST. ANTHONY'S PRIMARY SCHOOL,PRIMARY,FLOORBALL,PHYSICAL SPORTS,
ST. ANTHONY'S PRIMARY SCHOOL,PRIMARY,FOOTBALL,PHYSICAL SPORTS,
ST. ANTHONY'S PRIMARY SCHOOL,PRIMARY,GIRL GUIDES (BROWNIES),UNIFORMED GROUPS,
ST. ANTHONY'S PRIMARY SCHOOL,PRIMARY,INFOCOMM TECHNOLOGY (COMPUTING),CLUBS AND SOCIETIES,
ST. ANTHONY'S PRIMARY SCHOOL,PRIMARY,MODERN DANCE,VISUAL AND PERFORMING ARTS,
ST. ANTHONY'S PRIMARY SCHOOL,PRIMARY,MODULAR CCA (SPORTS),PHYSICAL SPORTS,
ST. ANTHONY'S PRIMARY SCHOOL,PRIMARY,ROBOTICS,CLUBS AND SOCIETIES,
ST. ANTHONY'S PRIMARY SCHOOL,PRIMARY,SCOUTS,UNIFORMED GROUPS,
ST. ANTHONY'S PRIMARY SCHOOL,PRIMARY,STUDENT LEADERSHIP (HOUSE),OTHERS,
ST. ANTHONY'S PRIMARY SCHOOL,PRIMARY,STUDENT LEADERSHIP (PEER SUPPORT),OTHERS,
ST. ANTHONY'S PRIMARY SCHOOL,PRIMARY,STUDENT LEADERSHIP (PREFECT),OTHERS,
ST. ANTHONY'S PRIMARY SCHOOL,PRIMARY,TCHOUKBALL,PHYSICAL SPORTS,
ST. GABRIEL'S PRIMARY SCHOOL,PRIMARY,ART AND CRAFTS,CLUBS AND SOCIETIES,
ST. GABRIEL'S PRIMARY SCHOOL,PRIMARY,BADMINTON,PHYSICAL SPORTS,
ST. GABRIEL'S PRIMARY SCHOOL,PRIMARY,BASKETBALL,PHYSICAL SPORTS,
ST. GABRIEL'S PRIMARY SCHOOL,PRIMARY,BRASS BAND,VISUAL AND PERFORMING ARTS,
ST. GABRIEL'S PRIMARY SCHOOL,PRIMARY,CHOIR,VISUAL AND PERFORMING ARTS,
ST. GABRIEL'S PRIMARY SCHOOL,PRIMARY,FAITH-BASED CCA,CLUBS AND SOCIETIES,
ST. GABRIEL'S PRIMARY SCHOOL,PRIMARY,FLOORBALL,PHYSICAL SPORTS,
ST. GABRIEL'S PRIMARY SCHOOL,PRIMARY,FOOTBALL,PHYSICAL SPORTS,
ST. GABRIEL'S PRIMARY SCHOOL,PRIMARY,GOLF,PHYSICAL SPORTS,
ST. GABRIEL'S PRIMARY SCHOOL,PRIMARY,INFOCOMM TECHNOLOGY (MEDIA PRODUCTION),CLUBS AND SOCIETIES,
ST. GABRIEL'S PRIMARY SCHOOL,PRIMARY,INTERNATIONAL CHESS,CLUBS AND SOCIETIES,
ST. GABRIEL'S PRIMARY SCHOOL,PRIMARY,KARATE,PHYSICAL SPORTS,
ST. GABRIEL'S PRIMARY SCHOOL,PRIMARY,MODULAR CCA (SPORTS),PHYSICAL SPORTS,Gabrielite Sports Excellence Programme (GSEP)
ST. GABRIEL'S PRIMARY SCHOOL,PRIMARY,MODULAR CCA (VPA),VISUAL AND PERFORMING ARTS,
ST. GABRIEL'S PRIMARY SCHOOL,PRIMARY,PHYSICAL SCIENCE,CLUBS AND SOCIETIES,
ST. GABRIEL'S PRIMARY SCHOOL,PRIMARY,ROBOTICS,CLUBS AND SOCIETIES,
ST. GABRIEL'S PRIMARY SCHOOL,PRIMARY,SCOUTS,UNIFORMED GROUPS,
ST. GABRIEL'S PRIMARY SCHOOL,PRIMARY,SWIMMING,PHYSICAL SPORTS,
ST. GABRIEL'S PRIMARY SCHOOL,PRIMARY,TAEKWONDO,PHYSICAL SPORTS,
ST. GABRIEL'S PRIMARY SCHOOL,PRIMARY,TENNIS,PHYSICAL SPORTS,
ST. GABRIEL'S PRIMARY SCHOOL,PRIMARY,TRACK AND FIELD,PHYSICAL SPORTS,
ST. GABRIEL'S PRIMARY SCHOOL,PRIMARY,VOLLEYBALL,PHYSICAL SPORTS,
ST. GABRIEL'S PRIMARY SCHOOL,PRIMARY,WUSHU,PHYSICAL SPORTS,
ST. GABRIEL'S SECONDARY SCHOOL,SECONDARY (S1-S5),AUDIO VISUAL AID,CLUBS AND SOCIETIES,
ST. GABRIEL'S SECONDARY SCHOOL,SECONDARY (S1-S5),BADMINTON,PHYSICAL SPORTS,
ST. GABRIEL'S SECONDARY SCHOOL,SECONDARY (S1-S5),CONCERT BAND,VISUAL AND PERFORMING ARTS,
ST. GABRIEL'S SECONDARY SCHOOL,SECONDARY (S1-S5),DEBATING AND PUBLIC SPEAKING,CLUBS AND SOCIETIES,
ST. GABRIEL'S SECONDARY SCHOOL,SECONDARY (S1-S5),FLOORBALL,PHYSICAL SPORTS,
ST. GABRIEL'S SECONDARY SCHOOL,SECONDARY (S1-S5),FOOTBALL,PHYSICAL SPORTS,
ST. GABRIEL'S SECONDARY SCHOOL,SECONDARY (S1-S5),GOLF,PHYSICAL SPORTS,
ST. GABRIEL'S SECONDARY SCHOOL,SECONDARY (S1-S5),GUITAR ENSEMBLE,VISUAL AND PERFORMING ARTS,
ST. GABRIEL'S SECONDARY SCHOOL,SECONDARY (S1-S5),JUDO,PHYSICAL SPORTS,
ST. GABRIEL'S SECONDARY SCHOOL,SECONDARY (S1-S5),KARATE,PHYSICAL SPORTS,
ST. GABRIEL'S SECONDARY SCHOOL,SECONDARY (S1-S5),NATIONAL CADET CORPS (AIR),UNIFORMED GROUPS,
ST. GABRIEL'S SECONDARY SCHOOL,SECONDARY (S1-S5),NATIONAL CADET CORPS (LAND),UNIFORMED GROUPS,
ST. GABRIEL'S SECONDARY SCHOOL,SECONDARY (S1-S5),NATIONAL POLICE CADET CORPS,UNIFORMED GROUPS,
ST. GABRIEL'S SECONDARY SCHOOL,SECONDARY (S1-S5),RED CROSS YOUTH,UNIFORMED GROUPS,
ST. GABRIEL'S SECONDARY SCHOOL,SECONDARY (S1-S5),SCOUTS,UNIFORMED GROUPS,
ST. GABRIEL'S SECONDARY SCHOOL,SECONDARY (S1-S5),SINGAPORE YOUTH FLYING CLUB,CLUBS AND SOCIETIES,
ST. GABRIEL'S SECONDARY SCHOOL,SECONDARY (S1-S5),SOFTBALL,PHYSICAL SPORTS,
ST. GABRIEL'S SECONDARY SCHOOL,SECONDARY (S1-S5),SP-CCA (ATHLETICS),PHYSICAL SPORTS,
ST. GABRIEL'S SECONDARY SCHOOL,SECONDARY (S1-S5),SP-CCA (HOCKEY),PHYSICAL SPORTS,
ST. GABRIEL'S SECONDARY SCHOOL,SECONDARY (S1-S5),SP-CCA (WATER POLO),PHYSICAL SPORTS,
ST. GABRIEL'S SECONDARY SCHOOL,SECONDARY (S1-S5),SPEECH AND DRAMA,CLUBS AND SOCIETIES,
ST. GABRIEL'S SECONDARY SCHOOL,SECONDARY (S1-S5),TABLE TENNIS,PHYSICAL SPORTS,
ST. HILDA'S PRIMARY SCHOOL,PRIMARY,ART AND CRAFTS,CLUBS AND SOCIETIES,ART CLUB
ST. HILDA'S PRIMARY SCHOOL,PRIMARY,BOYS' BRIGADE,UNIFORMED GROUPS,
ST. HILDA'S PRIMARY SCHOOL,PRIMARY,CHOIR,VISUAL AND PERFORMING ARTS,
ST. HILDA'S PRIMARY SCHOOL,PRIMARY,ENGLISH DRAMA,VISUAL AND PERFORMING ARTS,DRAMA & MEDIA CLUB
ST. HILDA'S PRIMARY SCHOOL,PRIMARY,FAITH-BASED CCA,CLUBS AND SOCIETIES,SONSHINE CLUB
ST. HILDA'S PRIMARY SCHOOL,PRIMARY,FLOORBALL,PHYSICAL SPORTS,
ST. HILDA'S PRIMARY SCHOOL,PRIMARY,GIRLS' BRIGADE,UNIFORMED GROUPS,
ST. HILDA'S PRIMARY SCHOOL,PRIMARY,GUZHENG ENSEMBLE,VISUAL AND PERFORMING ARTS,GUZHENG
ST. HILDA'S PRIMARY SCHOOL,PRIMARY,HOCKEY,PHYSICAL SPORTS,
ST. HILDA'S PRIMARY SCHOOL,PRIMARY,INFOCOMM TECHNOLOGY (MEDIA PRODUCTION),CLUBS AND SOCIETIES,INFOCOMM CLUB
ST. HILDA'S PRIMARY SCHOOL,PRIMARY,INTERNATIONAL CHESS,CLUBS AND SOCIETIES,CHESS CLUB
ST. HILDA'S PRIMARY SCHOOL,PRIMARY,MODERN DANCE,VISUAL AND PERFORMING ARTS,DANCE
ST. HILDA'S PRIMARY SCHOOL,PRIMARY,NETBALL,PHYSICAL SPORTS,
ST. HILDA'S PRIMARY SCHOOL,PRIMARY,SAILING,PHYSICAL SPORTS,
ST. HILDA'S PRIMARY SCHOOL,PRIMARY,STRATEGY GAMES,CLUBS AND SOCIETIES,SCRABBLE CLUB
ST. HILDA'S PRIMARY SCHOOL,PRIMARY,STRING ENSEMBLE,VISUAL AND PERFORMING ARTS,
ST. HILDA'S PRIMARY SCHOOL,PRIMARY,STUDENT LEADERSHIP (COUNCIL),OTHERS,
ST. HILDA'S PRIMARY SCHOOL,PRIMARY,TABLE TENNIS,PHYSICAL SPORTS,
ST. HILDA'S PRIMARY SCHOOL,PRIMARY,VOLLEYBALL,PHYSICAL SPORTS,
ST. HILDA'S SECONDARY SCHOOL,SECONDARY (S1-S5),ART AND CRAFTS,CLUBS AND SOCIETIES,
ST. HILDA'S SECONDARY SCHOOL,SECONDARY (S1-S5),AUDIO VISUAL AID,CLUBS AND SOCIETIES,PA / AVA CLUB
ST. HILDA'S SECONDARY SCHOOL,SECONDARY (S1-S5),BADMINTON,PHYSICAL SPORTS,
ST. HILDA'S SECONDARY SCHOOL,SECONDARY (S1-S5),BOYS' BRIGADE,UNIFORMED GROUPS,
ST. HILDA'S SECONDARY SCHOOL,SECONDARY (S1-S5),CHOIR,VISUAL AND PERFORMING ARTS,HILDAN CHORALE
ST. HILDA'S SECONDARY SCHOOL,SECONDARY (S1-S5),CONCERT BAND,VISUAL AND PERFORMING ARTS,SYMPHONIC BAND
ST. HILDA'S SECONDARY SCHOOL,SECONDARY (S1-S5),ENGLISH DRAMA,VISUAL AND PERFORMING ARTS,ENGLISH DRAMA
ST. HILDA'S SECONDARY SCHOOL,SECONDARY (S1-S5),FAITH-BASED CCA,CLUBS AND SOCIETIES,CROSS TRAIN
ST. HILDA'S SECONDARY SCHOOL,SECONDARY (S1-S5),FLOORBALL,PHYSICAL SPORTS,
ST. HILDA'S SECONDARY SCHOOL,SECONDARY (S1-S5),GIRLS' BRIGADE,UNIFORMED GROUPS,
ST. HILDA'S SECONDARY SCHOOL,SECONDARY (S1-S5),GUITAR ENSEMBLE,VISUAL AND PERFORMING ARTS,
ST. HILDA'S SECONDARY SCHOOL,SECONDARY (S1-S5),HANDBELL ENSEMBLE,VISUAL AND PERFORMING ARTS,
ST. HILDA'S SECONDARY SCHOOL,SECONDARY (S1-S5),HOCKEY,PHYSICAL SPORTS,
ST. HILDA'S SECONDARY SCHOOL,SECONDARY (S1-S5),INFOCOMM TECHNOLOGY (COMPUTING),CLUBS AND SOCIETIES,INFOCOMM (ROBOTICS) CLUB
ST. HILDA'S SECONDARY SCHOOL,SECONDARY (S1-S5),MEDIA RESOURCE LIBRARY,CLUBS AND SOCIETIES,
ST. HILDA'S SECONDARY SCHOOL,SECONDARY (S1-S5),NATIONAL CIVIL DEFENCE CADET CORPS,UNIFORMED GROUPS,
ST. HILDA'S SECONDARY SCHOOL,SECONDARY (S1-S5),NATIONAL POLICE CADET CORPS,UNIFORMED GROUPS,
ST. HILDA'S SECONDARY SCHOOL,SECONDARY (S1-S5),NETBALL,PHYSICAL SPORTS,
ST. HILDA'S SECONDARY SCHOOL,SECONDARY (S1-S5),PHOTOGRAPHY,CLUBS AND SOCIETIES,MASS COMMUNICATION CLUB
ST. HILDA'S SECONDARY SCHOOL,SECONDARY (S1-S5),SP-CCA (WATER POLO),PHYSICAL SPORTS,
ST. HILDA'S SECONDARY SCHOOL,SECONDARY (S1-S5),VOLLEYBALL,PHYSICAL SPORTS,
ST. JOSEPH'S INSTITUTION,MIXED LEVEL (S1-JC2),ART AND CRAFTS,CLUBS AND SOCIETIES,VISUAL ARTS CAS
ST. JOSEPH'S INSTITUTION,MIXED LEVEL (S1-JC2),BADMINTON,PHYSICAL SPORTS,
ST. JOSEPH'S INSTITUTION,MIXED LEVEL (S1-JC2),BASKETBALL,PHYSICAL SPORTS,
ST. JOSEPH'S INSTITUTION,MIXED LEVEL (S1-JC2),CANOEING,PHYSICAL SPORTS,
ST. JOSEPH'S INSTITUTION,MIXED LEVEL (S1-JC2),CHINESE CULTURE AND LANGUAGE,CLUBS AND SOCIETIES,CHINESE CULTURAL SOCIETY 
ST. JOSEPH'S INSTITUTION,MIXED LEVEL (S1-JC2),CHOIR,VISUAL AND PERFORMING ARTS,SJI VOCAL ENSEMBLE 
ST. JOSEPH'S INSTITUTION,MIXED LEVEL (S1-JC2),COMMUNITY SERVICE,CLUBS AND SOCIETIES,LASALLIAN YOUTH
ST. JOSEPH'S INSTITUTION,MIXED LEVEL (S1-JC2),CONCERT BAND,VISUAL AND PERFORMING ARTS,SJI SYMPHONIC BAND 
ST. JOSEPH'S INSTITUTION,MIXED LEVEL (S1-JC2),CROSS COUNTRY,PHYSICAL SPORTS,
ST. JOSEPH'S INSTITUTION,MIXED LEVEL (S1-JC2),DEBATING AND PUBLIC SPEAKING,CLUBS AND SOCIETIES,DEBATE CAS
ST. JOSEPH'S INSTITUTION,MIXED LEVEL (S1-JC2),DESIGN AND INNOVATION,CLUBS AND SOCIETIES,DESIGN & INNOVATION CLUB
ST. JOSEPH'S INSTITUTION,MIXED LEVEL (S1-JC2),DESIGN AND INNOVATION,CLUBS AND SOCIETIES,NA
ST. JOSEPH'S INSTITUTION,MIXED LEVEL (S1-JC2),DIGITAL MEDIA,CLUBS AND SOCIETIES,PRISM CAS
ST. JOSEPH'S INSTITUTION,MIXED LEVEL (S1-JC2),DRAGON BOAT,PHYSICAL SPORTS,DRAGON BOAT CAS
ST. JOSEPH'S INSTITUTION,MIXED LEVEL (S1-JC2),ENGLISH CULTURE AND LANGUAGE,CLUBS AND SOCIETIES,C3 ACE PROGRAMME FOR  YOUTHS
ST. JOSEPH'S INSTITUTION,MIXED LEVEL (S1-JC2),ENGLISH DRAMA,VISUAL AND PERFORMING ARTS,SJI DRAMA 
ST. JOSEPH'S INSTITUTION,MIXED LEVEL (S1-JC2),"ENGLISH LANGUAGE, DRAMA AND DEBATING",CLUBS AND SOCIETIES,kidsREAD
ST. JOSEPH'S INSTITUTION,MIXED LEVEL (S1-JC2),ENTREPRENEURSHIP,CLUBS AND SOCIETIES,PRE-UNIVERSITY SEMINAR CAS
ST. JOSEPH'S INSTITUTION,MIXED LEVEL (S1-JC2),ENVIRONMENTAL SCIENCE,CLUBS AND SOCIETIES,GREEN CONNECT
ST. JOSEPH'S INSTITUTION,MIXED LEVEL (S1-JC2),FAITH-BASED CCA,CLUBS AND SOCIETIES,
ST. JOSEPH'S INSTITUTION,MIXED LEVEL (S1-JC2),FENCING,PHYSICAL SPORTS,
ST. JOSEPH'S INSTITUTION,MIXED LEVEL (S1-JC2),FILM,CLUBS AND SOCIETIES,FILM CAS
ST. JOSEPH'S INSTITUTION,MIXED LEVEL (S1-JC2),FLOORBALL,PHYSICAL SPORTS,
ST. JOSEPH'S INSTITUTION,MIXED LEVEL (S1-JC2),FOOTBALL,PHYSICAL SPORTS,
ST. JOSEPH'S INSTITUTION,MIXED LEVEL (S1-JC2),FRISBEE,PHYSICAL SPORTS,ULTIMATE FRISBEE
ST. JOSEPH'S INSTITUTION,MIXED LEVEL (S1-JC2),GUITAR ENSEMBLE,VISUAL AND PERFORMING ARTS,SJI GUITAR ENSEMBLE
ST. JOSEPH'S INSTITUTION,MIXED LEVEL (S1-JC2),HOCKEY,PHYSICAL SPORTS,
ST. JOSEPH'S INSTITUTION,MIXED LEVEL (S1-JC2),INDIAN CULTURE AND LANGUAGE,CLUBS AND SOCIETIES,INDIAN CULTURAL SOCIETY
ST. JOSEPH'S INSTITUTION,MIXED LEVEL (S1-JC2),INFOCOMM TECHNOLOGY (COMPUTING),CLUBS AND SOCIETIES,CODING & TECHNOLOGY  CAS
ST. JOSEPH'S INSTITUTION,MIXED LEVEL (S1-JC2),INFOCOMM TECHNOLOGY (MEDIA PRODUCTION),CLUBS AND SOCIETIES,BEACON CAS
ST. JOSEPH'S INSTITUTION,MIXED LEVEL (S1-JC2),INTERNATIONAL AND GLOBAL STUDIES,CLUBS AND SOCIETIES,SICA CAS
ST. JOSEPH'S INSTITUTION,MIXED LEVEL (S1-JC2),INTERNATIONAL CHESS,CLUBS AND SOCIETIES,CHESS CLUB
ST. JOSEPH'S INSTITUTION,MIXED LEVEL (S1-JC2),JUDO,PHYSICAL SPORTS,
ST. JOSEPH'S INSTITUTION,MIXED LEVEL (S1-JC2),MALAY CULTURE AND LANGUAGE,CLUBS AND SOCIETIES,MALAY CULTURAL SOCIETY
ST. JOSEPH'S INSTITUTION,MIXED LEVEL (S1-JC2),MATHEMATICS,CLUBS AND SOCIETIES,
ST. JOSEPH'S INSTITUTION,MIXED LEVEL (S1-JC2),MODERN DANCE,VISUAL AND PERFORMING ARTS,DANCE CAS
ST. JOSEPH'S INSTITUTION,MIXED LEVEL (S1-JC2),MODULAR CCA (SPORTS),PHYSICAL SPORTS,
ST. JOSEPH'S INSTITUTION,MIXED LEVEL (S1-JC2),NATIONAL CADET CORPS (AIR),UNIFORMED GROUPS,
ST. JOSEPH'S INSTITUTION,MIXED LEVEL (S1-JC2),NATIONAL CADET CORPS (LAND),UNIFORMED GROUPS,
ST. JOSEPH'S INSTITUTION,MIXED LEVEL (S1-JC2),NATIONAL POLICE CADET CORPS,UNIFORMED GROUPS,
ST. JOSEPH'S INSTITUTION,MIXED LEVEL (S1-JC2),PHOTOGRAPHY,CLUBS AND SOCIETIES,PHOTOGRAPHY 
ST. JOSEPH'S INSTITUTION,MIXED LEVEL (S1-JC2),PHYSICAL SCIENCE,CLUBS AND SOCIETIES,SCIENCE CAS 
ST. JOSEPH'S INSTITUTION,MIXED LEVEL (S1-JC2),PIPE BAND,VISUAL AND PERFORMING ARTS,SJI BAGPIPES & DRUMS
ST. JOSEPH'S INSTITUTION,MIXED LEVEL (S1-JC2),POP AND JAZZ,VISUAL AND PERFORMING ARTS,ROCK-A-CAUSE CAS
ST. JOSEPH'S INSTITUTION,MIXED LEVEL (S1-JC2),PUBLICATION,CLUBS AND SOCIETIES,PAPER BRIDGES
ST. JOSEPH'S INSTITUTION,MIXED LEVEL (S1-JC2),READING AND WRITING,CLUBS AND SOCIETIES,LITERARY SOCIETY 
ST. JOSEPH'S INSTITUTION,MIXED LEVEL (S1-JC2),RUGBY,PHYSICAL SPORTS,
ST. JOSEPH'S INSTITUTION,MIXED LEVEL (S1-JC2),SAILING,PHYSICAL SPORTS,
ST. JOSEPH'S INSTITUTION,MIXED LEVEL (S1-JC2),SCOUTS,UNIFORMED GROUPS,ST JOSEPH'S PELANDOK SCOUTS
ST. JOSEPH'S INSTITUTION,MIXED LEVEL (S1-JC2),SCOUTS,UNIFORMED GROUPS,VENTURES 
ST. JOSEPH'S INSTITUTION,MIXED LEVEL (S1-JC2),SINGAPORE NATIONAL YOUTH CHINESE ORCHESTRA,VISUAL AND PERFORMING ARTS,
ST. JOSEPH'S INSTITUTION,MIXED LEVEL (S1-JC2),SINGAPORE NATIONAL YOUTH ORCHESTRA,VISUAL AND PERFORMING ARTS,
ST. JOSEPH'S INSTITUTION,MIXED LEVEL (S1-JC2),SINGAPORE YOUTH FLYING CLUB,CLUBS AND SOCIETIES,
ST. JOSEPH'S INSTITUTION,MIXED LEVEL (S1-JC2),SP-CCA (WATER POLO),PHYSICAL SPORTS,
ST. JOSEPH'S INSTITUTION,MIXED LEVEL (S1-JC2),SPACE SCIENCE,CLUBS AND SOCIETIES,ASTRONOMY CAS
ST. JOSEPH'S INSTITUTION,MIXED LEVEL (S1-JC2),SPEECH AND DRAMA,CLUBS AND SOCIETIES,YOUNGXHUSH
ST. JOSEPH'S INSTITUTION,MIXED LEVEL (S1-JC2),SQUASH,PHYSICAL SPORTS,
ST. JOSEPH'S INSTITUTION,MIXED LEVEL (S1-JC2),ST JOHN BRIGADE,UNIFORMED GROUPS,
ST. JOSEPH'S INSTITUTION,MIXED LEVEL (S1-JC2),STUDENT INITIATED ACTIVITIES (CLUBS & SOCIETIES),OTHERS,BLOODAY
ST. JOSEPH'S INSTITUTION,MIXED LEVEL (S1-JC2),STUDENT LEADERSHIP (HOUSE),OTHERS,
ST. JOSEPH'S INSTITUTION,MIXED LEVEL (S1-JC2),STUDENT LEADERSHIP (PREFECT),OTHERS,
ST. JOSEPH'S INSTITUTION,MIXED LEVEL (S1-JC2),STUDENTS' COUNCIL,CLUBS AND SOCIETIES,
ST. JOSEPH'S INSTITUTION,MIXED LEVEL (S1-JC2),TABLE TENNIS,PHYSICAL SPORTS,
ST. JOSEPH'S INSTITUTION,MIXED LEVEL (S1-JC2),TAEKWONDO,PHYSICAL SPORTS,
ST. JOSEPH'S INSTITUTION,MIXED LEVEL (S1-JC2),TENNIS,PHYSICAL SPORTS,
ST. JOSEPH'S INSTITUTION,MIXED LEVEL (S1-JC2),TRACK AND FIELD,PHYSICAL SPORTS,
ST. JOSEPH'S INSTITUTION,MIXED LEVEL (S1-JC2),VOLLEYBALL,PHYSICAL SPORTS,VOLLEYBALL CAS
ST. JOSEPH'S INSTITUTION JUNIOR,PRIMARY,ART AND CRAFTS,CLUBS AND SOCIETIES,
ST. JOSEPH'S INSTITUTION JUNIOR,PRIMARY,AUDIO VISUAL AID,CLUBS AND SOCIETIES,
ST. JOSEPH'S INSTITUTION JUNIOR,PRIMARY,BADMINTON,PHYSICAL SPORTS,
ST. JOSEPH'S INSTITUTION JUNIOR,PRIMARY,BOWLING,PHYSICAL SPORTS,
ST. JOSEPH'S INSTITUTION JUNIOR,PRIMARY,BRASS BAND,VISUAL AND PERFORMING ARTS,
ST. JOSEPH'S INSTITUTION JUNIOR,PRIMARY,CHOIR,VISUAL AND PERFORMING ARTS,
ST. JOSEPH'S INSTITUTION JUNIOR,PRIMARY,FLOORBALL,PHYSICAL SPORTS,
ST. JOSEPH'S INSTITUTION JUNIOR,PRIMARY,FOOTBALL,PHYSICAL SPORTS,
ST. JOSEPH'S INSTITUTION JUNIOR,PRIMARY,INTERNATIONAL CHESS,CLUBS AND SOCIETIES,
ST. JOSEPH'S INSTITUTION JUNIOR,PRIMARY,MODERN DANCE,VISUAL AND PERFORMING ARTS,
ST. JOSEPH'S INSTITUTION JUNIOR,PRIMARY,ROBOTICS,CLUBS AND SOCIETIES,
ST. JOSEPH'S INSTITUTION JUNIOR,PRIMARY,RUGBY,PHYSICAL SPORTS,
ST. JOSEPH'S INSTITUTION JUNIOR,PRIMARY,SCOUTS,UNIFORMED GROUPS,
ST. JOSEPH'S INSTITUTION JUNIOR,PRIMARY,TENNIS,PHYSICAL SPORTS,
ST. MARGARET'S SCHOOL (PRIMARY),PRIMARY,ART AND CRAFTS,CLUBS AND SOCIETIES,ART CLUB
ST. MARGARET'S SCHOOL (PRIMARY),PRIMARY,BOWLING,PHYSICAL SPORTS,BOWLING
ST. MARGARET'S SCHOOL (PRIMARY),PRIMARY,BRASS BAND,VISUAL AND PERFORMING ARTS,BRASS BAND
ST. MARGARET'S SCHOOL (PRIMARY),PRIMARY,CHOIR,VISUAL AND PERFORMING ARTS,CHOIR
ST. MARGARET'S SCHOOL (PRIMARY),PRIMARY,ENVIRONMENTAL SCIENCE,CLUBS AND SOCIETIES,ENVIRONMENTAL SCIENCE
ST. MARGARET'S SCHOOL (PRIMARY),PRIMARY,GIRL GUIDES (BROWNIES),UNIFORMED GROUPS,BROWNIES
ST. MARGARET'S SCHOOL (PRIMARY),PRIMARY,GIRLS' BRIGADE,UNIFORMED GROUPS,GB
ST. MARGARET'S SCHOOL (PRIMARY),PRIMARY,GUITAR ENSEMBLE,VISUAL AND PERFORMING ARTS,GUITAR ENSEMBLE
ST. MARGARET'S SCHOOL (PRIMARY),PRIMARY,INFOCOMM TECHNOLOGY (MEDIA PRODUCTION),CLUBS AND SOCIETIES,INFOCOMM
ST. MARGARET'S SCHOOL (PRIMARY),PRIMARY,MEDIA RESOURCE LIBRARY,CLUBS AND SOCIETIES,STAR
ST. MARGARET'S SCHOOL (PRIMARY),PRIMARY,MODERN DANCE,VISUAL AND PERFORMING ARTS,INTERNATIONAL DANCE
ST. MARGARET'S SCHOOL (PRIMARY),PRIMARY,MODULAR CCA (SPORTS),PHYSICAL SPORTS,NETBALL DEVELOPMENT SQUAD
ST. MARGARET'S SCHOOL (PRIMARY),PRIMARY,NETBALL,PHYSICAL SPORTS,NETBALL
ST. MARGARET'S SCHOOL (PRIMARY),PRIMARY,TENNIS,PHYSICAL SPORTS,TENNIS
ST. MARGARET'S SCHOOL (PRIMARY),PRIMARY,VOLLEYBALL,PHYSICAL SPORTS,MODULAR SPORTS
ST. MARGARET'S SCHOOL (SECONDARY),SECONDARY (S1-S5),ART AND CRAFTS,CLUBS AND SOCIETIES,CREATIVE ART CLUB
ST. MARGARET'S SCHOOL (SECONDARY),SECONDARY (S1-S5),BADMINTON,PHYSICAL SPORTS,
ST. MARGARET'S SCHOOL (SECONDARY),SECONDARY (S1-S5),BASKETBALL,PHYSICAL SPORTS,
ST. MARGARET'S SCHOOL (SECONDARY),SECONDARY (S1-S5),BOWLING,PHYSICAL SPORTS,
ST. MARGARET'S SCHOOL (SECONDARY),SECONDARY (S1-S5),CHINESE DANCE,VISUAL AND PERFORMING ARTS,
ST. MARGARET'S SCHOOL (SECONDARY),SECONDARY (S1-S5),CHOIR,VISUAL AND PERFORMING ARTS,
ST. MARGARET'S SCHOOL (SECONDARY),SECONDARY (S1-S5),CONCERT BAND,VISUAL AND PERFORMING ARTS,
ST. MARGARET'S SCHOOL (SECONDARY),SECONDARY (S1-S5),DEBATING AND PUBLIC SPEAKING,CLUBS AND SOCIETIES,DEBATE CLUB
ST. MARGARET'S SCHOOL (SECONDARY),SECONDARY (S1-S5),ENGLISH DRAMA,VISUAL AND PERFORMING ARTS,
ST. MARGARET'S SCHOOL (SECONDARY),SECONDARY (S1-S5),FAITH-BASED CCA,CLUBS AND SOCIETIES,AGAPE CLUB
ST. MARGARET'S SCHOOL (SECONDARY),SECONDARY (S1-S5),FENCING,PHYSICAL SPORTS,
ST. MARGARET'S SCHOOL (SECONDARY),SECONDARY (S1-S5),FLOORBALL,PHYSICAL SPORTS,
ST. MARGARET'S SCHOOL (SECONDARY),SECONDARY (S1-S5),GIRL GUIDES,UNIFORMED GROUPS,
ST. MARGARET'S SCHOOL (SECONDARY),SECONDARY (S1-S5),GIRLS' BRIGADE,UNIFORMED GROUPS,
ST. MARGARET'S SCHOOL (SECONDARY),SECONDARY (S1-S5),INDIAN DANCE,VISUAL AND PERFORMING ARTS,
ST. MARGARET'S SCHOOL (SECONDARY),SECONDARY (S1-S5),INFOCOMM TECHNOLOGY (MEDIA PRODUCTION),CLUBS AND SOCIETIES,SMARTS MEDIA
ST. MARGARET'S SCHOOL (SECONDARY),SECONDARY (S1-S5),MALAY DANCE,VISUAL AND PERFORMING ARTS,
ST. MARGARET'S SCHOOL (SECONDARY),SECONDARY (S1-S5),MODERN DANCE,VISUAL AND PERFORMING ARTS,
ST. MARGARET'S SCHOOL (SECONDARY),SECONDARY (S1-S5),NATIONAL POLICE CADET CORPS,UNIFORMED GROUPS,
ST. MARGARET'S SCHOOL (SECONDARY),SECONDARY (S1-S5),NETBALL,PHYSICAL SPORTS,
ST. MARGARET'S SCHOOL (SECONDARY),SECONDARY (S1-S5),RED CROSS YOUTH,UNIFORMED GROUPS,
ST. MARGARET'S SCHOOL (SECONDARY),SECONDARY (S1-S5),SP-CCA (ATHLETICS),PHYSICAL SPORTS,
ST. MARGARET'S SCHOOL (SECONDARY),SECONDARY (S1-S5),SP-CCA (CANOEING),PHYSICAL SPORTS,
ST. MARGARET'S SCHOOL (SECONDARY),SECONDARY (S1-S5),SP-CCA (WATER POLO),PHYSICAL SPORTS,
ST. MARGARET'S SCHOOL (SECONDARY),SECONDARY (S1-S5),STRING ENSEMBLE,VISUAL AND PERFORMING ARTS,
ST. MARGARET'S SCHOOL (SECONDARY),SECONDARY (S1-S5),STUDENT LEADERSHIP (COUNCIL),OTHERS,
ST. MARGARET'S SCHOOL (SECONDARY),SECONDARY (S1-S5),TENNIS,PHYSICAL SPORTS,
ST. PATRICK'S SCHOOL,SECONDARY (S1-S5),BADMINTON,PHYSICAL SPORTS,
ST. PATRICK'S SCHOOL,SECONDARY (S1-S5),BASKETBALL,PHYSICAL SPORTS,
ST. PATRICK'S SCHOOL,SECONDARY (S1-S5),BOWLING,PHYSICAL SPORTS,BOWLING
ST. PATRICK'S SCHOOL,SECONDARY (S1-S5),CONCERT BAND,VISUAL AND PERFORMING ARTS,
ST. PATRICK'S SCHOOL,SECONDARY (S1-S5),CRICKET,PHYSICAL SPORTS,
ST. PATRICK'S SCHOOL,SECONDARY (S1-S5),ENGLISH DRAMA,VISUAL AND PERFORMING ARTS,
ST. PATRICK'S SCHOOL,SECONDARY (S1-S5),FAITH-BASED CCA,CLUBS AND SOCIETIES,
ST. PATRICK'S SCHOOL,SECONDARY (S1-S5),FLOORBALL,PHYSICAL SPORTS,
ST. PATRICK'S SCHOOL,SECONDARY (S1-S5),FOOTBALL,PHYSICAL SPORTS,
ST. PATRICK'S SCHOOL,SECONDARY (S1-S5),GOLF,PHYSICAL SPORTS,
ST. PATRICK'S SCHOOL,SECONDARY (S1-S5),GUITAR ENSEMBLE,VISUAL AND PERFORMING ARTS,
ST. PATRICK'S SCHOOL,SECONDARY (S1-S5),INFOCOMM TECHNOLOGY (COMPUTING),CLUBS AND SOCIETIES,
ST. PATRICK'S SCHOOL,SECONDARY (S1-S5),INFOCOMM TECHNOLOGY (MEDIA PRODUCTION),CLUBS AND SOCIETIES,MEDIA CLUB
ST. PATRICK'S SCHOOL,SECONDARY (S1-S5),MEDIA RESOURCE LIBRARY,CLUBS AND SOCIETIES,
ST. PATRICK'S SCHOOL,SECONDARY (S1-S5),MODERN DANCE,VISUAL AND PERFORMING ARTS,
ST. PATRICK'S SCHOOL,SECONDARY (S1-S5),NATIONAL CADET CORPS (AIR),UNIFORMED GROUPS,
ST. PATRICK'S SCHOOL,SECONDARY (S1-S5),NATIONAL CADET CORPS (LAND),UNIFORMED GROUPS,
ST. PATRICK'S SCHOOL,SECONDARY (S1-S5),NATIONAL POLICE CADET CORPS,UNIFORMED GROUPS,
ST. PATRICK'S SCHOOL,SECONDARY (S1-S5),SCOUTS,UNIFORMED GROUPS,
ST. PATRICK'S SCHOOL,SECONDARY (S1-S5),SINGAPORE NATIONAL YOUTH ORCHESTRA,VISUAL AND PERFORMING ARTS,
ST. PATRICK'S SCHOOL,SECONDARY (S1-S5),SINGAPORE YOUTH FLYING CLUB,CLUBS AND SOCIETIES,
ST. PATRICK'S SCHOOL,SECONDARY (S1-S5),SP-CCA (WATER POLO),PHYSICAL SPORTS,
ST. PATRICK'S SCHOOL,SECONDARY (S1-S5),STUDENT INITIATED ACTIVITIES (CLUBS & SOCIETIES),OTHERS,
ST. PATRICK'S SCHOOL,SECONDARY (S1-S5),STUDENT LEADERSHIP (COUNCIL),OTHERS,
ST. PATRICK'S SCHOOL,SECONDARY (S1-S5),TENNIS,PHYSICAL SPORTS,
ST. PATRICK'S SCHOOL,SECONDARY (S1-S5),TRACK AND FIELD,PHYSICAL SPORTS,
ST. STEPHEN'S SCHOOL,PRIMARY,ART AND CRAFTS,CLUBS AND SOCIETIES,ART & MEDIA CLUB
ST. STEPHEN'S SCHOOL,PRIMARY,BADMINTON,PHYSICAL SPORTS,
ST. STEPHEN'S SCHOOL,PRIMARY,BASKETBALL,PHYSICAL SPORTS,
ST. STEPHEN'S SCHOOL,PRIMARY,BRASS BAND,VISUAL AND PERFORMING ARTS,
ST. STEPHEN'S SCHOOL,PRIMARY,FLOORBALL,PHYSICAL SPORTS,
ST. STEPHEN'S SCHOOL,PRIMARY,FOOTBALL,PHYSICAL SPORTS,
ST. STEPHEN'S SCHOOL,PRIMARY,MODERN DANCE,VISUAL AND PERFORMING ARTS,
ST. STEPHEN'S SCHOOL,PRIMARY,ROBOTICS,CLUBS AND SOCIETIES,"ROBOTICS, SCIENCE & GREEN"
ST. STEPHEN'S SCHOOL,PRIMARY,SCOUTS,UNIFORMED GROUPS,CUB SCOUTS
ST. STEPHEN'S SCHOOL,PRIMARY,TRACK AND FIELD,PHYSICAL SPORTS,
SWISS COTTAGE SECONDARY SCHOOL,SECONDARY (S1-S5),BADMINTON,PHYSICAL SPORTS,
SWISS COTTAGE SECONDARY SCHOOL,SECONDARY (S1-S5),BASKETBALL,PHYSICAL SPORTS,
SWISS COTTAGE SECONDARY SCHOOL,SECONDARY (S1-S5),BOWLING,PHYSICAL SPORTS,
SWISS COTTAGE SECONDARY SCHOOL,SECONDARY (S1-S5),BOYS' BRIGADE,UNIFORMED GROUPS,
SWISS COTTAGE SECONDARY SCHOOL,SECONDARY (S1-S5),CHINESE DANCE,VISUAL AND PERFORMING ARTS,SWISS DANCE
SWISS COTTAGE SECONDARY SCHOOL,SECONDARY (S1-S5),CHINESE ORCHESTRA,VISUAL AND PERFORMING ARTS,
SWISS COTTAGE SECONDARY SCHOOL,SECONDARY (S1-S5),CHOIR,VISUAL AND PERFORMING ARTS,SHOW CHOIR
SWISS COTTAGE SECONDARY SCHOOL,SECONDARY (S1-S5),COMMUNITY SERVICE,CLUBS AND SOCIETIES,MAKER EDUCATION LEADERS
SWISS COTTAGE SECONDARY SCHOOL,SECONDARY (S1-S5),DESIGN AND INNOVATION,CLUBS AND SOCIETIES,SCIENCE & TECHNOLOGY CLUB
SWISS COTTAGE SECONDARY SCHOOL,SECONDARY (S1-S5),ENGLISH DRAMA,VISUAL AND PERFORMING ARTS,
SWISS COTTAGE SECONDARY SCHOOL,SECONDARY (S1-S5),ENVIRONMENTAL SCIENCE,CLUBS AND SOCIETIES,SCIENCE AMBASSADORS
SWISS COTTAGE SECONDARY SCHOOL,SECONDARY (S1-S5),FLOORBALL,PHYSICAL SPORTS,
SWISS COTTAGE SECONDARY SCHOOL,SECONDARY (S1-S5),FOOTBALL,PHYSICAL SPORTS,
SWISS COTTAGE SECONDARY SCHOOL,SECONDARY (S1-S5),GIRL GUIDES,UNIFORMED GROUPS,
SWISS COTTAGE SECONDARY SCHOOL,SECONDARY (S1-S5),ICE SKATING,PHYSICAL SPORTS,
SWISS COTTAGE SECONDARY SCHOOL,SECONDARY (S1-S5),INFOCOMM TECHNOLOGY (MEDIA PRODUCTION),CLUBS AND SOCIETIES,PUBLICATIONS & MEDIA CLUB
SWISS COTTAGE SECONDARY SCHOOL,SECONDARY (S1-S5),MARCHING BAND,VISUAL AND PERFORMING ARTS,THE SINGAPORE NATIONAL CADET CORPS COMMAND BAND
SWISS COTTAGE SECONDARY SCHOOL,SECONDARY (S1-S5),NATIONAL CADET CORPS (AIR),UNIFORMED GROUPS,
SWISS COTTAGE SECONDARY SCHOOL,SECONDARY (S1-S5),NATIONAL CIVIL DEFENCE CADET CORPS,UNIFORMED GROUPS,
SWISS COTTAGE SECONDARY SCHOOL,SECONDARY (S1-S5),NATIONAL POLICE CADET CORPS,UNIFORMED GROUPS,
SWISS COTTAGE SECONDARY SCHOOL,SECONDARY (S1-S5),SCOUTS,UNIFORMED GROUPS,
SWISS COTTAGE SECONDARY SCHOOL,SECONDARY (S1-S5),SINGAPORE NATIONAL YOUTH CHINESE ORCHESTRA,VISUAL AND PERFORMING ARTS,
SWISS COTTAGE SECONDARY SCHOOL,SECONDARY (S1-S5),SP-CCA (WATER POLO),PHYSICAL SPORTS,
SWISS COTTAGE SECONDARY SCHOOL,SECONDARY (S1-S5),STUDENT LEADERSHIP (PREFECT),OTHERS,
SWISS COTTAGE SECONDARY SCHOOL,SECONDARY (S1-S5),TCHOUKBALL,PHYSICAL SPORTS,
TAMPINES MERIDIAN JUNIOR COLLEGE,JUNIOR COLLEGE,ARCHERY,PHYSICAL SPORTS,
TAMPINES MERIDIAN JUNIOR COLLEGE,JUNIOR COLLEGE,AUDIO VISUAL AID,CLUBS AND SOCIETIES,MEDIA RESOURCE 
TAMPINES MERIDIAN JUNIOR COLLEGE,JUNIOR COLLEGE,BADMINTON,PHYSICAL SPORTS,
TAMPINES MERIDIAN JUNIOR COLLEGE,JUNIOR COLLEGE,BASKETBALL,PHYSICAL SPORTS,
TAMPINES MERIDIAN JUNIOR COLLEGE,JUNIOR COLLEGE,CHINESE ORCHESTRA,VISUAL AND PERFORMING ARTS,
TAMPINES MERIDIAN JUNIOR COLLEGE,JUNIOR COLLEGE,CHOIR,VISUAL AND PERFORMING ARTS,
TAMPINES MERIDIAN JUNIOR COLLEGE,JUNIOR COLLEGE,COMMUNITY SERVICE,CLUBS AND SOCIETIES,INTERACT
TAMPINES MERIDIAN JUNIOR COLLEGE,JUNIOR COLLEGE,CONCERT BAND,VISUAL AND PERFORMING ARTS,SYMPHONIC BAND
TAMPINES MERIDIAN JUNIOR COLLEGE,JUNIOR COLLEGE,DEBATING AND PUBLIC SPEAKING,CLUBS AND SOCIETIES,
TAMPINES MERIDIAN JUNIOR COLLEGE,JUNIOR COLLEGE,DESIGN AND INNOVATION,CLUBS AND SOCIETIES,MAKERS
TAMPINES MERIDIAN JUNIOR COLLEGE,JUNIOR COLLEGE,DRAGON BOAT,PHYSICAL SPORTS,PADDLERS
TAMPINES MERIDIAN JUNIOR COLLEGE,JUNIOR COLLEGE,ENGLISH DRAMA,VISUAL AND PERFORMING ARTS,
TAMPINES MERIDIAN JUNIOR COLLEGE,JUNIOR COLLEGE,FLOORBALL,PHYSICAL SPORTS,
TAMPINES MERIDIAN JUNIOR COLLEGE,JUNIOR COLLEGE,FOOTBALL,PHYSICAL SPORTS,
TAMPINES MERIDIAN JUNIOR COLLEGE,JUNIOR COLLEGE,GUITAR ENSEMBLE,VISUAL AND PERFORMING ARTS,
TAMPINES MERIDIAN JUNIOR COLLEGE,JUNIOR COLLEGE,HEALTH AND FITNESS,PHYSICAL SPORTS,
TAMPINES MERIDIAN JUNIOR COLLEGE,JUNIOR COLLEGE,HERITAGE,CLUBS AND SOCIETIES,
TAMPINES MERIDIAN JUNIOR COLLEGE,JUNIOR COLLEGE,MODERN DANCE,VISUAL AND PERFORMING ARTS,
TAMPINES MERIDIAN JUNIOR COLLEGE,JUNIOR COLLEGE,NETBALL,PHYSICAL SPORTS,
TAMPINES MERIDIAN JUNIOR COLLEGE,JUNIOR COLLEGE,OUTDOOR ADVENTURE,PHYSICAL SPORTS,OUTDOOR ACTIVITIES
TAMPINES MERIDIAN JUNIOR COLLEGE,JUNIOR COLLEGE,PHOTOGRAPHY,CLUBS AND SOCIETIES,
TAMPINES MERIDIAN JUNIOR COLLEGE,JUNIOR COLLEGE,ROCKWALL CLIMBING,PHYSICAL SPORTS,
TAMPINES MERIDIAN JUNIOR COLLEGE,JUNIOR COLLEGE,SHOOTING,PHYSICAL SPORTS,
TAMPINES MERIDIAN JUNIOR COLLEGE,JUNIOR COLLEGE,SQUASH,PHYSICAL SPORTS,
TAMPINES MERIDIAN JUNIOR COLLEGE,JUNIOR COLLEGE,STRATEGY GAMES,CLUBS AND SOCIETIES,INTERACTIVE GAMES
TAMPINES MERIDIAN JUNIOR COLLEGE,JUNIOR COLLEGE,STUDENT LEADERSHIP (COUNCIL),OTHERS,
TAMPINES MERIDIAN JUNIOR COLLEGE,JUNIOR COLLEGE,TABLE TENNIS,PHYSICAL SPORTS,
TAMPINES MERIDIAN JUNIOR COLLEGE,JUNIOR COLLEGE,TAEKWONDO,PHYSICAL SPORTS,
TAMPINES MERIDIAN JUNIOR COLLEGE,JUNIOR COLLEGE,VOLLEYBALL,PHYSICAL SPORTS,
TAMPINES MERIDIAN JUNIOR COLLEGE,JUNIOR COLLEGE,WUSHU,PHYSICAL SPORTS,
TAMPINES NORTH PRIMARY SCHOOL,PRIMARY,ANGKLUNG/KULINTANG ENSEMBLE,VISUAL AND PERFORMING ARTS,
TAMPINES NORTH PRIMARY SCHOOL,PRIMARY,ART AND CRAFTS,CLUBS AND SOCIETIES,
TAMPINES NORTH PRIMARY SCHOOL,PRIMARY,BADMINTON,PHYSICAL SPORTS,
TAMPINES NORTH PRIMARY SCHOOL,PRIMARY,BASKETBALL,PHYSICAL SPORTS,
TAMPINES NORTH PRIMARY SCHOOL,PRIMARY,CHOIR,VISUAL AND PERFORMING ARTS,
TAMPINES NORTH PRIMARY SCHOOL,PRIMARY,FLOORBALL,PHYSICAL SPORTS,
TAMPINES NORTH PRIMARY SCHOOL,PRIMARY,FOOTBALL,PHYSICAL SPORTS,
TAMPINES NORTH PRIMARY SCHOOL,PRIMARY,GIRL GUIDES (BROWNIES),UNIFORMED GROUPS,
TAMPINES NORTH PRIMARY SCHOOL,PRIMARY,INDIAN DANCE,VISUAL AND PERFORMING ARTS,
TAMPINES NORTH PRIMARY SCHOOL,PRIMARY,INFOCOMM TECHNOLOGY (MEDIA PRODUCTION),CLUBS AND SOCIETIES,
TAMPINES NORTH PRIMARY SCHOOL,PRIMARY,MALAY DANCE,VISUAL AND PERFORMING ARTS,
TAMPINES NORTH PRIMARY SCHOOL,PRIMARY,MODERN DANCE,VISUAL AND PERFORMING ARTS,
TAMPINES NORTH PRIMARY SCHOOL,PRIMARY,SCOUTS,UNIFORMED GROUPS,
TAMPINES NORTH PRIMARY SCHOOL,PRIMARY,STUDENT LEADERSHIP (HOUSE),OTHERS,
TAMPINES NORTH PRIMARY SCHOOL,PRIMARY,STUDENT LEADERSHIP (PEER SUPPORT),OTHERS,
TAMPINES NORTH PRIMARY SCHOOL,PRIMARY,STUDENT LEADERSHIP (PREFECT),OTHERS,
TAMPINES NORTH PRIMARY SCHOOL,PRIMARY,WUSHU,PHYSICAL SPORTS,
TAMPINES PRIMARY SCHOOL,PRIMARY,ART AND CRAFTS,CLUBS AND SOCIETIES,
TAMPINES PRIMARY SCHOOL,PRIMARY,BASKETBALL,PHYSICAL SPORTS,
TAMPINES PRIMARY SCHOOL,PRIMARY,CHOIR,VISUAL AND PERFORMING ARTS,
TAMPINES PRIMARY SCHOOL,PRIMARY,ENGLISH DRAMA,VISUAL AND PERFORMING ARTS,
TAMPINES PRIMARY SCHOOL,PRIMARY,ENTREPRENEURSHIP,CLUBS AND SOCIETIES,
TAMPINES PRIMARY SCHOOL,PRIMARY,FLOORBALL,PHYSICAL SPORTS,
TAMPINES PRIMARY SCHOOL,PRIMARY,FOOTBALL,PHYSICAL SPORTS,
TAMPINES PRIMARY SCHOOL,PRIMARY,GIRL GUIDES (BROWNIES),UNIFORMED GROUPS,
TAMPINES PRIMARY SCHOOL,PRIMARY,GUZHENG ENSEMBLE,VISUAL AND PERFORMING ARTS,
TAMPINES PRIMARY SCHOOL,PRIMARY,INDIAN DANCE,VISUAL AND PERFORMING ARTS,
TAMPINES PRIMARY SCHOOL,PRIMARY,INFOCOMM TECHNOLOGY (MEDIA PRODUCTION),CLUBS AND SOCIETIES,
TAMPINES PRIMARY SCHOOL,PRIMARY,MALAY DANCE,VISUAL AND PERFORMING ARTS,
TAMPINES PRIMARY SCHOOL,PRIMARY,MODERN DANCE,VISUAL AND PERFORMING ARTS,
TAMPINES PRIMARY SCHOOL,PRIMARY,MODULAR CCA (SPORTS),PHYSICAL SPORTS,
TAMPINES PRIMARY SCHOOL,PRIMARY,SCOUTS,UNIFORMED GROUPS,
TAMPINES SECONDARY SCHOOL,SECONDARY (S1-S5),ART AND CRAFTS,CLUBS AND SOCIETIES,ART CLUB
TAMPINES SECONDARY SCHOOL,SECONDARY (S1-S5),BADMINTON,PHYSICAL SPORTS,
TAMPINES SECONDARY SCHOOL,SECONDARY (S1-S5),BASKETBALL,PHYSICAL SPORTS,
TAMPINES SECONDARY SCHOOL,SECONDARY (S1-S5),CHINESE DANCE,VISUAL AND PERFORMING ARTS,MODERN CHINESE DANCE
TAMPINES SECONDARY SCHOOL,SECONDARY (S1-S5),CHOIR,VISUAL AND PERFORMING ARTS,CHOIR
TAMPINES SECONDARY SCHOOL,SECONDARY (S1-S5),CONCERT BAND,VISUAL AND PERFORMING ARTS,CONCERT BAND
TAMPINES SECONDARY SCHOOL,SECONDARY (S1-S5),DESIGN AND INNOVATION,CLUBS AND SOCIETIES,MAKER FAIRE CLUB
TAMPINES SECONDARY SCHOOL,SECONDARY (S1-S5),DIGITAL MEDIA,CLUBS AND SOCIETIES,PHOTO MEDIA CLUB
TAMPINES SECONDARY SCHOOL,SECONDARY (S1-S5),ENGLISH DRAMA,VISUAL AND PERFORMING ARTS,
TAMPINES SECONDARY SCHOOL,SECONDARY (S1-S5),FOOTBALL,PHYSICAL SPORTS,
TAMPINES SECONDARY SCHOOL,SECONDARY (S1-S5),GIRL GUIDES,UNIFORMED GROUPS,
TAMPINES SECONDARY SCHOOL,SECONDARY (S1-S5),INFOCOMM TECHNOLOGY (MEDIA PRODUCTION),CLUBS AND SOCIETIES,
TAMPINES SECONDARY SCHOOL,SECONDARY (S1-S5),MALAY DANCE,VISUAL AND PERFORMING ARTS,
TAMPINES SECONDARY SCHOOL,SECONDARY (S1-S5),MODERN DANCE,VISUAL AND PERFORMING ARTS,DANCE DYNAMICS
TAMPINES SECONDARY SCHOOL,SECONDARY (S1-S5),NATIONAL CADET CORPS (LAND),UNIFORMED GROUPS,
TAMPINES SECONDARY SCHOOL,SECONDARY (S1-S5),NATIONAL POLICE CADET CORPS,UNIFORMED GROUPS,
TAMPINES SECONDARY SCHOOL,SECONDARY (S1-S5),NETBALL,PHYSICAL SPORTS,
TAMPINES SECONDARY SCHOOL,SECONDARY (S1-S5),SINGAPORE YOUTH FLYING CLUB,CLUBS AND SOCIETIES,
TAMPINES SECONDARY SCHOOL,SECONDARY (S1-S5),SP-CCA (ATHLETICS),PHYSICAL SPORTS,
TAMPINES SECONDARY SCHOOL,SECONDARY (S1-S5),SP-CCA (HOCKEY),PHYSICAL SPORTS,
TANJONG KATONG GIRLS' SCHOOL,SECONDARY (S1-S4),ART AND CRAFTS,CLUBS AND SOCIETIES,
TANJONG KATONG GIRLS' SCHOOL,SECONDARY (S1-S4),BADMINTON,PHYSICAL SPORTS,
TANJONG KATONG GIRLS' SCHOOL,SECONDARY (S1-S4),BASKETBALL,PHYSICAL SPORTS,
TANJONG KATONG GIRLS' SCHOOL,SECONDARY (S1-S4),BOWLING,PHYSICAL SPORTS,
TANJONG KATONG GIRLS' SCHOOL,SECONDARY (S1-S4),CHOIR,VISUAL AND PERFORMING ARTS,
TANJONG KATONG GIRLS' SCHOOL,SECONDARY (S1-S4),COMMUNITY SERVICE,CLUBS AND SOCIETIES,INTERACT CLUB
TANJONG KATONG GIRLS' SCHOOL,SECONDARY (S1-S4),CONCERT BAND,VISUAL AND PERFORMING ARTS,
TANJONG KATONG GIRLS' SCHOOL,SECONDARY (S1-S4),ENGLISH DRAMA,VISUAL AND PERFORMING ARTS,
TANJONG KATONG GIRLS' SCHOOL,SECONDARY (S1-S4),"ENGLISH LANGUAGE, DRAMA AND DEBATING",CLUBS AND SOCIETIES,THE LITERARY ARTS CLUB
TANJONG KATONG GIRLS' SCHOOL,SECONDARY (S1-S4),FLOORBALL,PHYSICAL SPORTS,
TANJONG KATONG GIRLS' SCHOOL,SECONDARY (S1-S4),GIRL GUIDES,UNIFORMED GROUPS,
TANJONG KATONG GIRLS' SCHOOL,SECONDARY (S1-S4),INFOCOMM TECHNOLOGY (MEDIA PRODUCTION),CLUBS AND SOCIETIES,
TANJONG KATONG GIRLS' SCHOOL,SECONDARY (S1-S4),MEDIA RESOURCE LIBRARY,CLUBS AND SOCIETIES,
TANJONG KATONG GIRLS' SCHOOL,SECONDARY (S1-S4),MODERN DANCE,VISUAL AND PERFORMING ARTS,
TANJONG KATONG GIRLS' SCHOOL,SECONDARY (S1-S4),NATIONAL POLICE CADET CORPS,UNIFORMED GROUPS,
TANJONG KATONG GIRLS' SCHOOL,SECONDARY (S1-S4),NETBALL,PHYSICAL SPORTS,
TANJONG KATONG GIRLS' SCHOOL,SECONDARY (S1-S4),RED CROSS YOUTH,UNIFORMED GROUPS,
TANJONG KATONG GIRLS' SCHOOL,SECONDARY (S1-S4),SAILING,PHYSICAL SPORTS,
TANJONG KATONG GIRLS' SCHOOL,SECONDARY (S1-S4),SINGAPORE NATIONAL YOUTH ORCHESTRA,VISUAL AND PERFORMING ARTS,
TANJONG KATONG GIRLS' SCHOOL,SECONDARY (S1-S4),SOFTBALL,PHYSICAL SPORTS,
TANJONG KATONG GIRLS' SCHOOL,SECONDARY (S1-S4),SP-CCA (ATHLETICS),PHYSICAL SPORTS,
TANJONG KATONG GIRLS' SCHOOL,SECONDARY (S1-S4),STRING ENSEMBLE,VISUAL AND PERFORMING ARTS,
TANJONG KATONG GIRLS' SCHOOL,SECONDARY (S1-S4),TENNIS,PHYSICAL SPORTS,
TANJONG KATONG PRIMARY SCHOOL,PRIMARY,ART AND CRAFTS,CLUBS AND SOCIETIES,
TANJONG KATONG PRIMARY SCHOOL,PRIMARY,BASKETBALL,PHYSICAL SPORTS,
TANJONG KATONG PRIMARY SCHOOL,PRIMARY,CHINESE DANCE,VISUAL AND PERFORMING ARTS,
TANJONG KATONG PRIMARY SCHOOL,PRIMARY,CHOIR,VISUAL AND PERFORMING ARTS,
TANJONG KATONG PRIMARY SCHOOL,PRIMARY,"ENGLISH LANGUAGE, DRAMA AND DEBATING",CLUBS AND SOCIETIES,ENGLISH LANGUAGE DRAMA CLUB
TANJONG KATONG PRIMARY SCHOOL,PRIMARY,FLOORBALL,PHYSICAL SPORTS,
TANJONG KATONG PRIMARY SCHOOL,PRIMARY,FOOTBALL,PHYSICAL SPORTS,FOOTBALL
TANJONG KATONG PRIMARY SCHOOL,PRIMARY,GUITAR ENSEMBLE,VISUAL AND PERFORMING ARTS,
TANJONG KATONG PRIMARY SCHOOL,PRIMARY,INFOCOMM TECHNOLOGY (MEDIA PRODUCTION),CLUBS AND SOCIETIES,
TANJONG KATONG PRIMARY SCHOOL,PRIMARY,MALAY DANCE,VISUAL AND PERFORMING ARTS,
TANJONG KATONG PRIMARY SCHOOL,PRIMARY,MODERN DANCE,VISUAL AND PERFORMING ARTS,
TANJONG KATONG PRIMARY SCHOOL,PRIMARY,NETBALL,PHYSICAL SPORTS,
TANJONG KATONG PRIMARY SCHOOL,PRIMARY,SCOUTS,UNIFORMED GROUPS,
TANJONG KATONG SECONDARY SCHOOL,SECONDARY (S1-S4),ART AND CRAFTS,CLUBS AND SOCIETIES,
TANJONG KATONG SECONDARY SCHOOL,SECONDARY (S1-S4),AUDIO VISUAL AID,CLUBS AND SOCIETIES,AVA & Infocomm Club
TANJONG KATONG SECONDARY SCHOOL,SECONDARY (S1-S4),BASKETBALL,PHYSICAL SPORTS,
TANJONG KATONG SECONDARY SCHOOL,SECONDARY (S1-S4),CHOIR,VISUAL AND PERFORMING ARTS,
TANJONG KATONG SECONDARY SCHOOL,SECONDARY (S1-S4),CONCERT BAND,VISUAL AND PERFORMING ARTS,BAND
TANJONG KATONG SECONDARY SCHOOL,SECONDARY (S1-S4),ENGLISH DRAMA,VISUAL AND PERFORMING ARTS,
TANJONG KATONG SECONDARY SCHOOL,SECONDARY (S1-S4),FLOORBALL,PHYSICAL SPORTS,
TANJONG KATONG SECONDARY SCHOOL,SECONDARY (S1-S4),FOOTBALL,PHYSICAL SPORTS,
TANJONG KATONG SECONDARY SCHOOL,SECONDARY (S1-S4),GIRL GUIDES,UNIFORMED GROUPS,
TANJONG KATONG SECONDARY SCHOOL,SECONDARY (S1-S4),INTERNATIONAL CHESS,CLUBS AND SOCIETIES,
TANJONG KATONG SECONDARY SCHOOL,SECONDARY (S1-S4),MARCHING BAND,VISUAL AND PERFORMING ARTS,
TANJONG KATONG SECONDARY SCHOOL,SECONDARY (S1-S4),MODERN DANCE,VISUAL AND PERFORMING ARTS,
TANJONG KATONG SECONDARY SCHOOL,SECONDARY (S1-S4),NATIONAL CADET CORPS (LAND),UNIFORMED GROUPS,
TANJONG KATONG SECONDARY SCHOOL,SECONDARY (S1-S4),NATIONAL CADET CORPS (SEA),UNIFORMED GROUPS,
TANJONG KATONG SECONDARY SCHOOL,SECONDARY (S1-S4),NATIONAL POLICE CADET CORPS,UNIFORMED GROUPS,
TANJONG KATONG SECONDARY SCHOOL,SECONDARY (S1-S4),NETBALL,PHYSICAL SPORTS,
TANJONG KATONG SECONDARY SCHOOL,SECONDARY (S1-S4),SCOUTS,UNIFORMED GROUPS,
TANJONG KATONG SECONDARY SCHOOL,SECONDARY (S1-S4),SHOOTING,PHYSICAL SPORTS,
TANJONG KATONG SECONDARY SCHOOL,SECONDARY (S1-S4),SINGAPORE NATIONAL YOUTH CHINESE ORCHESTRA,VISUAL AND PERFORMING ARTS,
TANJONG KATONG SECONDARY SCHOOL,SECONDARY (S1-S4),SINGAPORE NATIONAL YOUTH ORCHESTRA,VISUAL AND PERFORMING ARTS,
TANJONG KATONG SECONDARY SCHOOL,SECONDARY (S1-S4),SINGAPORE YOUTH FLYING CLUB,CLUBS AND SOCIETIES,
TANJONG KATONG SECONDARY SCHOOL,SECONDARY (S1-S4),SP-CCA (CANOEING),PHYSICAL SPORTS,
TANJONG KATONG SECONDARY SCHOOL,SECONDARY (S1-S4),TRACK AND FIELD,PHYSICAL SPORTS,
TAO NAN SCHOOL,PRIMARY,ART AND CRAFTS,CLUBS AND SOCIETIES,
TAO NAN SCHOOL,PRIMARY,BADMINTON,PHYSICAL SPORTS,
TAO NAN SCHOOL,PRIMARY,BASKETBALL,PHYSICAL SPORTS,
TAO NAN SCHOOL,PRIMARY,BOYS' BRIGADE,UNIFORMED GROUPS,
TAO NAN SCHOOL,PRIMARY,CHINESE DANCE,VISUAL AND PERFORMING ARTS,
TAO NAN SCHOOL,PRIMARY,CHINESE ORCHESTRA,VISUAL AND PERFORMING ARTS,
TAO NAN SCHOOL,PRIMARY,CHOIR,VISUAL AND PERFORMING ARTS,
TAO NAN SCHOOL,PRIMARY,COMICS AND ILLUSTRATION,VISUAL AND PERFORMING ARTS,
TAO NAN SCHOOL,PRIMARY,GIRL GUIDES (BROWNIES),UNIFORMED GROUPS,
TAO NAN SCHOOL,PRIMARY,GIRLS' BRIGADE,UNIFORMED GROUPS,
TAO NAN SCHOOL,PRIMARY,GUZHENG ENSEMBLE,VISUAL AND PERFORMING ARTS,
TAO NAN SCHOOL,PRIMARY,INTERNATIONAL CHESS,CLUBS AND SOCIETIES,
TAO NAN SCHOOL,PRIMARY,NETBALL,PHYSICAL SPORTS,
TAO NAN SCHOOL,PRIMARY,OUTDOOR ADVENTURE,PHYSICAL SPORTS,
TAO NAN SCHOOL,PRIMARY,PHYSICAL SCIENCE,CLUBS AND SOCIETIES,
TAO NAN SCHOOL,PRIMARY,SAILING,PHYSICAL SPORTS,
TAO NAN SCHOOL,PRIMARY,SCOUTS,UNIFORMED GROUPS,
TAO NAN SCHOOL,PRIMARY,SINGAPORE NATIONAL YOUTH ORCHESTRA,VISUAL AND PERFORMING ARTS,
TAO NAN SCHOOL,PRIMARY,SPEECH AND DRAMA,CLUBS AND SOCIETIES,
TAO NAN SCHOOL,PRIMARY,TABLE TENNIS,PHYSICAL SPORTS,
TAO NAN SCHOOL,PRIMARY,TRACK AND FIELD,PHYSICAL SPORTS,
TAO NAN SCHOOL,PRIMARY,WUSHU,PHYSICAL SPORTS,
TECK GHEE PRIMARY SCHOOL,PRIMARY,ART AND CRAFTS,CLUBS AND SOCIETIES,
TECK GHEE PRIMARY SCHOOL,PRIMARY,BASKETBALL,PHYSICAL SPORTS,
TECK GHEE PRIMARY SCHOOL,PRIMARY,CHINESE DANCE,VISUAL AND PERFORMING ARTS,
TECK GHEE PRIMARY SCHOOL,PRIMARY,CHINESE INSTRUMENTAL ENSEMBLE,VISUAL AND PERFORMING ARTS,
TECK GHEE PRIMARY SCHOOL,PRIMARY,CHOIR,VISUAL AND PERFORMING ARTS,
TECK GHEE PRIMARY SCHOOL,PRIMARY,ENVIRONMENTAL SCIENCE,CLUBS AND SOCIETIES,
TECK GHEE PRIMARY SCHOOL,PRIMARY,GIRL GUIDES (BROWNIES),UNIFORMED GROUPS,
TECK GHEE PRIMARY SCHOOL,PRIMARY,GUZHENG ENSEMBLE,VISUAL AND PERFORMING ARTS,
TECK GHEE PRIMARY SCHOOL,PRIMARY,HEALTH AND FITNESS,PHYSICAL SPORTS,
TECK GHEE PRIMARY SCHOOL,PRIMARY,INFOCOMM TECHNOLOGY (MEDIA PRODUCTION),CLUBS AND SOCIETIES,
TECK GHEE PRIMARY SCHOOL,PRIMARY,INTERNATIONAL CHESS,CLUBS AND SOCIETIES,
TECK GHEE PRIMARY SCHOOL,PRIMARY,MODERN DANCE,VISUAL AND PERFORMING ARTS,
TECK GHEE PRIMARY SCHOOL,PRIMARY,NETBALL,PHYSICAL SPORTS,
TECK GHEE PRIMARY SCHOOL,PRIMARY,ROBOTICS,CLUBS AND SOCIETIES,
TECK GHEE PRIMARY SCHOOL,PRIMARY,SCOUTS,UNIFORMED GROUPS,
TECK GHEE PRIMARY SCHOOL,PRIMARY,VOLLEYBALL,PHYSICAL SPORTS,
TECK WHYE PRIMARY SCHOOL,PRIMARY,BADMINTON,PHYSICAL SPORTS,
TECK WHYE PRIMARY SCHOOL,PRIMARY,BASKETBALL,PHYSICAL SPORTS,
TECK WHYE PRIMARY SCHOOL,PRIMARY,CHOIR,VISUAL AND PERFORMING ARTS,
TECK WHYE PRIMARY SCHOOL,PRIMARY,ENVIRONMENTAL SCIENCE,CLUBS AND SOCIETIES,GREEN CLUB
TECK WHYE PRIMARY SCHOOL,PRIMARY,FOOTBALL,PHYSICAL SPORTS,
TECK WHYE PRIMARY SCHOOL,PRIMARY,INFOCOMM TECHNOLOGY (MEDIA PRODUCTION),CLUBS AND SOCIETIES,INFOCOMM MEDIA CLUB
TECK WHYE PRIMARY SCHOOL,PRIMARY,MODERN DANCE,VISUAL AND PERFORMING ARTS,
TECK WHYE PRIMARY SCHOOL,PRIMARY,MODULAR CCA (SPORTS),PHYSICAL SPORTS,MULTISPORTS
TECK WHYE PRIMARY SCHOOL,PRIMARY,SCOUTS,UNIFORMED GROUPS,
TECK WHYE PRIMARY SCHOOL,PRIMARY,SPEECH AND DRAMA,CLUBS AND SOCIETIES,
TECK WHYE PRIMARY SCHOOL,PRIMARY,STUDENT LEADERSHIP (PREFECT),OTHERS,STUDENT COUNCIL
TECK WHYE PRIMARY SCHOOL,PRIMARY,STUDENTS' COUNCIL,CLUBS AND SOCIETIES,
TECK WHYE PRIMARY SCHOOL,PRIMARY,TRACK AND FIELD,PHYSICAL SPORTS,
TELOK KURAU PRIMARY SCHOOL,PRIMARY,ART AND CRAFTS,CLUBS AND SOCIETIES,
TELOK KURAU PRIMARY SCHOOL,PRIMARY,BASKETBALL,PHYSICAL SPORTS,
TELOK KURAU PRIMARY SCHOOL,PRIMARY,BOWLING,PHYSICAL SPORTS,
TELOK KURAU PRIMARY SCHOOL,PRIMARY,CHINESE DANCE,VISUAL AND PERFORMING ARTS,
TELOK KURAU PRIMARY SCHOOL,PRIMARY,CHOIR,VISUAL AND PERFORMING ARTS,
TELOK KURAU PRIMARY SCHOOL,PRIMARY,DEBATING AND PUBLIC SPEAKING,CLUBS AND SOCIETIES,
TELOK KURAU PRIMARY SCHOOL,PRIMARY,ENVIRONMENTAL SCIENCE,CLUBS AND SOCIETIES,
TELOK KURAU PRIMARY SCHOOL,PRIMARY,FOOTBALL,PHYSICAL SPORTS,
TELOK KURAU PRIMARY SCHOOL,PRIMARY,GIRL GUIDES (BROWNIES),UNIFORMED GROUPS,
TELOK KURAU PRIMARY SCHOOL,PRIMARY,GUZHENG ENSEMBLE,VISUAL AND PERFORMING ARTS,
TELOK KURAU PRIMARY SCHOOL,PRIMARY,INDIAN DANCE,VISUAL AND PERFORMING ARTS,
TELOK KURAU PRIMARY SCHOOL,PRIMARY,LION AND DRAGON DANCE,CLUBS AND SOCIETIES,
TELOK KURAU PRIMARY SCHOOL,PRIMARY,MALAY DANCE,VISUAL AND PERFORMING ARTS,
TELOK KURAU PRIMARY SCHOOL,PRIMARY,RED CROSS YOUTH,UNIFORMED GROUPS,
TELOK KURAU PRIMARY SCHOOL,PRIMARY,ROBOTICS,CLUBS AND SOCIETIES,
TELOK KURAU PRIMARY SCHOOL,PRIMARY,SCOUTS,UNIFORMED GROUPS,
TELOK KURAU PRIMARY SCHOOL,PRIMARY,STRATEGY GAMES,CLUBS AND SOCIETIES,
TELOK KURAU PRIMARY SCHOOL,PRIMARY,WUSHU,PHYSICAL SPORTS,
TEMASEK JUNIOR COLLEGE,MIXED LEVEL (S1-JC2),BADMINTON,PHYSICAL SPORTS,
TEMASEK JUNIOR COLLEGE,MIXED LEVEL (S1-JC2),BASKETBALL,PHYSICAL SPORTS,
TEMASEK JUNIOR COLLEGE,MIXED LEVEL (S1-JC2),BOWLING,PHYSICAL SPORTS,
TEMASEK JUNIOR COLLEGE,MIXED LEVEL (S1-JC2),CHINESE DRAMA,VISUAL AND PERFORMING ARTS,
TEMASEK JUNIOR COLLEGE,MIXED LEVEL (S1-JC2),CHOIR,VISUAL AND PERFORMING ARTS,
TEMASEK JUNIOR COLLEGE,MIXED LEVEL (S1-JC2),COMMUNITY SERVICE,CLUBS AND SOCIETIES,LEO CLUB (COMMUNITY SERVICE)
TEMASEK JUNIOR COLLEGE,MIXED LEVEL (S1-JC2),COMMUNITY SERVICE (FIRST AID),CLUBS AND SOCIETIES,
TEMASEK JUNIOR COLLEGE,MIXED LEVEL (S1-JC2),CONCERT BAND,VISUAL AND PERFORMING ARTS,SYMPHONIC BAND
TEMASEK JUNIOR COLLEGE,MIXED LEVEL (S1-JC2),DEBATING AND PUBLIC SPEAKING,CLUBS AND SOCIETIES,DEBATE CLUB
TEMASEK JUNIOR COLLEGE,MIXED LEVEL (S1-JC2),ENGLISH DRAMA,VISUAL AND PERFORMING ARTS,
TEMASEK JUNIOR COLLEGE,MIXED LEVEL (S1-JC2),FLOORBALL,PHYSICAL SPORTS,
TEMASEK JUNIOR COLLEGE,MIXED LEVEL (S1-JC2),FOOTBALL,PHYSICAL SPORTS,
TEMASEK JUNIOR COLLEGE,MIXED LEVEL (S1-JC2),GUITAR ENSEMBLE,VISUAL AND PERFORMING ARTS,
TEMASEK JUNIOR COLLEGE,MIXED LEVEL (S1-JC2),INDIAN CULTURE AND LANGUAGE,CLUBS AND SOCIETIES,INDIAN CULTURAL SOCIETY
TEMASEK JUNIOR COLLEGE,MIXED LEVEL (S1-JC2),INFOCOMM TECHNOLOGY (MEDIA PRODUCTION),CLUBS AND SOCIETIES,INFOCOMM CLUB
TEMASEK JUNIOR COLLEGE,MIXED LEVEL (S1-JC2),MALAY CULTURE AND LANGUAGE,CLUBS AND SOCIETIES,MALAY CULTURAL SOCIETY
TEMASEK JUNIOR COLLEGE,MIXED LEVEL (S1-JC2),MODERN DANCE,VISUAL AND PERFORMING ARTS,
TEMASEK JUNIOR COLLEGE,MIXED LEVEL (S1-JC2),NATIONAL POLICE CADET CORPS,UNIFORMED GROUPS,
TEMASEK JUNIOR COLLEGE,MIXED LEVEL (S1-JC2),NETBALL,PHYSICAL SPORTS,
TEMASEK JUNIOR COLLEGE,MIXED LEVEL (S1-JC2),OUTDOOR ADVENTURE,PHYSICAL SPORTS,OUTDOOR ADVENTURE CLUB
TEMASEK JUNIOR COLLEGE,MIXED LEVEL (S1-JC2),OUTDOOR ADVENTURE,PHYSICAL SPORTS,OUTDOOR ADVENTURE CLUB (JC ONLY)
TEMASEK JUNIOR COLLEGE,MIXED LEVEL (S1-JC2),SHOOTING,PHYSICAL SPORTS,
TEMASEK JUNIOR COLLEGE,MIXED LEVEL (S1-JC2),SINGAPORE NATIONAL YOUTH CHINESE ORCHESTRA,VISUAL AND PERFORMING ARTS,
TEMASEK JUNIOR COLLEGE,MIXED LEVEL (S1-JC2),SINGAPORE NATIONAL YOUTH ORCHESTRA,VISUAL AND PERFORMING ARTS,
TEMASEK JUNIOR COLLEGE,MIXED LEVEL (S1-JC2),SINGAPORE YOUTH FLYING CLUB,CLUBS AND SOCIETIES,
TEMASEK JUNIOR COLLEGE,MIXED LEVEL (S1-JC2),STRING ENSEMBLE,VISUAL AND PERFORMING ARTS,
TEMASEK JUNIOR COLLEGE,MIXED LEVEL (S1-JC2),STUDENT LEADERSHIP (COUNCIL),OTHERS,
TEMASEK JUNIOR COLLEGE,MIXED LEVEL (S1-JC2),SWIMMING,PHYSICAL SPORTS,
TEMASEK JUNIOR COLLEGE,MIXED LEVEL (S1-JC2),TABLE TENNIS,PHYSICAL SPORTS,
TEMASEK JUNIOR COLLEGE,MIXED LEVEL (S1-JC2),TAEKWONDO,PHYSICAL SPORTS,
TEMASEK JUNIOR COLLEGE,MIXED LEVEL (S1-JC2),TENNIS,PHYSICAL SPORTS,
TEMASEK JUNIOR COLLEGE,MIXED LEVEL (S1-JC2),VOLLEYBALL,PHYSICAL SPORTS,
TEMASEK PRIMARY SCHOOL,PRIMARY,ART AND CRAFTS,CLUBS AND SOCIETIES,
TEMASEK PRIMARY SCHOOL,PRIMARY,BADMINTON,PHYSICAL SPORTS,
TEMASEK PRIMARY SCHOOL,PRIMARY,CHOIR,VISUAL AND PERFORMING ARTS,
TEMASEK PRIMARY SCHOOL,PRIMARY,ENGLISH CULTURE AND LANGUAGE,CLUBS AND SOCIETIES,DRAMA & DEBATE SOCIETY
TEMASEK PRIMARY SCHOOL,PRIMARY,FOOTBALL,PHYSICAL SPORTS,
TEMASEK PRIMARY SCHOOL,PRIMARY,GIRL GUIDES (BROWNIES),UNIFORMED GROUPS,
TEMASEK PRIMARY SCHOOL,PRIMARY,GUITAR ENSEMBLE,VISUAL AND PERFORMING ARTS,
TEMASEK PRIMARY SCHOOL,PRIMARY,INFOCOMM TECHNOLOGY (MEDIA PRODUCTION),CLUBS AND SOCIETIES,CONTENT CREATORS CLUB
TEMASEK PRIMARY SCHOOL,PRIMARY,MODERN DANCE,VISUAL AND PERFORMING ARTS,INTERNATIONAL DANCE
TEMASEK PRIMARY SCHOOL,PRIMARY,NETBALL,PHYSICAL SPORTS,
TEMASEK PRIMARY SCHOOL,PRIMARY,PHYSICAL SCIENCE,CLUBS AND SOCIETIES,CLUB EUREKA
TEMASEK PRIMARY SCHOOL,PRIMARY,ROBOTICS,CLUBS AND SOCIETIES,
TEMASEK PRIMARY SCHOOL,PRIMARY,SCOUTS,UNIFORMED GROUPS,
TEMASEK PRIMARY SCHOOL,PRIMARY,TAEKWONDO,PHYSICAL SPORTS,
TEMASEK PRIMARY SCHOOL,PRIMARY,TRACK AND FIELD,PHYSICAL SPORTS,
TEMASEK SECONDARY SCHOOL,SECONDARY (S1-S5),BASKETBALL,PHYSICAL SPORTS,
TEMASEK SECONDARY SCHOOL,SECONDARY (S1-S5),BOWLING,PHYSICAL SPORTS,
TEMASEK SECONDARY SCHOOL,SECONDARY (S1-S5),CANOEING,PHYSICAL SPORTS,
TEMASEK SECONDARY SCHOOL,SECONDARY (S1-S5),CHOIR,VISUAL AND PERFORMING ARTS,
TEMASEK SECONDARY SCHOOL,SECONDARY (S1-S5),CONCERT BAND,VISUAL AND PERFORMING ARTS,
TEMASEK SECONDARY SCHOOL,SECONDARY (S1-S5),ENGLISH DRAMA,VISUAL AND PERFORMING ARTS,
TEMASEK SECONDARY SCHOOL,SECONDARY (S1-S5),ENVIRONMENTAL SCIENCE,CLUBS AND SOCIETIES,
TEMASEK SECONDARY SCHOOL,SECONDARY (S1-S5),HANDBALL,PHYSICAL SPORTS,
TEMASEK SECONDARY SCHOOL,SECONDARY (S1-S5),INFOCOMM TECHNOLOGY (MEDIA PRODUCTION),CLUBS AND SOCIETIES,
TEMASEK SECONDARY SCHOOL,SECONDARY (S1-S5),MODERN DANCE,VISUAL AND PERFORMING ARTS,
TEMASEK SECONDARY SCHOOL,SECONDARY (S1-S5),NATIONAL CADET CORPS (LAND),UNIFORMED GROUPS,
TEMASEK SECONDARY SCHOOL,SECONDARY (S1-S5),NATIONAL CIVIL DEFENCE CADET CORPS,UNIFORMED GROUPS,
TEMASEK SECONDARY SCHOOL,SECONDARY (S1-S5),NATIONAL POLICE CADET CORPS,UNIFORMED GROUPS,
TEMASEK SECONDARY SCHOOL,SECONDARY (S1-S5),NETBALL,PHYSICAL SPORTS,
TEMASEK SECONDARY SCHOOL,SECONDARY (S1-S5),POP AND JAZZ,VISUAL AND PERFORMING ARTS,
TEMASEK SECONDARY SCHOOL,SECONDARY (S1-S5),ROBOTICS,CLUBS AND SOCIETIES,
TEMASEK SECONDARY SCHOOL,SECONDARY (S1-S5),SHOOTING,PHYSICAL SPORTS,
TEMASEK SECONDARY SCHOOL,SECONDARY (S1-S5),SOFTBALL,PHYSICAL SPORTS,
TEMASEK SECONDARY SCHOOL,SECONDARY (S1-S5),TRACK AND FIELD,PHYSICAL SPORTS,
TEMASEK SECONDARY SCHOOL,SECONDARY (S1-S5),WUSHU,PHYSICAL SPORTS,
TOWNSVILLE PRIMARY SCHOOL,PRIMARY,ANGKLUNG/KULINTANG ENSEMBLE,VISUAL AND PERFORMING ARTS,
TOWNSVILLE PRIMARY SCHOOL,PRIMARY,ART AND CRAFTS,CLUBS AND SOCIETIES,
TOWNSVILLE PRIMARY SCHOOL,PRIMARY,BADMINTON,PHYSICAL SPORTS,
TOWNSVILLE PRIMARY SCHOOL,PRIMARY,BASKETBALL,PHYSICAL SPORTS,
TOWNSVILLE PRIMARY SCHOOL,PRIMARY,BOYS' BRIGADE,UNIFORMED GROUPS,
TOWNSVILLE PRIMARY SCHOOL,PRIMARY,FOOTBALL,PHYSICAL SPORTS,
TOWNSVILLE PRIMARY SCHOOL,PRIMARY,GIRLS' BRIGADE,UNIFORMED GROUPS,
TOWNSVILLE PRIMARY SCHOOL,PRIMARY,HANDBELL ENSEMBLE,VISUAL AND PERFORMING ARTS,
TOWNSVILLE PRIMARY SCHOOL,PRIMARY,INFOCOMM TECHNOLOGY (MEDIA PRODUCTION),CLUBS AND SOCIETIES,
TOWNSVILLE PRIMARY SCHOOL,PRIMARY,MODERN DANCE,VISUAL AND PERFORMING ARTS,INTERNATIONAL DANCE
TOWNSVILLE PRIMARY SCHOOL,PRIMARY,ROBOTICS,CLUBS AND SOCIETIES,
TOWNSVILLE PRIMARY SCHOOL,PRIMARY,TAEKWONDO,PHYSICAL SPORTS,
UNITY PRIMARY SCHOOL,PRIMARY,ANGKLUNG/KULINTANG ENSEMBLE,VISUAL AND PERFORMING ARTS,
UNITY PRIMARY SCHOOL,PRIMARY,ART AND CRAFTS,CLUBS AND SOCIETIES,
UNITY PRIMARY SCHOOL,PRIMARY,BADMINTON,PHYSICAL SPORTS,
UNITY PRIMARY SCHOOL,PRIMARY,BASKETBALL,PHYSICAL SPORTS,
UNITY PRIMARY SCHOOL,PRIMARY,CHINESE DANCE,VISUAL AND PERFORMING ARTS,
UNITY PRIMARY SCHOOL,PRIMARY,CHOIR,VISUAL AND PERFORMING ARTS,
UNITY PRIMARY SCHOOL,PRIMARY,"ENGLISH LANGUAGE, DRAMA AND DEBATING",CLUBS AND SOCIETIES,
UNITY PRIMARY SCHOOL,PRIMARY,ENVIRONMENTAL SCIENCE,CLUBS AND SOCIETIES,
UNITY PRIMARY SCHOOL,PRIMARY,FLOORBALL,PHYSICAL SPORTS,
UNITY PRIMARY SCHOOL,PRIMARY,FOOTBALL,PHYSICAL SPORTS,
UNITY PRIMARY SCHOOL,PRIMARY,INFOCOMM TECHNOLOGY (MEDIA PRODUCTION),CLUBS AND SOCIETIES,
UNITY PRIMARY SCHOOL,PRIMARY,MALAY DANCE,VISUAL AND PERFORMING ARTS,
UNITY PRIMARY SCHOOL,PRIMARY,MATHEMATICS,CLUBS AND SOCIETIES,
UNITY PRIMARY SCHOOL,PRIMARY,MODERN DANCE,VISUAL AND PERFORMING ARTS,
UNITY PRIMARY SCHOOL,PRIMARY,NETBALL,PHYSICAL SPORTS,
UNITY PRIMARY SCHOOL,PRIMARY,SCOUTS,UNIFORMED GROUPS,
UNITY SECONDARY SCHOOL,SECONDARY (S1-S5),ART AND CRAFTS,CLUBS AND SOCIETIES,
UNITY SECONDARY SCHOOL,SECONDARY (S1-S5),AUDIO VISUAL AID,CLUBS AND SOCIETIES,
UNITY SECONDARY SCHOOL,SECONDARY (S1-S5),BASKETBALL,PHYSICAL SPORTS,
UNITY SECONDARY SCHOOL,SECONDARY (S1-S5),BOYS' BRIGADE,UNIFORMED GROUPS,
UNITY SECONDARY SCHOOL,SECONDARY (S1-S5),CHOIR,VISUAL AND PERFORMING ARTS,
UNITY SECONDARY SCHOOL,SECONDARY (S1-S5),CONCERT BAND,VISUAL AND PERFORMING ARTS,
UNITY SECONDARY SCHOOL,SECONDARY (S1-S5),ENVIRONMENTAL SCIENCE,CLUBS AND SOCIETIES,
UNITY SECONDARY SCHOOL,SECONDARY (S1-S5),FOOTBALL,PHYSICAL SPORTS,
UNITY SECONDARY SCHOOL,SECONDARY (S1-S5),GIRLS' BRIGADE,UNIFORMED GROUPS,
UNITY SECONDARY SCHOOL,SECONDARY (S1-S5),INDIAN ORCHESTRA,VISUAL AND PERFORMING ARTS,
UNITY SECONDARY SCHOOL,SECONDARY (S1-S5),INFOCOMM TECHNOLOGY (MEDIA PRODUCTION),CLUBS AND SOCIETIES,
UNITY SECONDARY SCHOOL,SECONDARY (S1-S5),MEDIA RESOURCE LIBRARY,CLUBS AND SOCIETIES,
UNITY SECONDARY SCHOOL,SECONDARY (S1-S5),MODERN DANCE,VISUAL AND PERFORMING ARTS,
UNITY SECONDARY SCHOOL,SECONDARY (S1-S5),NATIONAL CADET CORPS (AIR),UNIFORMED GROUPS,
UNITY SECONDARY SCHOOL,SECONDARY (S1-S5),NATIONAL POLICE CADET CORPS,UNIFORMED GROUPS,
UNITY SECONDARY SCHOOL,SECONDARY (S1-S5),SCOUTS,UNIFORMED GROUPS,
UNITY SECONDARY SCHOOL,SECONDARY (S1-S5),SINGAPORE NATIONAL YOUTH ORCHESTRA,VISUAL AND PERFORMING ARTS,
UNITY SECONDARY SCHOOL,SECONDARY (S1-S5),SPEECH AND DRAMA,CLUBS AND SOCIETIES,
UNITY SECONDARY SCHOOL,SECONDARY (S1-S5),SWIMMING,PHYSICAL SPORTS,
UNITY SECONDARY SCHOOL,SECONDARY (S1-S5),TABLE TENNIS,PHYSICAL SPORTS,
UNITY SECONDARY SCHOOL,SECONDARY (S1-S5),TRACK AND FIELD,PHYSICAL SPORTS,
UNITY SECONDARY SCHOOL,SECONDARY (S1-S5),VOLLEYBALL,PHYSICAL SPORTS,
UNITY SECONDARY SCHOOL,SECONDARY (S1-S5),WATER POLO,PHYSICAL SPORTS,
VALOUR PRIMARY SCHOOL,PRIMARY,ART AND CRAFTS,CLUBS AND SOCIETIES,VISUAL & MEDIA ART CLUB
VALOUR PRIMARY SCHOOL,PRIMARY,BOYS' BRIGADE,UNIFORMED GROUPS,
VALOUR PRIMARY SCHOOL,PRIMARY,CHOIR,VISUAL AND PERFORMING ARTS,
VALOUR PRIMARY SCHOOL,PRIMARY,FLOORBALL,PHYSICAL SPORTS,
VALOUR PRIMARY SCHOOL,PRIMARY,GIRLS' BRIGADE,UNIFORMED GROUPS,
VALOUR PRIMARY SCHOOL,PRIMARY,GUITAR ENSEMBLE,VISUAL AND PERFORMING ARTS,
VALOUR PRIMARY SCHOOL,PRIMARY,INFOCOMM TECHNOLOGY (COMPUTING),CLUBS AND SOCIETIES,INFOCOMM CLUB
VALOUR PRIMARY SCHOOL,PRIMARY,LION AND DRAGON DANCE,CLUBS AND SOCIETIES,LION DANCE
VALOUR PRIMARY SCHOOL,PRIMARY,MODERN DANCE,VISUAL AND PERFORMING ARTS,INTERNATIONAL DANCE
VALOUR PRIMARY SCHOOL,PRIMARY,NETBALL,PHYSICAL SPORTS,
VALOUR PRIMARY SCHOOL,PRIMARY,OUTDOOR ADVENTURE,PHYSICAL SPORTS,OUTDOOR CLUB
VALOUR PRIMARY SCHOOL,PRIMARY,PERCUSSION ENSEMBLE,VISUAL AND PERFORMING ARTS,FESTIVAL DRUMS
VALOUR PRIMARY SCHOOL,PRIMARY,RED CROSS YOUTH,UNIFORMED GROUPS,RED CROSS
VALOUR PRIMARY SCHOOL,PRIMARY,RUGBY,PHYSICAL SPORTS,
VALOUR PRIMARY SCHOOL,PRIMARY,VOLLEYBALL,PHYSICAL SPORTS,
VICTORIA JUNIOR COLLEGE,JUNIOR COLLEGE,ART AND CRAFTS,CLUBS AND SOCIETIES,ART CLUB
VICTORIA JUNIOR COLLEGE,JUNIOR COLLEGE,AUDIO VISUAL AID,CLUBS AND SOCIETIES,PA CREW
VICTORIA JUNIOR COLLEGE,JUNIOR COLLEGE,BADMINTON,PHYSICAL SPORTS,BADMINTON
VICTORIA JUNIOR COLLEGE,JUNIOR COLLEGE,BASKETBALL,PHYSICAL SPORTS,BASKETBALL
VICTORIA JUNIOR COLLEGE,JUNIOR COLLEGE,BIOLOGICAL SCIENCE,CLUBS AND SOCIETIES,MEDICAL SOCIETY
VICTORIA JUNIOR COLLEGE,JUNIOR COLLEGE,BOYS' BRIGADE,UNIFORMED GROUPS,BOYS' BRIGADE
VICTORIA JUNIOR COLLEGE,JUNIOR COLLEGE,"CHINESE LANGUAGE, DRAMA AND DEBATING",CLUBS AND SOCIETIES,CHINESE SOCIETY
VICTORIA JUNIOR COLLEGE,JUNIOR COLLEGE,CHINESE ORCHESTRA,VISUAL AND PERFORMING ARTS,CHINESE ORCHESTRA
VICTORIA JUNIOR COLLEGE,JUNIOR COLLEGE,CHOIR,VISUAL AND PERFORMING ARTS,CHOIR
VICTORIA JUNIOR COLLEGE,JUNIOR COLLEGE,COMMUNITY SERVICE (ROTARY-SPONSORED),CLUBS AND SOCIETIES,INTERACT CLUB
VICTORIA JUNIOR COLLEGE,JUNIOR COLLEGE,CONCERT BAND,VISUAL AND PERFORMING ARTS,SYMPHONIC BAND
VICTORIA JUNIOR COLLEGE,JUNIOR COLLEGE,CRICKET,PHYSICAL SPORTS,CRICKET
VICTORIA JUNIOR COLLEGE,JUNIOR COLLEGE,CROSS COUNTRY,PHYSICAL SPORTS,CROSS COUNTRY
VICTORIA JUNIOR COLLEGE,JUNIOR COLLEGE,DEBATING AND PUBLIC SPEAKING,CLUBS AND SOCIETIES,DEBATES
VICTORIA JUNIOR COLLEGE,JUNIOR COLLEGE,ENGLISH DRAMA,VISUAL AND PERFORMING ARTS,DRAMA
VICTORIA JUNIOR COLLEGE,JUNIOR COLLEGE,ENTREPRENEURSHIP,CLUBS AND SOCIETIES,VECONOMIST
VICTORIA JUNIOR COLLEGE,JUNIOR COLLEGE,ENVIRONMENTAL SCIENCE,CLUBS AND SOCIETIES,EARTH WATCH
VICTORIA JUNIOR COLLEGE,JUNIOR COLLEGE,FENCING,PHYSICAL SPORTS,
VICTORIA JUNIOR COLLEGE,JUNIOR COLLEGE,FLOORBALL,PHYSICAL SPORTS,FLOORBALL
VICTORIA JUNIOR COLLEGE,JUNIOR COLLEGE,FOOTBALL,PHYSICAL SPORTS,FOOTBALL
VICTORIA JUNIOR COLLEGE,JUNIOR COLLEGE,GIRL GUIDES,UNIFORMED GROUPS,GIRL GUIDES
VICTORIA JUNIOR COLLEGE,JUNIOR COLLEGE,GIRLS' BRIGADE,UNIFORMED GROUPS,GIRLS' BRIGADE
VICTORIA JUNIOR COLLEGE,JUNIOR COLLEGE,GUITAR ENSEMBLE,VISUAL AND PERFORMING ARTS,GUITAR ENSEMBLE
VICTORIA JUNIOR COLLEGE,JUNIOR COLLEGE,HOCKEY,PHYSICAL SPORTS,HOCKEY
VICTORIA JUNIOR COLLEGE,JUNIOR COLLEGE,"INDIAN LANGUAGE, DRAMA AND DEBATING",CLUBS AND SOCIETIES,INDIAN CULTURAL SOCIETY
VICTORIA JUNIOR COLLEGE,JUNIOR COLLEGE,INFOCOMM TECHNOLOGY (COMPUTING),CLUBS AND SOCIETIES,DATA
VICTORIA JUNIOR COLLEGE,JUNIOR COLLEGE,INFOCOMM TECHNOLOGY (MEDIA PRODUCTION),CLUBS AND SOCIETIES,STUDIOV
VICTORIA JUNIOR COLLEGE,JUNIOR COLLEGE,INTERNATIONAL AND GLOBAL STUDIES,CLUBS AND SOCIETIES,IGLOBE
VICTORIA JUNIOR COLLEGE,JUNIOR COLLEGE,MALAY CULTURE AND LANGUAGE,CLUBS AND SOCIETIES,MALAY CULTURAL SOCIETY
VICTORIA JUNIOR COLLEGE,JUNIOR COLLEGE,MODERN DANCE,VISUAL AND PERFORMING ARTS,DANCE CLUB
VICTORIA JUNIOR COLLEGE,JUNIOR COLLEGE,NATIONAL CADET CORPS (AIR),UNIFORMED GROUPS,NCC (AIR)
VICTORIA JUNIOR COLLEGE,JUNIOR COLLEGE,NATIONAL CADET CORPS (LAND),UNIFORMED GROUPS,NCC (LAND)
VICTORIA JUNIOR COLLEGE,JUNIOR COLLEGE,NATIONAL CADET CORPS (SEA),UNIFORMED GROUPS,NCC (SEA)
VICTORIA JUNIOR COLLEGE,JUNIOR COLLEGE,NATIONAL POLICE CADET CORPS,UNIFORMED GROUPS,NPCC
VICTORIA JUNIOR COLLEGE,JUNIOR COLLEGE,NETBALL,PHYSICAL SPORTS,NETBALL
VICTORIA JUNIOR COLLEGE,JUNIOR COLLEGE,OUTDOOR ADVENTURE,PHYSICAL SPORTS,OUTDOOR ACTIVITIES CLUB
VICTORIA JUNIOR COLLEGE,JUNIOR COLLEGE,PHOTOGRAPHY,CLUBS AND SOCIETIES,PHOTOGRAPHY SOCIETY
VICTORIA JUNIOR COLLEGE,JUNIOR COLLEGE,PHYSICAL SCIENCE,CLUBS AND SOCIETIES,SCIENCE SOCIETY
VICTORIA JUNIOR COLLEGE,JUNIOR COLLEGE,READING AND WRITING,CLUBS AND SOCIETIES,WRITERS' CIRCLE
VICTORIA JUNIOR COLLEGE,JUNIOR COLLEGE,RED CROSS YOUTH,UNIFORMED GROUPS,SINGAPORE RED CROSS SOCIETY
VICTORIA JUNIOR COLLEGE,JUNIOR COLLEGE,ROBOTICS,CLUBS AND SOCIETIES,ROBOTICS-MAKERS CLUB
VICTORIA JUNIOR COLLEGE,JUNIOR COLLEGE,ROCKWALL CLIMBING,PHYSICAL SPORTS,ROCKCLIMBING
VICTORIA JUNIOR COLLEGE,JUNIOR COLLEGE,SCOUTS,UNIFORMED GROUPS,VENTURE SCOUTS
VICTORIA JUNIOR COLLEGE,JUNIOR COLLEGE,SINGAPORE NATIONAL YOUTH CHINESE ORCHESTRA,VISUAL AND PERFORMING ARTS,SINGAPORE NATIONAL YOUTH CHINESE ORCHESTRA
VICTORIA JUNIOR COLLEGE,JUNIOR COLLEGE,SINGAPORE NATIONAL YOUTH ORCHESTRA,VISUAL AND PERFORMING ARTS,SINGAPORE NATIONAL YOUTH ORCHESTRA
VICTORIA JUNIOR COLLEGE,JUNIOR COLLEGE,SINGAPORE YOUTH FLYING CLUB,CLUBS AND SOCIETIES,SINGAPORE YOUTH FLYING CLUB
VICTORIA JUNIOR COLLEGE,JUNIOR COLLEGE,SPACE SCIENCE,CLUBS AND SOCIETIES,ASTRONOMY CLUB
VICTORIA JUNIOR COLLEGE,JUNIOR COLLEGE,ST JOHN BRIGADE,UNIFORMED GROUPS,ST JOHN BRIGADE
VICTORIA JUNIOR COLLEGE,JUNIOR COLLEGE,STRATEGY GAMES,CLUBS AND SOCIETIES,STRATEGIC GAMES CLUB
VICTORIA JUNIOR COLLEGE,JUNIOR COLLEGE,STRING ENSEMBLE,VISUAL AND PERFORMING ARTS,STRING ENSEMBLE
VICTORIA JUNIOR COLLEGE,JUNIOR COLLEGE,STUDENT INITIATED ACTIVITIES (CLUBS & SOCIETIES),OTHERS,STUDENT INITIATED GROUPS
VICTORIA JUNIOR COLLEGE,JUNIOR COLLEGE,STUDENT LEADERSHIP (COUNCIL),OTHERS,STUDENTS' COUNCIL
VICTORIA JUNIOR COLLEGE,JUNIOR COLLEGE,SWIMMING,PHYSICAL SPORTS,SWIMMING
VICTORIA JUNIOR COLLEGE,JUNIOR COLLEGE,TABLE TENNIS,PHYSICAL SPORTS,TABLE TENNIS
VICTORIA JUNIOR COLLEGE,JUNIOR COLLEGE,TAEKWONDO,PHYSICAL SPORTS,TAEKWONDO
VICTORIA JUNIOR COLLEGE,JUNIOR COLLEGE,TENNIS,PHYSICAL SPORTS,TENNIS
VICTORIA JUNIOR COLLEGE,JUNIOR COLLEGE,TRACK AND FIELD,PHYSICAL SPORTS,TRACK & FIELD
VICTORIA JUNIOR COLLEGE,JUNIOR COLLEGE,VOLLEYBALL,PHYSICAL SPORTS,VOLLEYBALL
VICTORIA JUNIOR COLLEGE,JUNIOR COLLEGE,WUSHU,PHYSICAL SPORTS,WUSHU
VICTORIA SCHOOL,SECONDARY (S1-S4),AUDIO VISUAL AID,CLUBS AND SOCIETIES,
VICTORIA SCHOOL,SECONDARY (S1-S4),BADMINTON,PHYSICAL SPORTS,
VICTORIA SCHOOL,SECONDARY (S1-S4),BOYS' BRIGADE,UNIFORMED GROUPS,
VICTORIA SCHOOL,SECONDARY (S1-S4),CHINESE ORCHESTRA,VISUAL AND PERFORMING ARTS,
VICTORIA SCHOOL,SECONDARY (S1-S4),CHOIR,VISUAL AND PERFORMING ARTS,
VICTORIA SCHOOL,SECONDARY (S1-S4),CONCERT BAND,VISUAL AND PERFORMING ARTS,
VICTORIA SCHOOL,SECONDARY (S1-S4),CRICKET,PHYSICAL SPORTS,
VICTORIA SCHOOL,SECONDARY (S1-S4),CROSS COUNTRY,PHYSICAL SPORTS,
VICTORIA SCHOOL,SECONDARY (S1-S4),DEBATING AND PUBLIC SPEAKING,CLUBS AND SOCIETIES,
VICTORIA SCHOOL,SECONDARY (S1-S4),ENGLISH DRAMA,VISUAL AND PERFORMING ARTS,
VICTORIA SCHOOL,SECONDARY (S1-S4),FLOORBALL,PHYSICAL SPORTS,
VICTORIA SCHOOL,SECONDARY (S1-S4),FOOTBALL,PHYSICAL SPORTS,
VICTORIA SCHOOL,SECONDARY (S1-S4),HOCKEY,PHYSICAL SPORTS,
VICTORIA SCHOOL,SECONDARY (S1-S4),INFOCOMM TECHNOLOGY (COMPUTING),CLUBS AND SOCIETIES,
VICTORIA SCHOOL,SECONDARY (S1-S4),INTERNATIONAL CHESS,CLUBS AND SOCIETIES,
VICTORIA SCHOOL,SECONDARY (S1-S4),NATIONAL CADET CORPS (LAND),UNIFORMED GROUPS,
VICTORIA SCHOOL,SECONDARY (S1-S4),NATIONAL CADET CORPS (SEA),UNIFORMED GROUPS,
VICTORIA SCHOOL,SECONDARY (S1-S4),NATIONAL POLICE CADET CORPS,UNIFORMED GROUPS,
VICTORIA SCHOOL,SECONDARY (S1-S4),PHOTOGRAPHY,CLUBS AND SOCIETIES,
VICTORIA SCHOOL,SECONDARY (S1-S4),RED CROSS YOUTH,UNIFORMED GROUPS,
VICTORIA SCHOOL,SECONDARY (S1-S4),SAILING,PHYSICAL SPORTS,
VICTORIA SCHOOL,SECONDARY (S1-S4),SCOUTS,UNIFORMED GROUPS,
VICTORIA SCHOOL,SECONDARY (S1-S4),SHOOTING,PHYSICAL SPORTS,
VICTORIA SCHOOL,SECONDARY (S1-S4),SINGAPORE NATIONAL YOUTH CHINESE ORCHESTRA,VISUAL AND PERFORMING ARTS,
VICTORIA SCHOOL,SECONDARY (S1-S4),SINGAPORE NATIONAL YOUTH ORCHESTRA,VISUAL AND PERFORMING ARTS,
VICTORIA SCHOOL,SECONDARY (S1-S4),SINGAPORE YOUTH FLYING CLUB,CLUBS AND SOCIETIES,
VICTORIA SCHOOL,SECONDARY (S1-S4),SP-CCA (CANOEING),PHYSICAL SPORTS,
VICTORIA SCHOOL,SECONDARY (S1-S4),SP-CCA (WATER POLO),PHYSICAL SPORTS,
VICTORIA SCHOOL,SECONDARY (S1-S4),TABLE TENNIS,PHYSICAL SPORTS,
VICTORIA SCHOOL,SECONDARY (S1-S4),TENNIS,PHYSICAL SPORTS,
VICTORIA SCHOOL,SECONDARY (S1-S4),TRACK AND FIELD,PHYSICAL SPORTS,
VICTORIA SCHOOL,SECONDARY (S1-S4),VOLLEYBALL,PHYSICAL SPORTS,
VICTORIA SCHOOL,SECONDARY (S1-S4),WUSHU,PHYSICAL SPORTS,
WATERWAY PRIMARY SCHOOL,PRIMARY,ART AND CRAFTS,CLUBS AND SOCIETIES,
WATERWAY PRIMARY SCHOOL,PRIMARY,BADMINTON,PHYSICAL SPORTS,
WATERWAY PRIMARY SCHOOL,PRIMARY,BASKETBALL,PHYSICAL SPORTS,
WATERWAY PRIMARY SCHOOL,PRIMARY,BRASS BAND,VISUAL AND PERFORMING ARTS,
WATERWAY PRIMARY SCHOOL,PRIMARY,CHOIR,VISUAL AND PERFORMING ARTS,
WATERWAY PRIMARY SCHOOL,PRIMARY,DEBATING AND PUBLIC SPEAKING,CLUBS AND SOCIETIES,
WATERWAY PRIMARY SCHOOL,PRIMARY,ENVIRONMENTAL SCIENCE,CLUBS AND SOCIETIES,
WATERWAY PRIMARY SCHOOL,PRIMARY,FOOTBALL,PHYSICAL SPORTS,
WATERWAY PRIMARY SCHOOL,PRIMARY,INFOCOMM TECHNOLOGY (MEDIA PRODUCTION),CLUBS AND SOCIETIES,
WATERWAY PRIMARY SCHOOL,PRIMARY,INTERNATIONAL CHESS,CLUBS AND SOCIETIES,
WATERWAY PRIMARY SCHOOL,PRIMARY,MODERN DANCE,VISUAL AND PERFORMING ARTS,
WATERWAY PRIMARY SCHOOL,PRIMARY,NETBALL,PHYSICAL SPORTS,
WATERWAY PRIMARY SCHOOL,PRIMARY,ROBOTICS,CLUBS AND SOCIETIES,
WATERWAY PRIMARY SCHOOL,PRIMARY,SCOUTS,UNIFORMED GROUPS,
WATERWAY PRIMARY SCHOOL,PRIMARY,TABLE TENNIS,PHYSICAL SPORTS,
WATERWAY PRIMARY SCHOOL,PRIMARY,TAEKWONDO,PHYSICAL SPORTS,
WELLINGTON PRIMARY SCHOOL,PRIMARY,ART AND CRAFTS,CLUBS AND SOCIETIES,
WELLINGTON PRIMARY SCHOOL,PRIMARY,BADMINTON,PHYSICAL SPORTS,
WELLINGTON PRIMARY SCHOOL,PRIMARY,CHINESE CULTURE AND LANGUAGE,CLUBS AND SOCIETIES,
WELLINGTON PRIMARY SCHOOL,PRIMARY,CHINESE DANCE,VISUAL AND PERFORMING ARTS,
WELLINGTON PRIMARY SCHOOL,PRIMARY,CHOIR,VISUAL AND PERFORMING ARTS,
WELLINGTON PRIMARY SCHOOL,PRIMARY,"ENGLISH LANGUAGE, DRAMA AND DEBATING",CLUBS AND SOCIETIES,
WELLINGTON PRIMARY SCHOOL,PRIMARY,ENVIRONMENTAL SCIENCE,CLUBS AND SOCIETIES,
WELLINGTON PRIMARY SCHOOL,PRIMARY,FOOTBALL,PHYSICAL SPORTS,
WELLINGTON PRIMARY SCHOOL,PRIMARY,GUZHENG ENSEMBLE,VISUAL AND PERFORMING ARTS,
WELLINGTON PRIMARY SCHOOL,PRIMARY,INDIAN DANCE,VISUAL AND PERFORMING ARTS,
WELLINGTON PRIMARY SCHOOL,PRIMARY,INFOCOMM TECHNOLOGY (MEDIA PRODUCTION),CLUBS AND SOCIETIES,
WELLINGTON PRIMARY SCHOOL,PRIMARY,MALAY DANCE,VISUAL AND PERFORMING ARTS,
WELLINGTON PRIMARY SCHOOL,PRIMARY,MODERN DANCE,VISUAL AND PERFORMING ARTS,
WELLINGTON PRIMARY SCHOOL,PRIMARY,SCOUTS,UNIFORMED GROUPS,
WELLINGTON PRIMARY SCHOOL,PRIMARY,TABLE TENNIS,PHYSICAL SPORTS,
WELLINGTON PRIMARY SCHOOL,PRIMARY,VOLLEYBALL,PHYSICAL SPORTS,
WELLINGTON PRIMARY SCHOOL,PRIMARY,WUSHU,PHYSICAL SPORTS,
WEST GROVE PRIMARY SCHOOL,PRIMARY,ART AND CRAFTS,CLUBS AND SOCIETIES,ART CLUB
WEST GROVE PRIMARY SCHOOL,PRIMARY,BADMINTON,PHYSICAL SPORTS,
WEST GROVE PRIMARY SCHOOL,PRIMARY,BOYS' BRIGADE,UNIFORMED GROUPS,BOYS BRIGADE
WEST GROVE PRIMARY SCHOOL,PRIMARY,CHOIR,VISUAL AND PERFORMING ARTS,
WEST GROVE PRIMARY SCHOOL,PRIMARY,ENVIRONMENTAL SCIENCE,CLUBS AND SOCIETIES,NATURE CLUB
WEST GROVE PRIMARY SCHOOL,PRIMARY,FOOTBALL,PHYSICAL SPORTS,
WEST GROVE PRIMARY SCHOOL,PRIMARY,GIRL GUIDES (BROWNIES),UNIFORMED GROUPS,BROWNIES
WEST GROVE PRIMARY SCHOOL,PRIMARY,GIRLS' BRIGADE,UNIFORMED GROUPS,
WEST GROVE PRIMARY SCHOOL,PRIMARY,GUZHENG ENSEMBLE,VISUAL AND PERFORMING ARTS,
WEST GROVE PRIMARY SCHOOL,PRIMARY,INFOCOMM TECHNOLOGY (MEDIA PRODUCTION),CLUBS AND SOCIETIES,INFOMEDIA CLUB
WEST GROVE PRIMARY SCHOOL,PRIMARY,MODERN DANCE,VISUAL AND PERFORMING ARTS,DANCE TROUPE
WEST GROVE PRIMARY SCHOOL,PRIMARY,ROBOTICS,CLUBS AND SOCIETIES,ROBOTIX CLUB
WEST GROVE PRIMARY SCHOOL,PRIMARY,SCOUTS,UNIFORMED GROUPS,BOYS' SCOUTS
WEST GROVE PRIMARY SCHOOL,PRIMARY,STRING ENSEMBLE,VISUAL AND PERFORMING ARTS,UKULELE
WEST GROVE PRIMARY SCHOOL,PRIMARY,TRACK AND FIELD,PHYSICAL SPORTS,ATHLETICS CLUB
WEST SPRING PRIMARY SCHOOL,PRIMARY,ART AND CRAFTS,CLUBS AND SOCIETIES,
WEST SPRING PRIMARY SCHOOL,PRIMARY,BADMINTON,PHYSICAL SPORTS,
WEST SPRING PRIMARY SCHOOL,PRIMARY,BASKETBALL,PHYSICAL SPORTS,
WEST SPRING PRIMARY SCHOOL,PRIMARY,CHOIR,VISUAL AND PERFORMING ARTS,
WEST SPRING PRIMARY SCHOOL,PRIMARY,DIGITAL MEDIA,CLUBS AND SOCIETIES,
WEST SPRING PRIMARY SCHOOL,PRIMARY,ENVIRONMENTAL SCIENCE,CLUBS AND SOCIETIES,
WEST SPRING PRIMARY SCHOOL,PRIMARY,FOOTBALL,PHYSICAL SPORTS,
WEST SPRING PRIMARY SCHOOL,PRIMARY,MODERN DANCE,VISUAL AND PERFORMING ARTS,
WEST SPRING PRIMARY SCHOOL,PRIMARY,OUTDOOR ADVENTURE,PHYSICAL SPORTS,
WEST SPRING PRIMARY SCHOOL,PRIMARY,PERCUSSION ENSEMBLE,VISUAL AND PERFORMING ARTS,
WEST SPRING PRIMARY SCHOOL,PRIMARY,ROBOTICS,CLUBS AND SOCIETIES,
WEST SPRING PRIMARY SCHOOL,PRIMARY,SCOUTS,UNIFORMED GROUPS,
WEST SPRING PRIMARY SCHOOL,PRIMARY,STRATEGY GAMES,CLUBS AND SOCIETIES,
WEST SPRING PRIMARY SCHOOL,PRIMARY,TABLE TENNIS,PHYSICAL SPORTS,
WEST SPRING PRIMARY SCHOOL,PRIMARY,WUSHU,PHYSICAL SPORTS,
WEST SPRING SECONDARY SCHOOL,SECONDARY (S1-S5),BADMINTON,PHYSICAL SPORTS,
WEST SPRING SECONDARY SCHOOL,SECONDARY (S1-S5),CHOIR,VISUAL AND PERFORMING ARTS,
WEST SPRING SECONDARY SCHOOL,SECONDARY (S1-S5),CONCERT BAND,VISUAL AND PERFORMING ARTS,
WEST SPRING SECONDARY SCHOOL,SECONDARY (S1-S5),ENGLISH DRAMA,VISUAL AND PERFORMING ARTS,
WEST SPRING SECONDARY SCHOOL,SECONDARY (S1-S5),FOOTBALL,PHYSICAL SPORTS,
WEST SPRING SECONDARY SCHOOL,SECONDARY (S1-S5),GIRL GUIDES,UNIFORMED GROUPS,
WEST SPRING SECONDARY SCHOOL,SECONDARY (S1-S5),GUITAR ENSEMBLE,VISUAL AND PERFORMING ARTS,
WEST SPRING SECONDARY SCHOOL,SECONDARY (S1-S5),GUZHENG ENSEMBLE,VISUAL AND PERFORMING ARTS,
WEST SPRING SECONDARY SCHOOL,SECONDARY (S1-S5),INFOCOMM TECHNOLOGY (COMPUTING),CLUBS AND SOCIETIES,INFOCOMM MEDIA
WEST SPRING SECONDARY SCHOOL,SECONDARY (S1-S5),INFOCOMM TECHNOLOGY (MEDIA PRODUCTION),CLUBS AND SOCIETIES,INFOCOMM MEDIA
WEST SPRING SECONDARY SCHOOL,SECONDARY (S1-S5),MARCHING BAND,VISUAL AND PERFORMING ARTS,SYMPHONIC BAND
WEST SPRING SECONDARY SCHOOL,SECONDARY (S1-S5),MODERN DANCE,VISUAL AND PERFORMING ARTS,
WEST SPRING SECONDARY SCHOOL,SECONDARY (S1-S5),NATIONAL CADET CORPS (LAND),UNIFORMED GROUPS,
WEST SPRING SECONDARY SCHOOL,SECONDARY (S1-S5),NATIONAL CIVIL DEFENCE CADET CORPS,UNIFORMED GROUPS,
WEST SPRING SECONDARY SCHOOL,SECONDARY (S1-S5),NATIONAL POLICE CADET CORPS,UNIFORMED GROUPS,
WEST SPRING SECONDARY SCHOOL,SECONDARY (S1-S5),NETBALL,PHYSICAL SPORTS,
WEST SPRING SECONDARY SCHOOL,SECONDARY (S1-S5),SHOOTING,PHYSICAL SPORTS,
WEST SPRING SECONDARY SCHOOL,SECONDARY (S1-S5),SP-CCA (ATHLETICS),PHYSICAL SPORTS,
WEST SPRING SECONDARY SCHOOL,SECONDARY (S1-S5),SP-CCA (CANOEING),PHYSICAL SPORTS,
WEST SPRING SECONDARY SCHOOL,SECONDARY (S1-S5),SP-CCA (ETHNIC DANCE),VISUAL AND PERFORMING ARTS,
WEST SPRING SECONDARY SCHOOL,SECONDARY (S1-S5),SP-CCA (WATER POLO),PHYSICAL SPORTS,
WEST SPRING SECONDARY SCHOOL,SECONDARY (S1-S5),VOLLEYBALL,PHYSICAL SPORTS,
WEST VIEW PRIMARY SCHOOL,PRIMARY,ART AND CRAFTS,CLUBS AND SOCIETIES,
WEST VIEW PRIMARY SCHOOL,PRIMARY,BASKETBALL,PHYSICAL SPORTS,
WEST VIEW PRIMARY SCHOOL,PRIMARY,BRASS BAND,VISUAL AND PERFORMING ARTS,
WEST VIEW PRIMARY SCHOOL,PRIMARY,CHINESE DANCE,VISUAL AND PERFORMING ARTS,
WEST VIEW PRIMARY SCHOOL,PRIMARY,ENVIRONMENTAL SCIENCE,CLUBS AND SOCIETIES,
WEST VIEW PRIMARY SCHOOL,PRIMARY,FLOORBALL,PHYSICAL SPORTS,
WEST VIEW PRIMARY SCHOOL,PRIMARY,FOOTBALL,PHYSICAL SPORTS,
WEST VIEW PRIMARY SCHOOL,PRIMARY,MALAY DANCE,VISUAL AND PERFORMING ARTS,
WEST VIEW PRIMARY SCHOOL,PRIMARY,MODERN DANCE,VISUAL AND PERFORMING ARTS,
WEST VIEW PRIMARY SCHOOL,PRIMARY,RUGBY,PHYSICAL SPORTS,
WEST VIEW PRIMARY SCHOOL,PRIMARY,SCOUTS,UNIFORMED GROUPS,
WESTWOOD PRIMARY SCHOOL,PRIMARY,ART AND CRAFTS,CLUBS AND SOCIETIES,
WESTWOOD PRIMARY SCHOOL,PRIMARY,BADMINTON,PHYSICAL SPORTS,
WESTWOOD PRIMARY SCHOOL,PRIMARY,BASKETBALL,PHYSICAL SPORTS,
WESTWOOD PRIMARY SCHOOL,PRIMARY,BOYS' BRIGADE,UNIFORMED GROUPS,
WESTWOOD PRIMARY SCHOOL,PRIMARY,BRASS BAND,VISUAL AND PERFORMING ARTS,
WESTWOOD PRIMARY SCHOOL,PRIMARY,CHINESE DANCE,VISUAL AND PERFORMING ARTS,
WESTWOOD PRIMARY SCHOOL,PRIMARY,CHOIR,VISUAL AND PERFORMING ARTS,
WESTWOOD PRIMARY SCHOOL,PRIMARY,ENGLISH CULTURE AND LANGUAGE,CLUBS AND SOCIETIES,"ENGLISH LANGUAGE, DRAMA AND LIBRARY CLUB"
WESTWOOD PRIMARY SCHOOL,PRIMARY,ENTREPRENEURSHIP,CLUBS AND SOCIETIES,INFOCOMM AND INNOVATION CLUB
WESTWOOD PRIMARY SCHOOL,PRIMARY,ENVIRONMENTAL SCIENCE,CLUBS AND SOCIETIES,
WESTWOOD PRIMARY SCHOOL,PRIMARY,FOOTBALL,PHYSICAL SPORTS,
WESTWOOD PRIMARY SCHOOL,PRIMARY,GIRLS' BRIGADE,UNIFORMED GROUPS,
WESTWOOD PRIMARY SCHOOL,PRIMARY,MALAY DANCE,VISUAL AND PERFORMING ARTS,
WESTWOOD PRIMARY SCHOOL,PRIMARY,MODERN DANCE,VISUAL AND PERFORMING ARTS,
WESTWOOD PRIMARY SCHOOL,PRIMARY,WUSHU,PHYSICAL SPORTS,
WESTWOOD SECONDARY SCHOOL,SECONDARY (S1-S5),ART AND CRAFTS,CLUBS AND SOCIETIES,VISUAL ARTS
WESTWOOD SECONDARY SCHOOL,SECONDARY (S1-S5),AUDIO VISUAL AID,CLUBS AND SOCIETIES,AVA
WESTWOOD SECONDARY SCHOOL,SECONDARY (S1-S5),BADMINTON,PHYSICAL SPORTS,
WESTWOOD SECONDARY SCHOOL,SECONDARY (S1-S5),BASKETBALL,PHYSICAL SPORTS,
WESTWOOD SECONDARY SCHOOL,SECONDARY (S1-S5),BOWLING,PHYSICAL SPORTS,
WESTWOOD SECONDARY SCHOOL,SECONDARY (S1-S5),BOYS' BRIGADE,UNIFORMED GROUPS,
WESTWOOD SECONDARY SCHOOL,SECONDARY (S1-S5),CHOIR,VISUAL AND PERFORMING ARTS,
WESTWOOD SECONDARY SCHOOL,SECONDARY (S1-S5),CONCERT BAND,VISUAL AND PERFORMING ARTS,
WESTWOOD SECONDARY SCHOOL,SECONDARY (S1-S5),ENGLISH DRAMA,VISUAL AND PERFORMING ARTS,
WESTWOOD SECONDARY SCHOOL,SECONDARY (S1-S5),FOOTBALL,PHYSICAL SPORTS,
WESTWOOD SECONDARY SCHOOL,SECONDARY (S1-S5),GIRLS' BRIGADE,UNIFORMED GROUPS,
WESTWOOD SECONDARY SCHOOL,SECONDARY (S1-S5),GUITAR ENSEMBLE,VISUAL AND PERFORMING ARTS,
WESTWOOD SECONDARY SCHOOL,SECONDARY (S1-S5),MODERN DANCE,VISUAL AND PERFORMING ARTS,
WESTWOOD SECONDARY SCHOOL,SECONDARY (S1-S5),NATIONAL CADET CORPS (LAND),UNIFORMED GROUPS,
WESTWOOD SECONDARY SCHOOL,SECONDARY (S1-S5),NATIONAL CIVIL DEFENCE CADET CORPS,UNIFORMED GROUPS,
WESTWOOD SECONDARY SCHOOL,SECONDARY (S1-S5),NATIONAL POLICE CADET CORPS,UNIFORMED GROUPS,
WESTWOOD SECONDARY SCHOOL,SECONDARY (S1-S5),NETBALL,PHYSICAL SPORTS,
WESTWOOD SECONDARY SCHOOL,SECONDARY (S1-S5),ROBOTICS,CLUBS AND SOCIETIES,
WESTWOOD SECONDARY SCHOOL,SECONDARY (S1-S5),SINGAPORE YOUTH FLYING CLUB,CLUBS AND SOCIETIES,WESTWOOD FLYING CLUB
WESTWOOD SECONDARY SCHOOL,SECONDARY (S1-S5),TCHOUKBALL,PHYSICAL SPORTS,
WHITE SANDS PRIMARY SCHOOL,PRIMARY,ART AND CRAFTS,CLUBS AND SOCIETIES,
WHITE SANDS PRIMARY SCHOOL,PRIMARY,CHINESE DANCE,VISUAL AND PERFORMING ARTS,
WHITE SANDS PRIMARY SCHOOL,PRIMARY,CHOIR,VISUAL AND PERFORMING ARTS,
WHITE SANDS PRIMARY SCHOOL,PRIMARY,ENVIRONMENTAL SCIENCE,CLUBS AND SOCIETIES,
WHITE SANDS PRIMARY SCHOOL,PRIMARY,FOOTBALL,PHYSICAL SPORTS,
WHITE SANDS PRIMARY SCHOOL,PRIMARY,GUZHENG ENSEMBLE,VISUAL AND PERFORMING ARTS,
WHITE SANDS PRIMARY SCHOOL,PRIMARY,INFOCOMM TECHNOLOGY (COMPUTING),CLUBS AND SOCIETIES,
WHITE SANDS PRIMARY SCHOOL,PRIMARY,INFOCOMM TECHNOLOGY (MEDIA PRODUCTION),CLUBS AND SOCIETIES,
WHITE SANDS PRIMARY SCHOOL,PRIMARY,MALAY DANCE,VISUAL AND PERFORMING ARTS,
WHITE SANDS PRIMARY SCHOOL,PRIMARY,MODERN DANCE,VISUAL AND PERFORMING ARTS,
WHITE SANDS PRIMARY SCHOOL,PRIMARY,NETBALL,PHYSICAL SPORTS,
WHITE SANDS PRIMARY SCHOOL,PRIMARY,SCOUTS,UNIFORMED GROUPS,
WHITE SANDS PRIMARY SCHOOL,PRIMARY,TABLE TENNIS,PHYSICAL SPORTS,
WHITE SANDS PRIMARY SCHOOL,PRIMARY,TCHOUKBALL,PHYSICAL SPORTS,
WHITLEY SECONDARY SCHOOL,SECONDARY (S1-S5),ART AND CRAFTS,CLUBS AND SOCIETIES,ART CLUB
WHITLEY SECONDARY SCHOOL,SECONDARY (S1-S5),BADMINTON,PHYSICAL SPORTS,
WHITLEY SECONDARY SCHOOL,SECONDARY (S1-S5),BASKETBALL,PHYSICAL SPORTS,
WHITLEY SECONDARY SCHOOL,SECONDARY (S1-S5),CHOIR,VISUAL AND PERFORMING ARTS,
WHITLEY SECONDARY SCHOOL,SECONDARY (S1-S5),CONCERT BAND,VISUAL AND PERFORMING ARTS,
WHITLEY SECONDARY SCHOOL,SECONDARY (S1-S5),DEBATING AND PUBLIC SPEAKING,CLUBS AND SOCIETIES,
WHITLEY SECONDARY SCHOOL,SECONDARY (S1-S5),ENGLISH DRAMA,VISUAL AND PERFORMING ARTS,
WHITLEY SECONDARY SCHOOL,SECONDARY (S1-S5),FOOTBALL,PHYSICAL SPORTS,
WHITLEY SECONDARY SCHOOL,SECONDARY (S1-S5),GIRL GUIDES,UNIFORMED GROUPS,
WHITLEY SECONDARY SCHOOL,SECONDARY (S1-S5),GOLF,PHYSICAL SPORTS,
WHITLEY SECONDARY SCHOOL,SECONDARY (S1-S5),INFOCOMM TECHNOLOGY (MEDIA PRODUCTION),CLUBS AND SOCIETIES,MEDIA COMMUNICATIONS
WHITLEY SECONDARY SCHOOL,SECONDARY (S1-S5),MODERN DANCE,VISUAL AND PERFORMING ARTS,INTERNATIONAL DANCE
WHITLEY SECONDARY SCHOOL,SECONDARY (S1-S5),NATIONAL CADET CORPS (LAND),UNIFORMED GROUPS,
WHITLEY SECONDARY SCHOOL,SECONDARY (S1-S5),NATIONAL POLICE CADET CORPS,UNIFORMED GROUPS,
WHITLEY SECONDARY SCHOOL,SECONDARY (S1-S5),PHOTOGRAPHY,CLUBS AND SOCIETIES,
WHITLEY SECONDARY SCHOOL,SECONDARY (S1-S5),SP-CCA (ATHLETICS),PHYSICAL SPORTS,
WHITLEY SECONDARY SCHOOL,SECONDARY (S1-S5),SP-CCA (CANOEING),PHYSICAL SPORTS,
WHITLEY SECONDARY SCHOOL,SECONDARY (S1-S5),SP-CCA (HOCKEY),PHYSICAL SPORTS,
WHITLEY SECONDARY SCHOOL,SECONDARY (S1-S5),SP-CCA (WATER POLO),PHYSICAL SPORTS,
WOODGROVE PRIMARY SCHOOL,PRIMARY,ART AND CRAFTS,CLUBS AND SOCIETIES,
WOODGROVE PRIMARY SCHOOL,PRIMARY,BADMINTON,PHYSICAL SPORTS,
WOODGROVE PRIMARY SCHOOL,PRIMARY,BASKETBALL,PHYSICAL SPORTS,
WOODGROVE PRIMARY SCHOOL,PRIMARY,CHINESE CULTURE AND LANGUAGE,CLUBS AND SOCIETIES,
WOODGROVE PRIMARY SCHOOL,PRIMARY,CHINESE DANCE,VISUAL AND PERFORMING ARTS,Chinese Dance
WOODGROVE PRIMARY SCHOOL,PRIMARY,CHINESE ORCHESTRA,VISUAL AND PERFORMING ARTS,
WOODGROVE PRIMARY SCHOOL,PRIMARY,DIGITAL MEDIA,CLUBS AND SOCIETIES,
WOODGROVE PRIMARY SCHOOL,PRIMARY,ENGLISH DRAMA,VISUAL AND PERFORMING ARTS,
WOODGROVE PRIMARY SCHOOL,PRIMARY,FOOTBALL,PHYSICAL SPORTS,
WOODGROVE PRIMARY SCHOOL,PRIMARY,INDIAN DANCE,VISUAL AND PERFORMING ARTS,
WOODGROVE PRIMARY SCHOOL,PRIMARY,MALAY DANCE,VISUAL AND PERFORMING ARTS,
WOODGROVE PRIMARY SCHOOL,PRIMARY,MODERN DANCE,VISUAL AND PERFORMING ARTS,
WOODGROVE PRIMARY SCHOOL,PRIMARY,ROBOTICS,CLUBS AND SOCIETIES,
WOODGROVE PRIMARY SCHOOL,PRIMARY,ROPE SKIPPING,PHYSICAL SPORTS,
WOODGROVE PRIMARY SCHOOL,PRIMARY,SCOUTS,UNIFORMED GROUPS,
WOODGROVE PRIMARY SCHOOL,PRIMARY,TABLE TENNIS,PHYSICAL SPORTS,
WOODGROVE SECONDARY SCHOOL,SECONDARY (S1-S5),BADMINTON,PHYSICAL SPORTS,
WOODGROVE SECONDARY SCHOOL,SECONDARY (S1-S5),BASKETBALL,PHYSICAL SPORTS,
WOODGROVE SECONDARY SCHOOL,SECONDARY (S1-S5),CHINESE ORCHESTRA,VISUAL AND PERFORMING ARTS,
WOODGROVE SECONDARY SCHOOL,SECONDARY (S1-S5),CHOIR,VISUAL AND PERFORMING ARTS,
WOODGROVE SECONDARY SCHOOL,SECONDARY (S1-S5),CONCERT BAND,VISUAL AND PERFORMING ARTS,
WOODGROVE SECONDARY SCHOOL,SECONDARY (S1-S5),ENGLISH DRAMA,VISUAL AND PERFORMING ARTS,
WOODGROVE SECONDARY SCHOOL,SECONDARY (S1-S5),ENVIRONMENTAL SCIENCE,CLUBS AND SOCIETIES,
WOODGROVE SECONDARY SCHOOL,SECONDARY (S1-S5),FOOTBALL,PHYSICAL SPORTS,
WOODGROVE SECONDARY SCHOOL,SECONDARY (S1-S5),INFOCOMM TECHNOLOGY (MEDIA PRODUCTION),CLUBS AND SOCIETIES,
WOODGROVE SECONDARY SCHOOL,SECONDARY (S1-S5),MODERN DANCE,VISUAL AND PERFORMING ARTS,
WOODGROVE SECONDARY SCHOOL,SECONDARY (S1-S5),NATIONAL CADET CORPS (LAND),UNIFORMED GROUPS,
WOODGROVE SECONDARY SCHOOL,SECONDARY (S1-S5),NATIONAL CIVIL DEFENCE CADET CORPS,UNIFORMED GROUPS,
WOODGROVE SECONDARY SCHOOL,SECONDARY (S1-S5),NATIONAL POLICE CADET CORPS,UNIFORMED GROUPS,
WOODGROVE SECONDARY SCHOOL,SECONDARY (S1-S5),NETBALL,PHYSICAL SPORTS,
WOODGROVE SECONDARY SCHOOL,SECONDARY (S1-S5),ROBOTICS,CLUBS AND SOCIETIES,
WOODGROVE SECONDARY SCHOOL,SECONDARY (S1-S5),SINGAPORE YOUTH FLYING CLUB,CLUBS AND SOCIETIES,
WOODGROVE SECONDARY SCHOOL,SECONDARY (S1-S5),SP-CCA (CANOEING),PHYSICAL SPORTS,
WOODGROVE SECONDARY SCHOOL,SECONDARY (S1-S5),SP-CCA (WATER POLO),PHYSICAL SPORTS,
WOODLANDS PRIMARY SCHOOL,PRIMARY,ART AND CRAFTS,CLUBS AND SOCIETIES,
WOODLANDS PRIMARY SCHOOL,PRIMARY,BADMINTON,PHYSICAL SPORTS,
WOODLANDS PRIMARY SCHOOL,PRIMARY,BIOLOGICAL SCIENCE,CLUBS AND SOCIETIES,
WOODLANDS PRIMARY SCHOOL,PRIMARY,CHINESE CULTURE AND LANGUAGE,CLUBS AND SOCIETIES,
WOODLANDS PRIMARY SCHOOL,PRIMARY,CHINESE DANCE,VISUAL AND PERFORMING ARTS,
WOODLANDS PRIMARY SCHOOL,PRIMARY,"CHINESE LANGUAGE, DRAMA AND DEBATING",CLUBS AND SOCIETIES,ALP (MTL)
WOODLANDS PRIMARY SCHOOL,PRIMARY,CHOIR,VISUAL AND PERFORMING ARTS,
WOODLANDS PRIMARY SCHOOL,PRIMARY,CONCERT BAND,VISUAL AND PERFORMING ARTS,JUNIOR WINDS
WOODLANDS PRIMARY SCHOOL,PRIMARY,ENGLISH CULTURE AND LANGUAGE,CLUBS AND SOCIETIES,
WOODLANDS PRIMARY SCHOOL,PRIMARY,FOOTBALL,PHYSICAL SPORTS,
WOODLANDS PRIMARY SCHOOL,PRIMARY,HANDBELL ENSEMBLE,VISUAL AND PERFORMING ARTS,
WOODLANDS PRIMARY SCHOOL,PRIMARY,HEALTH AND FITNESS,PHYSICAL SPORTS,WE-FIT
WOODLANDS PRIMARY SCHOOL,PRIMARY,INDIAN DANCE,VISUAL AND PERFORMING ARTS,
WOODLANDS PRIMARY SCHOOL,PRIMARY,INFOCOMM TECHNOLOGY (COMPUTING),CLUBS AND SOCIETIES,
WOODLANDS PRIMARY SCHOOL,PRIMARY,MALAY DANCE,VISUAL AND PERFORMING ARTS,
WOODLANDS PRIMARY SCHOOL,PRIMARY,MATHEMATICS,CLUBS AND SOCIETIES,
WOODLANDS PRIMARY SCHOOL,PRIMARY,MEDIA RESOURCE LIBRARY,CLUBS AND SOCIETIES,
WOODLANDS PRIMARY SCHOOL,PRIMARY,MODULAR CCA (SPORTS),PHYSICAL SPORTS,STEP
WOODLANDS PRIMARY SCHOOL,PRIMARY,PHYSICAL SCIENCE,CLUBS AND SOCIETIES,
WOODLANDS PRIMARY SCHOOL,PRIMARY,ROBOTICS,CLUBS AND SOCIETIES,
WOODLANDS PRIMARY SCHOOL,PRIMARY,SCOUTS,UNIFORMED GROUPS,
WOODLANDS PRIMARY SCHOOL,PRIMARY,SPEECH AND DRAMA,CLUBS AND SOCIETIES,
WOODLANDS PRIMARY SCHOOL,PRIMARY,SWIMMING,PHYSICAL SPORTS,
WOODLANDS PRIMARY SCHOOL,PRIMARY,TCHOUKBALL,PHYSICAL SPORTS,
WOODLANDS PRIMARY SCHOOL,PRIMARY,VOLLEYBALL,PHYSICAL SPORTS,
WOODLANDS RING PRIMARY SCHOOL,PRIMARY,ART AND CRAFTS,CLUBS AND SOCIETIES,Art and Craft Club
WOODLANDS RING PRIMARY SCHOOL,PRIMARY,BADMINTON,PHYSICAL SPORTS,
WOODLANDS RING PRIMARY SCHOOL,PRIMARY,BASKETBALL,PHYSICAL SPORTS,
WOODLANDS RING PRIMARY SCHOOL,PRIMARY,CHINESE DANCE,VISUAL AND PERFORMING ARTS,
WOODLANDS RING PRIMARY SCHOOL,PRIMARY,CHOIR,VISUAL AND PERFORMING ARTS,
WOODLANDS RING PRIMARY SCHOOL,PRIMARY,CONCERT BAND,VISUAL AND PERFORMING ARTS,Brass Band
WOODLANDS RING PRIMARY SCHOOL,PRIMARY,ENGLISH CULTURE AND LANGUAGE,CLUBS AND SOCIETIES,Drama & Literary Club
WOODLANDS RING PRIMARY SCHOOL,PRIMARY,FLOORBALL,PHYSICAL SPORTS,
WOODLANDS RING PRIMARY SCHOOL,PRIMARY,FOOTBALL,PHYSICAL SPORTS,
WOODLANDS RING PRIMARY SCHOOL,PRIMARY,INDIAN DANCE,VISUAL AND PERFORMING ARTS,
WOODLANDS RING PRIMARY SCHOOL,PRIMARY,INFOCOMM TECHNOLOGY (COMPUTING),CLUBS AND SOCIETIES,
WOODLANDS RING PRIMARY SCHOOL,PRIMARY,MALAY DANCE,VISUAL AND PERFORMING ARTS,
WOODLANDS RING PRIMARY SCHOOL,PRIMARY,MODERN DANCE,VISUAL AND PERFORMING ARTS,
WOODLANDS RING PRIMARY SCHOOL,PRIMARY,PHYSICAL SCIENCE,CLUBS AND SOCIETIES,Science  Club
WOODLANDS RING PRIMARY SCHOOL,PRIMARY,SCOUTS,UNIFORMED GROUPS,
WOODLANDS RING PRIMARY SCHOOL,PRIMARY,STUDENT LEADERSHIP (PREFECT),OTHERS,
WOODLANDS RING SECONDARY SCHOOL,SECONDARY (S1-S5),AUDIO VISUAL AID,CLUBS AND SOCIETIES,
WOODLANDS RING SECONDARY SCHOOL,SECONDARY (S1-S5),BADMINTON,PHYSICAL SPORTS,
WOODLANDS RING SECONDARY SCHOOL,SECONDARY (S1-S5),BASKETBALL,PHYSICAL SPORTS,
WOODLANDS RING SECONDARY SCHOOL,SECONDARY (S1-S5),CHINESE DANCE,VISUAL AND PERFORMING ARTS,
WOODLANDS RING SECONDARY SCHOOL,SECONDARY (S1-S5),CHOIR,VISUAL AND PERFORMING ARTS,
WOODLANDS RING SECONDARY SCHOOL,SECONDARY (S1-S5),CONCERT BAND,VISUAL AND PERFORMING ARTS,
WOODLANDS RING SECONDARY SCHOOL,SECONDARY (S1-S5),CULTURAL DANCE,VISUAL AND PERFORMING ARTS,
WOODLANDS RING SECONDARY SCHOOL,SECONDARY (S1-S5),ENGLISH DRAMA,VISUAL AND PERFORMING ARTS,
WOODLANDS RING SECONDARY SCHOOL,SECONDARY (S1-S5),GIRL GUIDES,UNIFORMED GROUPS,
WOODLANDS RING SECONDARY SCHOOL,SECONDARY (S1-S5),GUZHENG ENSEMBLE,VISUAL AND PERFORMING ARTS,
WOODLANDS RING SECONDARY SCHOOL,SECONDARY (S1-S5),HOCKEY,PHYSICAL SPORTS,
WOODLANDS RING SECONDARY SCHOOL,SECONDARY (S1-S5),MALAY DANCE,VISUAL AND PERFORMING ARTS,
WOODLANDS RING SECONDARY SCHOOL,SECONDARY (S1-S5),MEDIA RESOURCE LIBRARY,CLUBS AND SOCIETIES,
WOODLANDS RING SECONDARY SCHOOL,SECONDARY (S1-S5),MODERN DANCE,VISUAL AND PERFORMING ARTS,
WOODLANDS RING SECONDARY SCHOOL,SECONDARY (S1-S5),NATIONAL CADET CORPS (LAND),UNIFORMED GROUPS,
WOODLANDS RING SECONDARY SCHOOL,SECONDARY (S1-S5),NATIONAL CIVIL DEFENCE CADET CORPS,UNIFORMED GROUPS,
WOODLANDS RING SECONDARY SCHOOL,SECONDARY (S1-S5),NATIONAL POLICE CADET CORPS,UNIFORMED GROUPS,
WOODLANDS RING SECONDARY SCHOOL,SECONDARY (S1-S5),NETBALL,PHYSICAL SPORTS,
WOODLANDS RING SECONDARY SCHOOL,SECONDARY (S1-S5),ROBOTICS,CLUBS AND SOCIETIES,
WOODLANDS RING SECONDARY SCHOOL,SECONDARY (S1-S5),SINGAPORE YOUTH FLYING CLUB,CLUBS AND SOCIETIES,
WOODLANDS RING SECONDARY SCHOOL,SECONDARY (S1-S5),SOFTBALL,PHYSICAL SPORTS,
WOODLANDS RING SECONDARY SCHOOL,SECONDARY (S1-S5),VOLLEYBALL,PHYSICAL SPORTS,
WOODLANDS SECONDARY SCHOOL,SECONDARY (S1-S5),BADMINTON,PHYSICAL SPORTS,
WOODLANDS SECONDARY SCHOOL,SECONDARY (S1-S5),BASKETBALL,PHYSICAL SPORTS,
WOODLANDS SECONDARY SCHOOL,SECONDARY (S1-S5),BOYS' BRIGADE,UNIFORMED GROUPS,
WOODLANDS SECONDARY SCHOOL,SECONDARY (S1-S5),CHINESE DANCE,VISUAL AND PERFORMING ARTS,
WOODLANDS SECONDARY SCHOOL,SECONDARY (S1-S5),CHOIR,VISUAL AND PERFORMING ARTS,
WOODLANDS SECONDARY SCHOOL,SECONDARY (S1-S5),CONCERT BAND,VISUAL AND PERFORMING ARTS,
WOODLANDS SECONDARY SCHOOL,SECONDARY (S1-S5),ENGLISH DRAMA,VISUAL AND PERFORMING ARTS,
WOODLANDS SECONDARY SCHOOL,SECONDARY (S1-S5),FOOTBALL,PHYSICAL SPORTS,
WOODLANDS SECONDARY SCHOOL,SECONDARY (S1-S5),INFOCOMM TECHNOLOGY (MEDIA PRODUCTION),CLUBS AND SOCIETIES,
WOODLANDS SECONDARY SCHOOL,SECONDARY (S1-S5),MALAY DANCE,VISUAL AND PERFORMING ARTS,
WOODLANDS SECONDARY SCHOOL,SECONDARY (S1-S5),NATIONAL CADET CORPS (LAND),UNIFORMED GROUPS,
WOODLANDS SECONDARY SCHOOL,SECONDARY (S1-S5),NATIONAL CIVIL DEFENCE CADET CORPS,UNIFORMED GROUPS,
WOODLANDS SECONDARY SCHOOL,SECONDARY (S1-S5),NATIONAL POLICE CADET CORPS,UNIFORMED GROUPS,
WOODLANDS SECONDARY SCHOOL,SECONDARY (S1-S5),NETBALL,PHYSICAL SPORTS,
WOODLANDS SECONDARY SCHOOL,SECONDARY (S1-S5),SEPAKTAKRAW,PHYSICAL SPORTS,
WOODLANDS SECONDARY SCHOOL,SECONDARY (S1-S5),SP-CCA (ATHLETICS),PHYSICAL SPORTS,
XINGHUA PRIMARY SCHOOL,PRIMARY,ANGKLUNG/KULINTANG ENSEMBLE,VISUAL AND PERFORMING ARTS,
XINGHUA PRIMARY SCHOOL,PRIMARY,ART AND CRAFTS,CLUBS AND SOCIETIES,
XINGHUA PRIMARY SCHOOL,PRIMARY,BOYS' BRIGADE,UNIFORMED GROUPS,
XINGHUA PRIMARY SCHOOL,PRIMARY,CHOIR,VISUAL AND PERFORMING ARTS,
XINGHUA PRIMARY SCHOOL,PRIMARY,"ENGLISH LANGUAGE, DRAMA AND DEBATING",CLUBS AND SOCIETIES,
XINGHUA PRIMARY SCHOOL,PRIMARY,ENVIRONMENTAL SCIENCE,CLUBS AND SOCIETIES,
XINGHUA PRIMARY SCHOOL,PRIMARY,GIRLS' BRIGADE,UNIFORMED GROUPS,
XINGHUA PRIMARY SCHOOL,PRIMARY,GUZHENG ENSEMBLE,VISUAL AND PERFORMING ARTS,
XINGHUA PRIMARY SCHOOL,PRIMARY,INFOCOMM TECHNOLOGY (COMPUTING),CLUBS AND SOCIETIES,
XINGHUA PRIMARY SCHOOL,PRIMARY,MODERN DANCE,VISUAL AND PERFORMING ARTS,
XINGHUA PRIMARY SCHOOL,PRIMARY,MODULAR CCA (SPORTS),PHYSICAL SPORTS,
XINGHUA PRIMARY SCHOOL,PRIMARY,SOFTBALL,PHYSICAL SPORTS,
XINGHUA PRIMARY SCHOOL,PRIMARY,STUDENT LEADERSHIP (PREFECT),OTHERS,
XINGHUA PRIMARY SCHOOL,PRIMARY,VOLLEYBALL,PHYSICAL SPORTS,
XINGHUA PRIMARY SCHOOL,PRIMARY,WUSHU,PHYSICAL SPORTS,
XINGNAN PRIMARY SCHOOL,PRIMARY,ART AND CRAFTS,CLUBS AND SOCIETIES,
XINGNAN PRIMARY SCHOOL,PRIMARY,BADMINTON,PHYSICAL SPORTS,
XINGNAN PRIMARY SCHOOL,PRIMARY,BASKETBALL,PHYSICAL SPORTS,
XINGNAN PRIMARY SCHOOL,PRIMARY,BRASS BAND,VISUAL AND PERFORMING ARTS,
XINGNAN PRIMARY SCHOOL,PRIMARY,CERAMICS,CLUBS AND SOCIETIES,POTTERY CLUB
XINGNAN PRIMARY SCHOOL,PRIMARY,CHINESE CULTURE AND LANGUAGE,CLUBS AND SOCIETIES,
XINGNAN PRIMARY SCHOOL,PRIMARY,CHINESE DANCE,VISUAL AND PERFORMING ARTS,
XINGNAN PRIMARY SCHOOL,PRIMARY,CULTURAL DANCE,VISUAL AND PERFORMING ARTS,
XINGNAN PRIMARY SCHOOL,PRIMARY,ENVIRONMENTAL SCIENCE,CLUBS AND SOCIETIES,
XINGNAN PRIMARY SCHOOL,PRIMARY,FOOTBALL,PHYSICAL SPORTS,
XINGNAN PRIMARY SCHOOL,PRIMARY,INDIAN DANCE,VISUAL AND PERFORMING ARTS,
XINGNAN PRIMARY SCHOOL,PRIMARY,INFOCOMM TECHNOLOGY (MEDIA PRODUCTION),CLUBS AND SOCIETIES,
XINGNAN PRIMARY SCHOOL,PRIMARY,MALAY DANCE,VISUAL AND PERFORMING ARTS,
XINGNAN PRIMARY SCHOOL,PRIMARY,MODERN DANCE,VISUAL AND PERFORMING ARTS,
XINGNAN PRIMARY SCHOOL,PRIMARY,SCOUTS,UNIFORMED GROUPS,
XINGNAN PRIMARY SCHOOL,PRIMARY,STUDENT LEADERSHIP (PREFECT),OTHERS,
XINGNAN PRIMARY SCHOOL,PRIMARY,VOLLEYBALL,PHYSICAL SPORTS,
XINMIN PRIMARY SCHOOL,PRIMARY,ART AND CRAFTS,CLUBS AND SOCIETIES,
XINMIN PRIMARY SCHOOL,PRIMARY,BASKETBALL,PHYSICAL SPORTS,
XINMIN PRIMARY SCHOOL,PRIMARY,CHINESE DANCE,VISUAL AND PERFORMING ARTS,
XINMIN PRIMARY SCHOOL,PRIMARY,CHOIR,VISUAL AND PERFORMING ARTS,
XINMIN PRIMARY SCHOOL,PRIMARY,ENVIRONMENTAL SCIENCE,CLUBS AND SOCIETIES,
XINMIN PRIMARY SCHOOL,PRIMARY,FOOTBALL,PHYSICAL SPORTS,
XINMIN PRIMARY SCHOOL,PRIMARY,GIRL GUIDES (BROWNIES),UNIFORMED GROUPS,
XINMIN PRIMARY SCHOOL,PRIMARY,GUZHENG ENSEMBLE,VISUAL AND PERFORMING ARTS,
XINMIN PRIMARY SCHOOL,PRIMARY,INFOCOMM TECHNOLOGY (COMPUTING),CLUBS AND SOCIETIES,
XINMIN PRIMARY SCHOOL,PRIMARY,MODERN DANCE,VISUAL AND PERFORMING ARTS,
XINMIN PRIMARY SCHOOL,PRIMARY,MODULAR CCA (SPORTS),PHYSICAL SPORTS,
XINMIN PRIMARY SCHOOL,PRIMARY,RED CROSS YOUTH,UNIFORMED GROUPS,
XINMIN PRIMARY SCHOOL,PRIMARY,SCOUTS,UNIFORMED GROUPS,
XINMIN PRIMARY SCHOOL,PRIMARY,STUDENT LEADERSHIP (PREFECT),OTHERS,
XINMIN PRIMARY SCHOOL,PRIMARY,VOLLEYBALL,PHYSICAL SPORTS,
XINMIN SECONDARY SCHOOL,SECONDARY (S1-S5),ART AND CRAFTS,CLUBS AND SOCIETIES,
XINMIN SECONDARY SCHOOL,SECONDARY (S1-S5),BADMINTON,PHYSICAL SPORTS,
XINMIN SECONDARY SCHOOL,SECONDARY (S1-S5),BOYS' BRIGADE,UNIFORMED GROUPS,
XINMIN SECONDARY SCHOOL,SECONDARY (S1-S5),CHINESE DANCE,VISUAL AND PERFORMING ARTS,
XINMIN SECONDARY SCHOOL,SECONDARY (S1-S5),"CHINESE LANGUAGE, DRAMA AND DEBATING",CLUBS AND SOCIETIES,
XINMIN SECONDARY SCHOOL,SECONDARY (S1-S5),CHOIR,VISUAL AND PERFORMING ARTS,
XINMIN SECONDARY SCHOOL,SECONDARY (S1-S5),CONCERT BAND,VISUAL AND PERFORMING ARTS,
XINMIN SECONDARY SCHOOL,SECONDARY (S1-S5),CROSS COUNTRY,PHYSICAL SPORTS,
XINMIN SECONDARY SCHOOL,SECONDARY (S1-S5),DEBATING AND PUBLIC SPEAKING,CLUBS AND SOCIETIES,
XINMIN SECONDARY SCHOOL,SECONDARY (S1-S5),ENGLISH DRAMA,VISUAL AND PERFORMING ARTS,
XINMIN SECONDARY SCHOOL,SECONDARY (S1-S5),FLOORBALL,PHYSICAL SPORTS,
XINMIN SECONDARY SCHOOL,SECONDARY (S1-S5),GIRLS' BRIGADE,UNIFORMED GROUPS,
XINMIN SECONDARY SCHOOL,SECONDARY (S1-S5),GUZHENG ENSEMBLE,VISUAL AND PERFORMING ARTS,
XINMIN SECONDARY SCHOOL,SECONDARY (S1-S5),INFOCOMM TECHNOLOGY (MEDIA PRODUCTION),CLUBS AND SOCIETIES,
XINMIN SECONDARY SCHOOL,SECONDARY (S1-S5),"MALAY LANGUAGE, DRAMA AND DEBATING",CLUBS AND SOCIETIES,
XINMIN SECONDARY SCHOOL,SECONDARY (S1-S5),NATIONAL CADET CORPS (LAND),UNIFORMED GROUPS,
XINMIN SECONDARY SCHOOL,SECONDARY (S1-S5),NATIONAL POLICE CADET CORPS,UNIFORMED GROUPS,
XINMIN SECONDARY SCHOOL,SECONDARY (S1-S5),OUTDOOR ADVENTURE,PHYSICAL SPORTS,
XINMIN SECONDARY SCHOOL,SECONDARY (S1-S5),ROCKWALL CLIMBING,PHYSICAL SPORTS,
XINMIN SECONDARY SCHOOL,SECONDARY (S1-S5),SHOOTING,PHYSICAL SPORTS,
XINMIN SECONDARY SCHOOL,SECONDARY (S1-S5),SINGAPORE YOUTH FLYING CLUB,CLUBS AND SOCIETIES,
XINMIN SECONDARY SCHOOL,SECONDARY (S1-S5),ST JOHN BRIGADE,UNIFORMED GROUPS,
XINMIN SECONDARY SCHOOL,SECONDARY (S1-S5),STUDENTS' COUNCIL,CLUBS AND SOCIETIES,
XINMIN SECONDARY SCHOOL,SECONDARY (S1-S5),VOLLEYBALL,PHYSICAL SPORTS,
XISHAN PRIMARY SCHOOL,PRIMARY,ART AND CRAFTS,CLUBS AND SOCIETIES,
XISHAN PRIMARY SCHOOL,PRIMARY,CHINESE DANCE,VISUAL AND PERFORMING ARTS,
XISHAN PRIMARY SCHOOL,PRIMARY,CHOIR,VISUAL AND PERFORMING ARTS,
XISHAN PRIMARY SCHOOL,PRIMARY,ENGLISH DRAMA,VISUAL AND PERFORMING ARTS,
XISHAN PRIMARY SCHOOL,PRIMARY,ENVIRONMENTAL SCIENCE,CLUBS AND SOCIETIES,
XISHAN PRIMARY SCHOOL,PRIMARY,FLOORBALL,PHYSICAL SPORTS,
XISHAN PRIMARY SCHOOL,PRIMARY,GUZHENG ENSEMBLE,VISUAL AND PERFORMING ARTS,
XISHAN PRIMARY SCHOOL,PRIMARY,HOCKEY,PHYSICAL SPORTS,
XISHAN PRIMARY SCHOOL,PRIMARY,INDIAN DANCE,VISUAL AND PERFORMING ARTS,
XISHAN PRIMARY SCHOOL,PRIMARY,INFOCOMM TECHNOLOGY (MEDIA PRODUCTION),CLUBS AND SOCIETIES,
XISHAN PRIMARY SCHOOL,PRIMARY,MALAY DANCE,VISUAL AND PERFORMING ARTS,
XISHAN PRIMARY SCHOOL,PRIMARY,MODULAR CCA (SPORTS),PHYSICAL SPORTS,SPORTS CLUB
XISHAN PRIMARY SCHOOL,PRIMARY,RED CROSS YOUTH,UNIFORMED GROUPS,
XISHAN PRIMARY SCHOOL,PRIMARY,SCOUTS,UNIFORMED GROUPS,
XISHAN PRIMARY SCHOOL,PRIMARY,STRATEGY GAMES,CLUBS AND SOCIETIES,
XISHAN PRIMARY SCHOOL,PRIMARY,STRING ENSEMBLE,VISUAL AND PERFORMING ARTS,
YANGZHENG PRIMARY SCHOOL,PRIMARY,ART AND CRAFTS,CLUBS AND SOCIETIES,
YANGZHENG PRIMARY SCHOOL,PRIMARY,BADMINTON,PHYSICAL SPORTS,
YANGZHENG PRIMARY SCHOOL,PRIMARY,BASKETBALL,PHYSICAL SPORTS,
YANGZHENG PRIMARY SCHOOL,PRIMARY,CHINESE DANCE,VISUAL AND PERFORMING ARTS,
YANGZHENG PRIMARY SCHOOL,PRIMARY,CONCERT BAND,VISUAL AND PERFORMING ARTS,
YANGZHENG PRIMARY SCHOOL,PRIMARY,DIGITAL MEDIA,CLUBS AND SOCIETIES,
YANGZHENG PRIMARY SCHOOL,PRIMARY,ENVIRONMENTAL SCIENCE,CLUBS AND SOCIETIES,GREEN CLUB
YANGZHENG PRIMARY SCHOOL,PRIMARY,FOOTBALL,PHYSICAL SPORTS,
YANGZHENG PRIMARY SCHOOL,PRIMARY,GIRL GUIDES (BROWNIES),UNIFORMED GROUPS,
YANGZHENG PRIMARY SCHOOL,PRIMARY,GUZHENG ENSEMBLE,VISUAL AND PERFORMING ARTS,
YANGZHENG PRIMARY SCHOOL,PRIMARY,MODERN DANCE,VISUAL AND PERFORMING ARTS,
YANGZHENG PRIMARY SCHOOL,PRIMARY,SCOUTS,UNIFORMED GROUPS,CUB SCOUTS
YANGZHENG PRIMARY SCHOOL,PRIMARY,WUSHU,PHYSICAL SPORTS,
YEW TEE PRIMARY SCHOOL,PRIMARY,ART AND CRAFTS,CLUBS AND SOCIETIES,
YEW TEE PRIMARY SCHOOL,PRIMARY,BADMINTON,PHYSICAL SPORTS,
YEW TEE PRIMARY SCHOOL,PRIMARY,BOYS' BRIGADE,UNIFORMED GROUPS,
YEW TEE PRIMARY SCHOOL,PRIMARY,CHOIR,VISUAL AND PERFORMING ARTS,
YEW TEE PRIMARY SCHOOL,PRIMARY,ENVIRONMENTAL SCIENCE,CLUBS AND SOCIETIES,
YEW TEE PRIMARY SCHOOL,PRIMARY,FLOORBALL,PHYSICAL SPORTS,
YEW TEE PRIMARY SCHOOL,PRIMARY,FOOTBALL,PHYSICAL SPORTS,
YEW TEE PRIMARY SCHOOL,PRIMARY,INFOCOMM TECHNOLOGY (MEDIA PRODUCTION),CLUBS AND SOCIETIES,
YEW TEE PRIMARY SCHOOL,PRIMARY,MEDIA RESOURCE LIBRARY,CLUBS AND SOCIETIES,Language Club
YEW TEE PRIMARY SCHOOL,PRIMARY,MODERN DANCE,VISUAL AND PERFORMING ARTS,
YEW TEE PRIMARY SCHOOL,PRIMARY,MODULAR CCA (C&S),CLUBS AND SOCIETIES,
YEW TEE PRIMARY SCHOOL,PRIMARY,ROBOTICS,CLUBS AND SOCIETIES,
YEW TEE PRIMARY SCHOOL,PRIMARY,ROCKWALL CLIMBING,PHYSICAL SPORTS,
YEW TEE PRIMARY SCHOOL,PRIMARY,STRATEGY GAMES,CLUBS AND SOCIETIES,
YEW TEE PRIMARY SCHOOL,PRIMARY,WUSHU,PHYSICAL SPORTS,
YIO CHU KANG PRIMARY SCHOOL,PRIMARY,ANGKLUNG/KULINTANG ENSEMBLE,VISUAL AND PERFORMING ARTS,
YIO CHU KANG PRIMARY SCHOOL,PRIMARY,ART AND CRAFTS,CLUBS AND SOCIETIES,
YIO CHU KANG PRIMARY SCHOOL,PRIMARY,BASKETBALL,PHYSICAL SPORTS,
YIO CHU KANG PRIMARY SCHOOL,PRIMARY,CHINESE DANCE,VISUAL AND PERFORMING ARTS,
YIO CHU KANG PRIMARY SCHOOL,PRIMARY,CHOIR,VISUAL AND PERFORMING ARTS,
YIO CHU KANG PRIMARY SCHOOL,PRIMARY,FOOTBALL,PHYSICAL SPORTS,
YIO CHU KANG PRIMARY SCHOOL,PRIMARY,GIRL GUIDES (BROWNIES),UNIFORMED GROUPS,
YIO CHU KANG PRIMARY SCHOOL,PRIMARY,HANDBELL ENSEMBLE,VISUAL AND PERFORMING ARTS,
YIO CHU KANG PRIMARY SCHOOL,PRIMARY,INDIAN DANCE,VISUAL AND PERFORMING ARTS,
YIO CHU KANG PRIMARY SCHOOL,PRIMARY,INFOCOMM TECHNOLOGY (COMPUTING),CLUBS AND SOCIETIES,
YIO CHU KANG PRIMARY SCHOOL,PRIMARY,MALAY DANCE,VISUAL AND PERFORMING ARTS,
YIO CHU KANG PRIMARY SCHOOL,PRIMARY,MODULAR CCA (VPA),VISUAL AND PERFORMING ARTS,
YIO CHU KANG PRIMARY SCHOOL,PRIMARY,SCOUTS,UNIFORMED GROUPS,
YIO CHU KANG PRIMARY SCHOOL,PRIMARY,STUDENT LEADERSHIP (PREFECT),OTHERS,
YIO CHU KANG PRIMARY SCHOOL,PRIMARY,TRACK AND FIELD,PHYSICAL SPORTS,
YIO CHU KANG PRIMARY SCHOOL,PRIMARY,VOLLEYBALL,PHYSICAL SPORTS,
YIO CHU KANG SECONDARY SCHOOL,SECONDARY (S1-S5),BADMINTON,PHYSICAL SPORTS,
YIO CHU KANG SECONDARY SCHOOL,SECONDARY (S1-S5),BASKETBALL,PHYSICAL SPORTS,
YIO CHU KANG SECONDARY SCHOOL,SECONDARY (S1-S5),CHINESE DANCE,VISUAL AND PERFORMING ARTS,
YIO CHU KANG SECONDARY SCHOOL,SECONDARY (S1-S5),CHOIR,VISUAL AND PERFORMING ARTS,
YIO CHU KANG SECONDARY SCHOOL,SECONDARY (S1-S5),CONCERT BAND,VISUAL AND PERFORMING ARTS,
YIO CHU KANG SECONDARY SCHOOL,SECONDARY (S1-S5),ENGLISH DRAMA,VISUAL AND PERFORMING ARTS,
YIO CHU KANG SECONDARY SCHOOL,SECONDARY (S1-S5),FLOORBALL,PHYSICAL SPORTS,
YIO CHU KANG SECONDARY SCHOOL,SECONDARY (S1-S5),INDIAN DANCE,VISUAL AND PERFORMING ARTS,
YIO CHU KANG SECONDARY SCHOOL,SECONDARY (S1-S5),INFOCOMM TECHNOLOGY (COMPUTING),CLUBS AND SOCIETIES,DIGITAL ANIMATION CLUB
YIO CHU KANG SECONDARY SCHOOL,SECONDARY (S1-S5),INFOCOMM TECHNOLOGY (MEDIA PRODUCTION),CLUBS AND SOCIETIES,MEDIA CLUB
YIO CHU KANG SECONDARY SCHOOL,SECONDARY (S1-S5),MALAY DANCE,VISUAL AND PERFORMING ARTS,
YIO CHU KANG SECONDARY SCHOOL,SECONDARY (S1-S5),NATIONAL POLICE CADET CORPS,UNIFORMED GROUPS,
YIO CHU KANG SECONDARY SCHOOL,SECONDARY (S1-S5),NETBALL,PHYSICAL SPORTS,
YIO CHU KANG SECONDARY SCHOOL,SECONDARY (S1-S5),RED CROSS YOUTH,UNIFORMED GROUPS,
YIO CHU KANG SECONDARY SCHOOL,SECONDARY (S1-S5),ROBOTICS,CLUBS AND SOCIETIES,"MECHATRONICS, AERONAUTICS & ROBOTICS CLUB"
YISHUN INNOVA JUNIOR COLLEGE,JUNIOR COLLEGE,ART AND CRAFTS,CLUBS AND SOCIETIES,ART CLUB
YISHUN INNOVA JUNIOR COLLEGE,JUNIOR COLLEGE,BADMINTON,PHYSICAL SPORTS,
YISHUN INNOVA JUNIOR COLLEGE,JUNIOR COLLEGE,BASKETBALL,PHYSICAL SPORTS,
YISHUN INNOVA JUNIOR COLLEGE,JUNIOR COLLEGE,CHINESE ORCHESTRA,VISUAL AND PERFORMING ARTS,CHINESE ORCHESTRA
YISHUN INNOVA JUNIOR COLLEGE,JUNIOR COLLEGE,CHOIR,VISUAL AND PERFORMING ARTS,CHORALE
YISHUN INNOVA JUNIOR COLLEGE,JUNIOR COLLEGE,COMMUNITY SERVICE (ROTARY-SPONSORED),CLUBS AND SOCIETIES,INTERACT CLUB
YISHUN INNOVA JUNIOR COLLEGE,JUNIOR COLLEGE,CONCERT BAND,VISUAL AND PERFORMING ARTS,SYMPHONIC BAND
YISHUN INNOVA JUNIOR COLLEGE,JUNIOR COLLEGE,ENGLISH DRAMA,VISUAL AND PERFORMING ARTS,
YISHUN INNOVA JUNIOR COLLEGE,JUNIOR COLLEGE,"ENGLISH LANGUAGE, DRAMA AND DEBATING",CLUBS AND SOCIETIES,ENGLISH DEBATE SOCIETY
YISHUN INNOVA JUNIOR COLLEGE,JUNIOR COLLEGE,FLOORBALL,PHYSICAL SPORTS,
YISHUN INNOVA JUNIOR COLLEGE,JUNIOR COLLEGE,FOOTBALL,PHYSICAL SPORTS,
YISHUN INNOVA JUNIOR COLLEGE,JUNIOR COLLEGE,FRISBEE,PHYSICAL SPORTS,ULTIMATE FRISBEE
YISHUN INNOVA JUNIOR COLLEGE,JUNIOR COLLEGE,INFOCOMM TECHNOLOGY (COMPUTING),CLUBS AND SOCIETIES,MAKERS' ACADEMY
YISHUN INNOVA JUNIOR COLLEGE,JUNIOR COLLEGE,MODERN DANCE,VISUAL AND PERFORMING ARTS,DANCE
YISHUN INNOVA JUNIOR COLLEGE,JUNIOR COLLEGE,MODULAR CCA (C&S),CLUBS AND SOCIETIES,TALENT DEVELOPMENT
YISHUN INNOVA JUNIOR COLLEGE,JUNIOR COLLEGE,MODULAR CCA (SPORTS),PHYSICAL SPORTS,MODULAR SPORTS
YISHUN INNOVA JUNIOR COLLEGE,JUNIOR COLLEGE,NETBALL,PHYSICAL SPORTS,
YISHUN INNOVA JUNIOR COLLEGE,JUNIOR COLLEGE,OUTDOOR ADVENTURE,PHYSICAL SPORTS,OUTDOOR ADVENTURE CLUB
YISHUN INNOVA JUNIOR COLLEGE,JUNIOR COLLEGE,POP AND JAZZ,VISUAL AND PERFORMING ARTS,MUSICIANS' CLUB
YISHUN INNOVA JUNIOR COLLEGE,JUNIOR COLLEGE,STRATEGY GAMES,CLUBS AND SOCIETIES,STRATEGY CLUB
YISHUN INNOVA JUNIOR COLLEGE,JUNIOR COLLEGE,STUDENT LEADERSHIP (COUNCIL),OTHERS,
YISHUN INNOVA JUNIOR COLLEGE,JUNIOR COLLEGE,STUDENT LEADERSHIP (PEER SUPPORT),OTHERS,CLASS LEADERS COUNCIL
YISHUN INNOVA JUNIOR COLLEGE,JUNIOR COLLEGE,TENNIS,PHYSICAL SPORTS,
YISHUN INNOVA JUNIOR COLLEGE,JUNIOR COLLEGE,TRACK AND FIELD,PHYSICAL SPORTS,
YISHUN INNOVA JUNIOR COLLEGE,JUNIOR COLLEGE,VOLLEYBALL,PHYSICAL SPORTS,
YISHUN PRIMARY SCHOOL,PRIMARY,ART AND CRAFTS,CLUBS AND SOCIETIES,
YISHUN PRIMARY SCHOOL,PRIMARY,BASKETBALL,PHYSICAL SPORTS,
YISHUN PRIMARY SCHOOL,PRIMARY,CHINESE DANCE,VISUAL AND PERFORMING ARTS,
YISHUN PRIMARY SCHOOL,PRIMARY,CONCERT BAND,VISUAL AND PERFORMING ARTS,
YISHUN PRIMARY SCHOOL,PRIMARY,"ENGLISH LANGUAGE, DRAMA AND DEBATING",CLUBS AND SOCIETIES,
YISHUN PRIMARY SCHOOL,PRIMARY,ENVIRONMENTAL SCIENCE,CLUBS AND SOCIETIES,
YISHUN PRIMARY SCHOOL,PRIMARY,FLOORBALL,PHYSICAL SPORTS,FLOORBALL
YISHUN PRIMARY SCHOOL,PRIMARY,FOOTBALL,PHYSICAL SPORTS,
YISHUN PRIMARY SCHOOL,PRIMARY,INDIAN DANCE,VISUAL AND PERFORMING ARTS,
YISHUN PRIMARY SCHOOL,PRIMARY,INFOCOMM TECHNOLOGY (COMPUTING),CLUBS AND SOCIETIES,
YISHUN PRIMARY SCHOOL,PRIMARY,INTERNATIONAL CHESS,CLUBS AND SOCIETIES,
YISHUN PRIMARY SCHOOL,PRIMARY,MALAY DANCE,VISUAL AND PERFORMING ARTS,
YISHUN PRIMARY SCHOOL,PRIMARY,MODERN DANCE,VISUAL AND PERFORMING ARTS,
YISHUN PRIMARY SCHOOL,PRIMARY,SCOUTS,UNIFORMED GROUPS,
YISHUN PRIMARY SCHOOL,PRIMARY,STUDENT LEADERSHIP (PREFECT),OTHERS,
YISHUN SECONDARY SCHOOL,SECONDARY (S1-S5),BADMINTON,PHYSICAL SPORTS,
YISHUN SECONDARY SCHOOL,SECONDARY (S1-S5),BASKETBALL,PHYSICAL SPORTS,
YISHUN SECONDARY SCHOOL,SECONDARY (S1-S5),BOYS' BRIGADE,UNIFORMED GROUPS,
YISHUN SECONDARY SCHOOL,SECONDARY (S1-S5),CHOIR,VISUAL AND PERFORMING ARTS,
YISHUN SECONDARY SCHOOL,SECONDARY (S1-S5),CONCERT BAND,VISUAL AND PERFORMING ARTS,
YISHUN SECONDARY SCHOOL,SECONDARY (S1-S5),CROSS COUNTRY,PHYSICAL SPORTS,
YISHUN SECONDARY SCHOOL,SECONDARY (S1-S5),ENGLISH DRAMA,VISUAL AND PERFORMING ARTS,D'LITE (ENGLISH DRAMA)
YISHUN SECONDARY SCHOOL,SECONDARY (S1-S5),FOOTBALL,PHYSICAL SPORTS,
YISHUN SECONDARY SCHOOL,SECONDARY (S1-S5),GIRL GUIDES,UNIFORMED GROUPS,
YISHUN SECONDARY SCHOOL,SECONDARY (S1-S5),GUZHENG ENSEMBLE,VISUAL AND PERFORMING ARTS,
YISHUN SECONDARY SCHOOL,SECONDARY (S1-S5),INDIAN DANCE,VISUAL AND PERFORMING ARTS,
YISHUN SECONDARY SCHOOL,SECONDARY (S1-S5),INFOCOMM TECHNOLOGY (MEDIA PRODUCTION),CLUBS AND SOCIETIES,
YISHUN SECONDARY SCHOOL,SECONDARY (S1-S5),MALAY DANCE,VISUAL AND PERFORMING ARTS,
YISHUN SECONDARY SCHOOL,SECONDARY (S1-S5),MODERN DANCE,VISUAL AND PERFORMING ARTS,
YISHUN SECONDARY SCHOOL,SECONDARY (S1-S5),MODULAR CCA (C&S),CLUBS AND SOCIETIES,YE@H
YISHUN SECONDARY SCHOOL,SECONDARY (S1-S5),NATIONAL CADET CORPS (LAND),UNIFORMED GROUPS,
YISHUN SECONDARY SCHOOL,SECONDARY (S1-S5),NATIONAL CIVIL DEFENCE CADET CORPS,UNIFORMED GROUPS,
YISHUN SECONDARY SCHOOL,SECONDARY (S1-S5),NATIONAL POLICE CADET CORPS,UNIFORMED GROUPS,
YISHUN SECONDARY SCHOOL,SECONDARY (S1-S5),NETBALL,PHYSICAL SPORTS,
YISHUN SECONDARY SCHOOL,SECONDARY (S1-S5),ROBOTICS,CLUBS AND SOCIETIES,
YISHUN SECONDARY SCHOOL,SECONDARY (S1-S5),STUDENT LEADERSHIP (PREFECT),OTHERS,
YISHUN SECONDARY SCHOOL,SECONDARY (S1-S5),VOLLEYBALL,PHYSICAL SPORTS,
YISHUN SECONDARY SCHOOL,SECONDARY (S1-S5),WUSHU,PHYSICAL SPORTS,
YISHUN TOWN SECONDARY SCHOOL,SECONDARY (S1-S5),ART AND CRAFTS,CLUBS AND SOCIETIES,
YISHUN TOWN SECONDARY SCHOOL,SECONDARY (S1-S5),BASKETBALL,PHYSICAL SPORTS,
YISHUN TOWN SECONDARY SCHOOL,SECONDARY (S1-S5),BOWLING,PHYSICAL SPORTS,
YISHUN TOWN SECONDARY SCHOOL,SECONDARY (S1-S5),BOYS' BRIGADE,UNIFORMED GROUPS,
YISHUN TOWN SECONDARY SCHOOL,SECONDARY (S1-S5),CHINESE DANCE,VISUAL AND PERFORMING ARTS,
YISHUN TOWN SECONDARY SCHOOL,SECONDARY (S1-S5),CHOIR,VISUAL AND PERFORMING ARTS,
YISHUN TOWN SECONDARY SCHOOL,SECONDARY (S1-S5),CONCERT BAND,VISUAL AND PERFORMING ARTS,
YISHUN TOWN SECONDARY SCHOOL,SECONDARY (S1-S5),ENGLISH DRAMA,VISUAL AND PERFORMING ARTS,
YISHUN TOWN SECONDARY SCHOOL,SECONDARY (S1-S5),ENVIRONMENTAL SCIENCE,CLUBS AND SOCIETIES,
YISHUN TOWN SECONDARY SCHOOL,SECONDARY (S1-S5),FOOTBALL,PHYSICAL SPORTS,
YISHUN TOWN SECONDARY SCHOOL,SECONDARY (S1-S5),GIRL GUIDES,UNIFORMED GROUPS,
YISHUN TOWN SECONDARY SCHOOL,SECONDARY (S1-S5),INFOCOMM TECHNOLOGY (COMPUTING),CLUBS AND SOCIETIES,
YISHUN TOWN SECONDARY SCHOOL,SECONDARY (S1-S5),INTERNATIONAL CHESS,CLUBS AND SOCIETIES,
YISHUN TOWN SECONDARY SCHOOL,SECONDARY (S1-S5),NATIONAL CIVIL DEFENCE CADET CORPS,UNIFORMED GROUPS,
YISHUN TOWN SECONDARY SCHOOL,SECONDARY (S1-S5),NATIONAL POLICE CADET CORPS,UNIFORMED GROUPS,
YISHUN TOWN SECONDARY SCHOOL,SECONDARY (S1-S5),PHOTOGRAPHY,CLUBS AND SOCIETIES,
YISHUN TOWN SECONDARY SCHOOL,SECONDARY (S1-S5),SHOOTING,PHYSICAL SPORTS,
YISHUN TOWN SECONDARY SCHOOL,SECONDARY (S1-S5),SINGAPORE YOUTH FLYING CLUB,CLUBS AND SOCIETIES,
YISHUN TOWN SECONDARY SCHOOL,SECONDARY (S1-S5),SP-CCA (ATHLETICS),PHYSICAL SPORTS,
YISHUN TOWN SECONDARY SCHOOL,SECONDARY (S1-S5),SWIMMING,PHYSICAL SPORTS,
YISHUN TOWN SECONDARY SCHOOL,SECONDARY (S1-S5),TABLE TENNIS,PHYSICAL SPORTS,
YISHUN TOWN SECONDARY SCHOOL,SECONDARY (S1-S5),VOLLEYBALL,PHYSICAL SPORTS,
YISHUN TOWN SECONDARY SCHOOL,SECONDARY (S1-S5),WUSHU,PHYSICAL SPORTS,
YU NENG PRIMARY SCHOOL,PRIMARY,ART AND CRAFTS,CLUBS AND SOCIETIES,
YU NENG PRIMARY SCHOOL,PRIMARY,BADMINTON,PHYSICAL SPORTS,
YU NENG PRIMARY SCHOOL,PRIMARY,BROADCASTING,CLUBS AND SOCIETIES,
YU NENG PRIMARY SCHOOL,PRIMARY,CHINESE ORCHESTRA,VISUAL AND PERFORMING ARTS,
YU NENG PRIMARY SCHOOL,PRIMARY,CHOIR,VISUAL AND PERFORMING ARTS,
YU NENG PRIMARY SCHOOL,PRIMARY,FLOORBALL,PHYSICAL SPORTS,
YU NENG PRIMARY SCHOOL,PRIMARY,INFOCOMM TECHNOLOGY (COMPUTING),CLUBS AND SOCIETIES,
YU NENG PRIMARY SCHOOL,PRIMARY,MALAY DANCE,VISUAL AND PERFORMING ARTS,
YU NENG PRIMARY SCHOOL,PRIMARY,MATHEMATICS,CLUBS AND SOCIETIES,
YU NENG PRIMARY SCHOOL,PRIMARY,MODERN DANCE,VISUAL AND PERFORMING ARTS,
YU NENG PRIMARY SCHOOL,PRIMARY,PHYSICAL SCIENCE,CLUBS AND SOCIETIES,
YU NENG PRIMARY SCHOOL,PRIMARY,SCOUTS,UNIFORMED GROUPS,
YU NENG PRIMARY SCHOOL,PRIMARY,STUDENT LEADERSHIP (HOUSE),OTHERS,
YU NENG PRIMARY SCHOOL,PRIMARY,STUDENT LEADERSHIP (PREFECT),OTHERS,
YU NENG PRIMARY SCHOOL,PRIMARY,TABLE TENNIS,PHYSICAL SPORTS,
YU NENG PRIMARY SCHOOL,PRIMARY,VOLLEYBALL,PHYSICAL SPORTS,
YUAN CHING SECONDARY SCHOOL,SECONDARY (S1-S5),ART AND CRAFTS,CLUBS AND SOCIETIES,
YUAN CHING SECONDARY SCHOOL,SECONDARY (S1-S5),BASKETBALL,PHYSICAL SPORTS,
YUAN CHING SECONDARY SCHOOL,SECONDARY (S1-S5),CHINESE DANCE,VISUAL AND PERFORMING ARTS,
YUAN CHING SECONDARY SCHOOL,SECONDARY (S1-S5),CONCERT BAND,VISUAL AND PERFORMING ARTS,
YUAN CHING SECONDARY SCHOOL,SECONDARY (S1-S5),CROSS COUNTRY,PHYSICAL SPORTS,
YUAN CHING SECONDARY SCHOOL,SECONDARY (S1-S5),DRAGON BOAT,PHYSICAL SPORTS,
YUAN CHING SECONDARY SCHOOL,SECONDARY (S1-S5),ENGLISH DRAMA,VISUAL AND PERFORMING ARTS,
YUAN CHING SECONDARY SCHOOL,SECONDARY (S1-S5),ENVIRONMENTAL SCIENCE,CLUBS AND SOCIETIES,
YUAN CHING SECONDARY SCHOOL,SECONDARY (S1-S5),FOOTBALL,PHYSICAL SPORTS,
YUAN CHING SECONDARY SCHOOL,SECONDARY (S1-S5),GUZHENG ENSEMBLE,VISUAL AND PERFORMING ARTS,
YUAN CHING SECONDARY SCHOOL,SECONDARY (S1-S5),HEALTH AND FITNESS,PHYSICAL SPORTS,
YUAN CHING SECONDARY SCHOOL,SECONDARY (S1-S5),INDIAN DANCE,VISUAL AND PERFORMING ARTS,
YUAN CHING SECONDARY SCHOOL,SECONDARY (S1-S5),INFOCOMM TECHNOLOGY (MEDIA PRODUCTION),CLUBS AND SOCIETIES,
YUAN CHING SECONDARY SCHOOL,SECONDARY (S1-S5),LION AND DRAGON DANCE,CLUBS AND SOCIETIES,
YUAN CHING SECONDARY SCHOOL,SECONDARY (S1-S5),MALAY DANCE,VISUAL AND PERFORMING ARTS,
YUAN CHING SECONDARY SCHOOL,SECONDARY (S1-S5),MEDIA RESOURCE LIBRARY,CLUBS AND SOCIETIES,
YUAN CHING SECONDARY SCHOOL,SECONDARY (S1-S5),MODULAR CCA (SPORTS),PHYSICAL SPORTS,
YUAN CHING SECONDARY SCHOOL,SECONDARY (S1-S5),NATIONAL CIVIL DEFENCE CADET CORPS,UNIFORMED GROUPS,
YUAN CHING SECONDARY SCHOOL,SECONDARY (S1-S5),NATIONAL POLICE CADET CORPS,UNIFORMED GROUPS,
YUAN CHING SECONDARY SCHOOL,SECONDARY (S1-S5),NETBALL,PHYSICAL SPORTS,
YUAN CHING SECONDARY SCHOOL,SECONDARY (S1-S5),ROBOTICS,CLUBS AND SOCIETIES,
YUAN CHING SECONDARY SCHOOL,SECONDARY (S1-S5),SCOUTS,UNIFORMED GROUPS,
YUAN CHING SECONDARY SCHOOL,SECONDARY (S1-S5),SP-CCA (ATHLETICS),PHYSICAL SPORTS,
YUAN CHING SECONDARY SCHOOL,SECONDARY (S1-S5),SP-CCA (CANOEING),PHYSICAL SPORTS,
YUAN CHING SECONDARY SCHOOL,SECONDARY (S1-S5),SP-CCA (WATER POLO),PHYSICAL SPORTS,
YUAN CHING SECONDARY SCHOOL,SECONDARY (S1-S5),STUDENTS' COUNCIL,CLUBS AND SOCIETIES,
YUHUA PRIMARY SCHOOL,PRIMARY,ANGKLUNG/KULINTANG ENSEMBLE,VISUAL AND PERFORMING ARTS,
YUHUA PRIMARY SCHOOL,PRIMARY,ART AND CRAFTS,CLUBS AND SOCIETIES,
YUHUA PRIMARY SCHOOL,PRIMARY,BADMINTON,PHYSICAL SPORTS,
YUHUA PRIMARY SCHOOL,PRIMARY,BASKETBALL,PHYSICAL SPORTS,
YUHUA PRIMARY SCHOOL,PRIMARY,BRASS BAND,VISUAL AND PERFORMING ARTS,
YUHUA PRIMARY SCHOOL,PRIMARY,CHINESE DANCE,VISUAL AND PERFORMING ARTS,
YUHUA PRIMARY SCHOOL,PRIMARY,CHOIR,VISUAL AND PERFORMING ARTS,
YUHUA PRIMARY SCHOOL,PRIMARY,CULTURAL DANCE,VISUAL AND PERFORMING ARTS,
YUHUA PRIMARY SCHOOL,PRIMARY,DEBATING AND PUBLIC SPEAKING,CLUBS AND SOCIETIES,
YUHUA PRIMARY SCHOOL,PRIMARY,ENVIRONMENTAL SCIENCE,CLUBS AND SOCIETIES,
YUHUA PRIMARY SCHOOL,PRIMARY,FOOTBALL,PHYSICAL SPORTS,
YUHUA PRIMARY SCHOOL,PRIMARY,INDIAN DANCE,VISUAL AND PERFORMING ARTS,
YUHUA PRIMARY SCHOOL,PRIMARY,INFOCOMM TECHNOLOGY (MEDIA PRODUCTION),CLUBS AND SOCIETIES,
YUHUA PRIMARY SCHOOL,PRIMARY,MALAY DANCE,VISUAL AND PERFORMING ARTS,
YUHUA PRIMARY SCHOOL,PRIMARY,NETBALL,PHYSICAL SPORTS,
YUHUA PRIMARY SCHOOL,PRIMARY,SCOUTS,UNIFORMED GROUPS,
YUHUA PRIMARY SCHOOL,PRIMARY,SEPAKTAKRAW,PHYSICAL SPORTS,
YUHUA PRIMARY SCHOOL,PRIMARY,TRACK AND FIELD,PHYSICAL SPORTS,
YUHUA PRIMARY SCHOOL,PRIMARY,VOLLEYBALL,PHYSICAL SPORTS,
YUHUA SECONDARY SCHOOL,SECONDARY (S1-S5),BOYS' BRIGADE,UNIFORMED GROUPS,
YUHUA SECONDARY SCHOOL,SECONDARY (S1-S5),CANOEING,PHYSICAL SPORTS,
YUHUA SECONDARY SCHOOL,SECONDARY (S1-S5),CHOIR,VISUAL AND PERFORMING ARTS,
YUHUA SECONDARY SCHOOL,SECONDARY (S1-S5),CONCERT BAND,VISUAL AND PERFORMING ARTS,
YUHUA SECONDARY SCHOOL,SECONDARY (S1-S5),ENGLISH DRAMA,VISUAL AND PERFORMING ARTS,
YUHUA SECONDARY SCHOOL,SECONDARY (S1-S5),FLOORBALL,PHYSICAL SPORTS,
YUHUA SECONDARY SCHOOL,SECONDARY (S1-S5),FOOTBALL,PHYSICAL SPORTS,
YUHUA SECONDARY SCHOOL,SECONDARY (S1-S5),HARMONICA ENSEMBLE,VISUAL AND PERFORMING ARTS,
YUHUA SECONDARY SCHOOL,SECONDARY (S1-S5),INFOCOMM TECHNOLOGY (MEDIA PRODUCTION),CLUBS AND SOCIETIES,
YUHUA SECONDARY SCHOOL,SECONDARY (S1-S5),MEDIA RESOURCE LIBRARY,CLUBS AND SOCIETIES,
YUHUA SECONDARY SCHOOL,SECONDARY (S1-S5),MODERN DANCE,VISUAL AND PERFORMING ARTS,
YUHUA SECONDARY SCHOOL,SECONDARY (S1-S5),NATIONAL CADET CORPS (LAND),UNIFORMED GROUPS,
YUHUA SECONDARY SCHOOL,SECONDARY (S1-S5),NATIONAL CIVIL DEFENCE CADET CORPS,UNIFORMED GROUPS,
YUHUA SECONDARY SCHOOL,SECONDARY (S1-S5),NATIONAL POLICE CADET CORPS,UNIFORMED GROUPS,
YUHUA SECONDARY SCHOOL,SECONDARY (S1-S5),ROBOTICS,CLUBS AND SOCIETIES,TINKERING & ROBOTICS
YUHUA SECONDARY SCHOOL,SECONDARY (S1-S5),SP-CCA (ATHLETICS),PHYSICAL SPORTS,
YUHUA SECONDARY SCHOOL,SECONDARY (S1-S5),STUDENT LEADERSHIP (COUNCIL),OTHERS,
YUHUA SECONDARY SCHOOL,SECONDARY (S1-S5),STUDENT LEADERSHIP (PEER SUPPORT),OTHERS,
YUHUA SECONDARY SCHOOL,SECONDARY (S1-S5),TCHOUKBALL,PHYSICAL SPORTS,
YUHUA SECONDARY SCHOOL,SECONDARY (S1-S5),VOLLEYBALL,PHYSICAL SPORTS,
YUHUA SECONDARY SCHOOL,SECONDARY (S1-S5),WUSHU,PHYSICAL SPORTS,
YUMIN PRIMARY SCHOOL,PRIMARY,ART AND CRAFTS,CLUBS AND SOCIETIES,ART CLUB
YUMIN PRIMARY SCHOOL,PRIMARY,CHOIR,VISUAL AND PERFORMING ARTS,CHOIR
YUMIN PRIMARY SCHOOL,PRIMARY,ENVIRONMENTAL SCIENCE,CLUBS AND SOCIETIES,ENVIRONMENT CLUB
YUMIN PRIMARY SCHOOL,PRIMARY,FOOTBALL,PHYSICAL SPORTS,FOOTBALL
YUMIN PRIMARY SCHOOL,PRIMARY,GUZHENG ENSEMBLE,VISUAL AND PERFORMING ARTS,GUZHENG ENSEMBLE
YUMIN PRIMARY SCHOOL,PRIMARY,INFOCOMM TECHNOLOGY (MEDIA PRODUCTION),CLUBS AND SOCIETIES,INFOCOMM CLUB
YUMIN PRIMARY SCHOOL,PRIMARY,MODERN DANCE,VISUAL AND PERFORMING ARTS,CREATIVE DANCE AND MOVEMENT
YUMIN PRIMARY SCHOOL,PRIMARY,NETBALL,PHYSICAL SPORTS,
YUMIN PRIMARY SCHOOL,PRIMARY,RED CROSS YOUTH,UNIFORMED GROUPS,RED CROSS
YUMIN PRIMARY SCHOOL,PRIMARY,SCOUTS,UNIFORMED GROUPS,
YUMIN PRIMARY SCHOOL,PRIMARY,STRING ENSEMBLE,VISUAL AND PERFORMING ARTS,STRING ENSEMBLE
YUMIN PRIMARY SCHOOL,PRIMARY,VOLLEYBALL,PHYSICAL SPORTS,
YUSOF ISHAK SECONDARY SCHOOL,SECONDARY (S1-S5),ART AND CRAFTS,CLUBS AND SOCIETIES,ART CLUB
YUSOF ISHAK SECONDARY SCHOOL,SECONDARY (S1-S5),BADMINTON,PHYSICAL SPORTS,
YUSOF ISHAK SECONDARY SCHOOL,SECONDARY (S1-S5),BASKETBALL,PHYSICAL SPORTS,
YUSOF ISHAK SECONDARY SCHOOL,SECONDARY (S1-S5),BOYS' BRIGADE,UNIFORMED GROUPS,
YUSOF ISHAK SECONDARY SCHOOL,SECONDARY (S1-S5),CHINESE ORCHESTRA,VISUAL AND PERFORMING ARTS,
YUSOF ISHAK SECONDARY SCHOOL,SECONDARY (S1-S5),CHOIR,VISUAL AND PERFORMING ARTS,
YUSOF ISHAK SECONDARY SCHOOL,SECONDARY (S1-S5),CONCERT BAND,VISUAL AND PERFORMING ARTS,
YUSOF ISHAK SECONDARY SCHOOL,SECONDARY (S1-S5),ENGLISH DRAMA,VISUAL AND PERFORMING ARTS,
YUSOF ISHAK SECONDARY SCHOOL,SECONDARY (S1-S5),"ENGLISH LANGUAGE, DRAMA AND DEBATING",CLUBS AND SOCIETIES,ENGLISH LANGUAGE DRAMA
YUSOF ISHAK SECONDARY SCHOOL,SECONDARY (S1-S5),ENVIRONMENTAL SCIENCE,CLUBS AND SOCIETIES,STEM CLUB
YUSOF ISHAK SECONDARY SCHOOL,SECONDARY (S1-S5),FENCING,PHYSICAL SPORTS,
YUSOF ISHAK SECONDARY SCHOOL,SECONDARY (S1-S5),GIRLS' BRIGADE,UNIFORMED GROUPS,
YUSOF ISHAK SECONDARY SCHOOL,SECONDARY (S1-S5),INFOCOMM TECHNOLOGY (MEDIA PRODUCTION),CLUBS AND SOCIETIES,
YUSOF ISHAK SECONDARY SCHOOL,SECONDARY (S1-S5),MODERN DANCE,VISUAL AND PERFORMING ARTS,
YUSOF ISHAK SECONDARY SCHOOL,SECONDARY (S1-S5),NATIONAL CADET CORPS (LAND),UNIFORMED GROUPS,
YUSOF ISHAK SECONDARY SCHOOL,SECONDARY (S1-S5),NATIONAL POLICE CADET CORPS,UNIFORMED GROUPS,
YUSOF ISHAK SECONDARY SCHOOL,SECONDARY (S1-S5),ROBOTICS,CLUBS AND SOCIETIES,
YUSOF ISHAK SECONDARY SCHOOL,SECONDARY (S1-S5),SINGAPORE YOUTH FLYING CLUB,CLUBS AND SOCIETIES,
YUSOF ISHAK SECONDARY SCHOOL,SECONDARY (S1-S5),SOFTBALL,PHYSICAL SPORTS,
YUSOF ISHAK SECONDARY SCHOOL,SECONDARY (S1-S5),SP-CCA (ATHLETICS),PHYSICAL SPORTS,
YUSOF ISHAK SECONDARY SCHOOL,SECONDARY (S1-S5),STUDENT LEADERSHIP (COUNCIL),OTHERS,
YUSOF ISHAK SECONDARY SCHOOL,SECONDARY (S1-S5),STUDENT LEADERSHIP (HOUSE),OTHERS,
YUSOF ISHAK SECONDARY SCHOOL,SECONDARY (S1-S5),STUDENT LEADERSHIP (PEER SUPPORT),OTHERS,
YUSOF ISHAK SECONDARY SCHOOL,SECONDARY (S1-S5),TABLE TENNIS,PHYSICAL SPORTS,
YUSOF ISHAK SECONDARY SCHOOL,SECONDARY (S1-S5),WUSHU,PHYSICAL SPORTS,
YUYING SECONDARY SCHOOL,SECONDARY (S1-S5),BADMINTON,PHYSICAL SPORTS,
YUYING SECONDARY SCHOOL,SECONDARY (S1-S5),BASKETBALL,PHYSICAL SPORTS,
YUYING SECONDARY SCHOOL,SECONDARY (S1-S5),BOYS' BRIGADE,UNIFORMED GROUPS,
YUYING SECONDARY SCHOOL,SECONDARY (S1-S5),CANOEING,PHYSICAL SPORTS,SP-CCA CANOEING
YUYING SECONDARY SCHOOL,SECONDARY (S1-S5),CHINESE DANCE,VISUAL AND PERFORMING ARTS,
YUYING SECONDARY SCHOOL,SECONDARY (S1-S5),CHINESE DRUMS,VISUAL AND PERFORMING ARTS,
YUYING SECONDARY SCHOOL,SECONDARY (S1-S5),CONCERT BAND,VISUAL AND PERFORMING ARTS,
YUYING SECONDARY SCHOOL,SECONDARY (S1-S5),DESIGN AND INNOVATION,CLUBS AND SOCIETIES,
YUYING SECONDARY SCHOOL,SECONDARY (S1-S5),"ENGLISH LANGUAGE, DRAMA AND DEBATING",CLUBS AND SOCIETIES,DRAMA CLUB
YUYING SECONDARY SCHOOL,SECONDARY (S1-S5),ENVIRONMENTAL SCIENCE,CLUBS AND SOCIETIES,ECO-EAGLES
YUYING SECONDARY SCHOOL,SECONDARY (S1-S5),GIRLS' BRIGADE,UNIFORMED GROUPS,
YUYING SECONDARY SCHOOL,SECONDARY (S1-S5),GUITAR ENSEMBLE,VISUAL AND PERFORMING ARTS,
YUYING SECONDARY SCHOOL,SECONDARY (S1-S5),GUZHENG ENSEMBLE,VISUAL AND PERFORMING ARTS,
YUYING SECONDARY SCHOOL,SECONDARY (S1-S5),INFOCOMM TECHNOLOGY (MEDIA PRODUCTION),CLUBS AND SOCIETIES,INNOTECH CLUB
YUYING SECONDARY SCHOOL,SECONDARY (S1-S5),MALAY DANCE,VISUAL AND PERFORMING ARTS,
YUYING SECONDARY SCHOOL,SECONDARY (S1-S5),NATIONAL CADET CORPS (LAND),UNIFORMED GROUPS,
YUYING SECONDARY SCHOOL,SECONDARY (S1-S5),NATIONAL POLICE CADET CORPS,UNIFORMED GROUPS,
YUYING SECONDARY SCHOOL,SECONDARY (S1-S5),PHOTOGRAPHY,CLUBS AND SOCIETIES,
YUYING SECONDARY SCHOOL,SECONDARY (S1-S5),SEPAKTAKRAW,PHYSICAL SPORTS,
YUYING SECONDARY SCHOOL,SECONDARY (S1-S5),SINGAPORE YOUTH FLYING CLUB,CLUBS AND SOCIETIES,
YUYING SECONDARY SCHOOL,SECONDARY (S1-S5),ST JOHN BRIGADE,UNIFORMED GROUPS,
YUYING SECONDARY SCHOOL,SECONDARY (S1-S5),STUDENT LEADERSHIP (PREFECT),OTHERS,
YUYING SECONDARY SCHOOL,SECONDARY (S1-S5),TABLE TENNIS,PHYSICAL SPORTS,CLUSTER TABLE TENNIS
YUYING SECONDARY SCHOOL,SECONDARY (S1-S5),VOLLEYBALL,PHYSICAL SPORTS,
YUYING SECONDARY SCHOOL,SECONDARY (S1-S5),WUSHU,PHYSICAL SPORTS,
ZHANGDE PRIMARY SCHOOL,PRIMARY,BADMINTON,PHYSICAL SPORTS,
ZHANGDE PRIMARY SCHOOL,PRIMARY,BASKETBALL,PHYSICAL SPORTS,
ZHANGDE PRIMARY SCHOOL,PRIMARY,BOYS' BRIGADE,UNIFORMED GROUPS,
ZHANGDE PRIMARY SCHOOL,PRIMARY,CHOIR,VISUAL AND PERFORMING ARTS,
ZHANGDE PRIMARY SCHOOL,PRIMARY,CULTURAL DANCE,VISUAL AND PERFORMING ARTS,
ZHANGDE PRIMARY SCHOOL,PRIMARY,FLOORBALL,PHYSICAL SPORTS,
ZHANGDE PRIMARY SCHOOL,PRIMARY,FOOTBALL,PHYSICAL SPORTS,
ZHANGDE PRIMARY SCHOOL,PRIMARY,GIRLS' BRIGADE,UNIFORMED GROUPS,
ZHANGDE PRIMARY SCHOOL,PRIMARY,ROBOTICS,CLUBS AND SOCIETIES,
ZHANGDE PRIMARY SCHOOL,PRIMARY,ROPE SKIPPING,PHYSICAL SPORTS,
ZHANGDE PRIMARY SCHOOL,PRIMARY,TABLE TENNIS,PHYSICAL SPORTS,
ZHANGDE PRIMARY SCHOOL,PRIMARY,VOLLEYBALL,PHYSICAL SPORTS,
ZHANGDE PRIMARY SCHOOL,PRIMARY,WUSHU,PHYSICAL SPORTS,
ZHENGHUA PRIMARY SCHOOL,PRIMARY,ART AND CRAFTS,CLUBS AND SOCIETIES,
ZHENGHUA PRIMARY SCHOOL,PRIMARY,BASKETBALL,PHYSICAL SPORTS,
ZHENGHUA PRIMARY SCHOOL,PRIMARY,BRASS BAND,VISUAL AND PERFORMING ARTS,
ZHENGHUA PRIMARY SCHOOL,PRIMARY,CHINESE DANCE,VISUAL AND PERFORMING ARTS,
ZHENGHUA PRIMARY SCHOOL,PRIMARY,CHOIR,VISUAL AND PERFORMING ARTS,
ZHENGHUA PRIMARY SCHOOL,PRIMARY,ENVIRONMENTAL SCIENCE,CLUBS AND SOCIETIES,GREENOVATION
ZHENGHUA PRIMARY SCHOOL,PRIMARY,FLOORBALL,PHYSICAL SPORTS,
ZHENGHUA PRIMARY SCHOOL,PRIMARY,FOOTBALL,PHYSICAL SPORTS,
ZHENGHUA PRIMARY SCHOOL,PRIMARY,GIRL GUIDES (BROWNIES),UNIFORMED GROUPS,
ZHENGHUA PRIMARY SCHOOL,PRIMARY,INDIAN DANCE,VISUAL AND PERFORMING ARTS,
ZHENGHUA PRIMARY SCHOOL,PRIMARY,MALAY DANCE,VISUAL AND PERFORMING ARTS,
ZHENGHUA PRIMARY SCHOOL,PRIMARY,RED CROSS YOUTH,UNIFORMED GROUPS,
ZHENGHUA PRIMARY SCHOOL,PRIMARY,ROBOTICS,CLUBS AND SOCIETIES,
ZHENGHUA PRIMARY SCHOOL,PRIMARY,RUGBY,PHYSICAL SPORTS,
ZHENGHUA PRIMARY SCHOOL,PRIMARY,TAP DANCE,VISUAL AND PERFORMING ARTS,
ZHENGHUA SECONDARY SCHOOL,SECONDARY (S1-S5),ART AND CRAFTS,CLUBS AND SOCIETIES,
ZHENGHUA SECONDARY SCHOOL,SECONDARY (S1-S5),AUDIO VISUAL AID,CLUBS AND SOCIETIES,
ZHENGHUA SECONDARY SCHOOL,SECONDARY (S1-S5),BASKETBALL,PHYSICAL SPORTS,
ZHENGHUA SECONDARY SCHOOL,SECONDARY (S1-S5),CHOIR,VISUAL AND PERFORMING ARTS,
ZHENGHUA SECONDARY SCHOOL,SECONDARY (S1-S5),CONCERT BAND,VISUAL AND PERFORMING ARTS,
ZHENGHUA SECONDARY SCHOOL,SECONDARY (S1-S5),ENGLISH DRAMA,VISUAL AND PERFORMING ARTS,
ZHENGHUA SECONDARY SCHOOL,SECONDARY (S1-S5),FOOTBALL,PHYSICAL SPORTS,
ZHENGHUA SECONDARY SCHOOL,SECONDARY (S1-S5),HANDBELL ENSEMBLE,VISUAL AND PERFORMING ARTS,
ZHENGHUA SECONDARY SCHOOL,SECONDARY (S1-S5),INFOCOMM TECHNOLOGY (MEDIA PRODUCTION),CLUBS AND SOCIETIES,
ZHENGHUA SECONDARY SCHOOL,SECONDARY (S1-S5),MALAY DANCE,VISUAL AND PERFORMING ARTS,
ZHENGHUA SECONDARY SCHOOL,SECONDARY (S1-S5),MEDIA RESOURCE LIBRARY,CLUBS AND SOCIETIES,
ZHENGHUA SECONDARY SCHOOL,SECONDARY (S1-S5),MODERN DANCE,VISUAL AND PERFORMING ARTS,
ZHENGHUA SECONDARY SCHOOL,SECONDARY (S1-S5),MODULAR CCA (SPORTS),PHYSICAL SPORTS,
ZHENGHUA SECONDARY SCHOOL,SECONDARY (S1-S5),NATIONAL CADET CORPS (AIR),UNIFORMED GROUPS,
ZHENGHUA SECONDARY SCHOOL,SECONDARY (S1-S5),NATIONAL POLICE CADET CORPS,UNIFORMED GROUPS,
ZHENGHUA SECONDARY SCHOOL,SECONDARY (S1-S5),NETBALL,PHYSICAL SPORTS,
ZHENGHUA SECONDARY SCHOOL,SECONDARY (S1-S5),OUTDOOR ADVENTURE,PHYSICAL SPORTS,
ZHENGHUA SECONDARY SCHOOL,SECONDARY (S1-S5),PERCUSSION ENSEMBLE,VISUAL AND PERFORMING ARTS,
ZHENGHUA SECONDARY SCHOOL,SECONDARY (S1-S5),RED CROSS YOUTH,UNIFORMED GROUPS,
ZHENGHUA SECONDARY SCHOOL,SECONDARY (S1-S5),SCOUTS,UNIFORMED GROUPS,
ZHENGHUA SECONDARY SCHOOL,SECONDARY (S1-S5),SP-CCA (ATHLETICS),PHYSICAL SPORTS,
ZHENGHUA SECONDARY SCHOOL,SECONDARY (S1-S5),SP-CCA (WATER POLO),PHYSICAL SPORTS,
ZHENGHUA SECONDARY SCHOOL,SECONDARY (S1-S5),STUDENT LEADERSHIP (COUNCIL),OTHERS,
ZHENGHUA SECONDARY SCHOOL,SECONDARY (S1-S5),VOLLEYBALL,PHYSICAL SPORTS,
ZHONGHUA PRIMARY SCHOOL,PRIMARY,ART AND CRAFTS,CLUBS AND SOCIETIES,
ZHONGHUA PRIMARY SCHOOL,PRIMARY,BADMINTON,PHYSICAL SPORTS,MODULAR-SPORTS
ZHONGHUA PRIMARY SCHOOL,PRIMARY,CHINESE DANCE,VISUAL AND PERFORMING ARTS,
ZHONGHUA PRIMARY SCHOOL,PRIMARY,CHOIR,VISUAL AND PERFORMING ARTS,
ZHONGHUA PRIMARY SCHOOL,PRIMARY,ENVIRONMENTAL SCIENCE,CLUBS AND SOCIETIES,
ZHONGHUA PRIMARY SCHOOL,PRIMARY,FOOTBALL,PHYSICAL SPORTS,
ZHONGHUA PRIMARY SCHOOL,PRIMARY,INDIAN DANCE,VISUAL AND PERFORMING ARTS,
ZHONGHUA PRIMARY SCHOOL,PRIMARY,INFOCOMM TECHNOLOGY (COMPUTING),CLUBS AND SOCIETIES,
ZHONGHUA PRIMARY SCHOOL,PRIMARY,MALAY DANCE,VISUAL AND PERFORMING ARTS,
ZHONGHUA PRIMARY SCHOOL,PRIMARY,SCOUTS,UNIFORMED GROUPS,
ZHONGHUA PRIMARY SCHOOL,PRIMARY,VOLLEYBALL,PHYSICAL SPORTS,
ZHONGHUA SECONDARY SCHOOL,SECONDARY (S1-S5),ART AND CRAFTS,CLUBS AND SOCIETIES,
ZHONGHUA SECONDARY SCHOOL,SECONDARY (S1-S5),BADMINTON,PHYSICAL SPORTS,
ZHONGHUA SECONDARY SCHOOL,SECONDARY (S1-S5),BASKETBALL,PHYSICAL SPORTS,
ZHONGHUA SECONDARY SCHOOL,SECONDARY (S1-S5),BOYS' BRIGADE,UNIFORMED GROUPS,
ZHONGHUA SECONDARY SCHOOL,SECONDARY (S1-S5),CHINESE CULTURE AND LANGUAGE,CLUBS AND SOCIETIES,
ZHONGHUA SECONDARY SCHOOL,SECONDARY (S1-S5),CHINESE DANCE,VISUAL AND PERFORMING ARTS,
ZHONGHUA SECONDARY SCHOOL,SECONDARY (S1-S5),CHINESE ORCHESTRA,VISUAL AND PERFORMING ARTS,
ZHONGHUA SECONDARY SCHOOL,SECONDARY (S1-S5),CHOIR,VISUAL AND PERFORMING ARTS,
ZHONGHUA SECONDARY SCHOOL,SECONDARY (S1-S5),CONCERT BAND,VISUAL AND PERFORMING ARTS,
ZHONGHUA SECONDARY SCHOOL,SECONDARY (S1-S5),"ENGLISH LANGUAGE, DRAMA AND DEBATING",CLUBS AND SOCIETIES,
ZHONGHUA SECONDARY SCHOOL,SECONDARY (S1-S5),GIRLS' BRIGADE,UNIFORMED GROUPS,
ZHONGHUA SECONDARY SCHOOL,SECONDARY (S1-S5),GUZHENG ENSEMBLE,VISUAL AND PERFORMING ARTS,
ZHONGHUA SECONDARY SCHOOL,SECONDARY (S1-S5),INFOCOMM TECHNOLOGY (MEDIA PRODUCTION),CLUBS AND SOCIETIES,
ZHONGHUA SECONDARY SCHOOL,SECONDARY (S1-S5),MEDIA RESOURCE LIBRARY,CLUBS AND SOCIETIES,
ZHONGHUA SECONDARY SCHOOL,SECONDARY (S1-S5),NATIONAL CADET CORPS (LAND),UNIFORMED GROUPS,
ZHONGHUA SECONDARY SCHOOL,SECONDARY (S1-S5),NATIONAL CIVIL DEFENCE CADET CORPS,UNIFORMED GROUPS,
ZHONGHUA SECONDARY SCHOOL,SECONDARY (S1-S5),NATIONAL POLICE CADET CORPS,UNIFORMED GROUPS,
ZHONGHUA SECONDARY SCHOOL,SECONDARY (S1-S5),SCOUTS,UNIFORMED GROUPS,
ZHONGHUA SECONDARY SCHOOL,SECONDARY (S1-S5),SINGAPORE NATIONAL YOUTH CHINESE ORCHESTRA,VISUAL AND PERFORMING ARTS,
ZHONGHUA SECONDARY SCHOOL,SECONDARY (S1-S5),SINGAPORE NATIONAL YOUTH ORCHESTRA,VISUAL AND PERFORMING ARTS,
ZHONGHUA SECONDARY SCHOOL,SECONDARY (S1-S5),SP-CCA (ATHLETICS),PHYSICAL SPORTS,
ZHONGHUA SECONDARY SCHOOL,SECONDARY (S1-S5),ST JOHN BRIGADE,UNIFORMED GROUPS,[SJB] NATIONAL CIVIL DEFENCE CADET CORPS
ZHONGHUA SECONDARY SCHOOL,SECONDARY (S1-S5),STUDENT LEADERSHIP (COUNCIL),OTHERS,
ZHONGHUA SECONDARY SCHOOL,SECONDARY (S1-S5),TABLE TENNIS,PHYSICAL SPORTS,
ZHONGHUA SECONDARY SCHOOL,SECONDARY (S1-S5),VOLLEYBALL,PHYSICAL SPORTS,
